[21:39:31] [main/INFO] (FabricLoader/GameProvider) Loading Minecraft 26.3-rc-1 with Fabric Loader 0.19.5
[21:39:31] [main/INFO] (FabricLoader/Mappings) Mappings not present!
[21:39:31] [main/DEBUG] (FabricLoader/GamePatch) Found game constructor: net.minecraft.client.main.Main -> net.minecraft.client.Minecraft
[21:39:31] [main/DEBUG] (FabricLoader/GamePatch) Patching game constructor <init>(Lnet/minecraft/client/main/GameConfig;)V
[21:39:31] [main/DEBUG] (FabricLoader/GamePatch) Run directory field is thought to be net/minecraft/client/Minecraft/gameDirectory
[21:39:31] [main/DEBUG] (FabricLoader/GamePatch) Applying brand name hook to net/minecraft/client/ClientBrandRetriever::getClientModName
[21:39:31] [main/DEBUG] (FabricLoader/GamePatch) Applying brand name hook to net/minecraft/server/MinecraftServer::getServerModName
[21:39:31] [main/DEBUG] (FabricLoader/GamePatch) Patched 3 classs
[21:39:31] [main/DEBUG] (FabricLoader/Discovery) Mod discovery time: 56,3 ms
[21:39:31] [main/DEBUG] (FabricLoader/Resolution) Mod resolution time: 115,2 ms
[21:39:31] [main/INFO] (FabricLoader) Loading 51 mods:
	- aspengrove 2.2.0
	- fabric-api 0.160.3+26.3
	- fabric-api-base 2.0.6+fcdff87fa3
	- fabric-api-lookup-api-v1 2.0.24+3434d6d9a3
	- fabric-biome-api-v1 20.0.9+74ed1ea5a3
	- fabric-block-api-v1 3.1.0+0ae6f911a3
	- fabric-block-getter-api-v2 2.0.9+3434d6d9a3
	- fabric-client-gametest-api-v1 6.0.7+4be74c3fa3
	- fabric-command-api-v2 3.1.2+fcdff87fa3
	- fabric-content-registries-v0 15.0.3+74ed1ea5a3
	- fabric-convention-tags-v2 4.10.2+5a4e5fc6a3
	- fabric-crash-report-info-v1 1.0.7+fcdff87fa3
	- fabric-creative-tab-api-v1 5.0.21+fcdff87fa3
	- fabric-data-attachment-api-v1 2.2.30+3434d6d9a3
	- fabric-data-generation-api-v1 27.2.1+6317c5a7a3
	- fabric-debug-api-v1 1.0.4+3434d6d9a3
	- fabric-dimensions-v1 5.1.19+47f74c98a3
	- fabric-entity-events-v1 6.0.4+3434d6d9a3
	- fabric-events-interaction-v0 5.3.6+3434d6d9a3
	- fabric-game-rule-api-v1 4.0.10+3434d6d9a3
	- fabric-gametest-api-v1 4.0.32+3434d6d9a3
	- fabric-item-api-v1 14.6.2+fcdff87fa3
	- fabric-key-mapping-api-v1 2.0.8+3434d6d9a3
	- fabric-lifecycle-events-v1 4.1.9+ffef5f67a3
	- fabric-loot-api-v3 4.0.6+895f85e2a3
	- fabric-menu-api-v1 2.0.26+3434d6d9a3
	- fabric-message-api-v1 7.0.10+3434d6d9a3
	- fabric-model-loading-api-v1 8.0.33+fcdff87fa3
	- fabric-networking-api-v1 6.3.8+fcdff87fa3
	- fabric-object-builder-api-v1 24.1.9+3434d6d9a3
	- fabric-particles-v1 5.0.24+3434d6d9a3
	- fabric-permission-api-v1 1.0.8+fcdff87fa3
	- fabric-recipe-api-v1 10.0.8+fcdff87fa3
	- fabric-registry-sync-v0 8.0.1+fcdff87fa3
	- fabric-renderer-api-v1 17.0.13+2ce735b8a3
	- fabric-renderer-indigo 9.1.20+fcdff87fa3
	- fabric-rendering-fluids-v1 6.0.6+3434d6d9a3
	- fabric-rendering-v1 27.0.13+fdb9bf40a3
	- fabric-resource-conditions-api-v1 6.1.5+3434d6d9a3
	- fabric-resource-loader-v0 3.3.26+4fc5413fa3
	- fabric-resource-loader-v1 3.0.4+fcdff87fa3
	- fabric-screen-api-v1 5.2.3+1087e13ea3
	- fabric-serialization-api-v1 2.0.7+74ed1ea5a3
	- fabric-sound-api-v1 2.0.7+3434d6d9a3
	- fabric-tag-api-v1 2.1.10+fcdff87fa3
	- fabric-transfer-api-v1 8.0.25+fcdff87fa3
	- fabric-transitive-access-wideners-v1 8.1.16+52268a0ea3
	- fabricloader 0.19.5
	- java 25
	- minecraft 26.3-rc.1
	- mixinextras 0.5.5
[21:39:31] [main/DEBUG] (FabricLoader/Knot) Adding C:\Users\1111\.gradle\caches\modules-2\files-2.1\net.fabricmc.fabric-api\fabric-data-generation-api-v1\27.2.1+6317c5a7a3\eb8fca6393ea850dd7e4980c9bfbc2fb4d38bb3b\fabric-data-generation-api-v1-27.2.1+6317c5a7a3.jar to classpath.
[21:39:31] [main/DEBUG] (FabricLoader/Knot) Adding C:\Users\1111\.gradle\caches\modules-2\files-2.1\net.fabricmc.fabric-api\fabric-block-getter-api-v2\2.0.9+3434d6d9a3\22f0176d7086bae64083f35f9b318dac6ef6583c\fabric-block-getter-api-v2-2.0.9+3434d6d9a3.jar to classpath.
[21:39:31] [main/DEBUG] (FabricLoader/Knot) Adding C:\Users\1111\.gradle\caches\modules-2\files-2.1\net.fabricmc.fabric-api\fabric-tag-api-v1\2.1.10+fcdff87fa3\7d397230e3fd53829e5704a25e7c137b47c64fc5\fabric-tag-api-v1-2.1.10+fcdff87fa3.jar to classpath.
[21:39:31] [main/DEBUG] (FabricLoader/Knot) Adding C:\Users\1111\.gradle\caches\modules-2\files-2.1\net.fabricmc.fabric-api\fabric-menu-api-v1\2.0.26+3434d6d9a3\bd7bcf082bfe23b4860b204bf413e69e56c36892\fabric-menu-api-v1-2.0.26+3434d6d9a3.jar to classpath.
[21:39:31] [main/DEBUG] (FabricLoader/Knot) Adding C:\Users\1111\.gradle\caches\modules-2\files-2.1\net.fabricmc.fabric-api\fabric-dimensions-v1\5.1.19+47f74c98a3\2b87cc886697ac1061365938df5960f8e168467b\fabric-dimensions-v1-5.1.19+47f74c98a3.jar to classpath.
[21:39:31] [main/DEBUG] (FabricLoader/Knot) Adding C:\Users\1111\.gradle\caches\modules-2\files-2.1\net.fabricmc.fabric-api\fabric-transitive-access-wideners-v1\8.1.16+52268a0ea3\e12fa3f6de7af534aad1e4ebcb248e69b93c1882\fabric-transitive-access-wideners-v1-8.1.16+52268a0ea3.jar to classpath.
[21:39:31] [main/DEBUG] (FabricLoader/Knot) Adding C:\Users\1111\.gradle\caches\modules-2\files-2.1\net.fabricmc.fabric-api\fabric-key-mapping-api-v1\2.0.8+3434d6d9a3\b80827a9f1ba119588c893758096c8070adc40cd\fabric-key-mapping-api-v1-2.0.8+3434d6d9a3.jar to classpath.
[21:39:31] [main/DEBUG] (FabricLoader/Knot) Adding C:\Users\1111\.gradle\caches\modules-2\files-2.1\net.fabricmc.fabric-api\fabric-game-rule-api-v1\4.0.10+3434d6d9a3\8e35efc9ad61ddf13d1e2b8e51d54d3e073dc99c\fabric-game-rule-api-v1-4.0.10+3434d6d9a3.jar to classpath.
[21:39:31] [main/DEBUG] (FabricLoader/Knot) Adding C:\Users\1111\.gradle\caches\modules-2\files-2.1\net.fabricmc.fabric-api\fabric-data-attachment-api-v1\2.2.30+3434d6d9a3\645707f36e4200e9d1e8950ac91af2168c14e571\fabric-data-attachment-api-v1-2.2.30+3434d6d9a3.jar to classpath.
[21:39:31] [main/DEBUG] (FabricLoader/Knot) Adding C:\Users\1111\.gradle\caches\modules-2\files-2.1\net.fabricmc.fabric-api\fabric-resource-loader-v0\3.3.26+4fc5413fa3\9c247b971823633639a4e43c9c2975595a604370\fabric-resource-loader-v0-3.3.26+4fc5413fa3.jar to classpath.
[21:39:31] [main/DEBUG] (FabricLoader/Knot) Adding C:\Users\1111\.gradle\caches\modules-2\files-2.1\net.fabricmc.fabric-api\fabric-debug-api-v1\1.0.4+3434d6d9a3\9b1e8dc70c363381dd3eeabdebab53aa3ffb4e3b\fabric-debug-api-v1-1.0.4+3434d6d9a3.jar to classpath.
[21:39:31] [main/DEBUG] (FabricLoader/Knot) Adding C:\Users\1111\.gradle\caches\modules-2\files-2.1\net.fabricmc.fabric-api\fabric-permission-api-v1\1.0.8+fcdff87fa3\41ada9219b0f46761a4375757f9058e033c4c003\fabric-permission-api-v1-1.0.8+fcdff87fa3.jar to classpath.
[21:39:31] [main/DEBUG] (FabricLoader/Knot) Adding C:\Users\1111\Downloads\test_mods\aspengrove-multi-26.3\fabric\build\resources\main to classpath.
[21:39:31] [main/DEBUG] (FabricLoader/Knot) Adding C:\Users\1111\.gradle\caches\modules-2\files-2.1\net.fabricmc.fabric-api\fabric-crash-report-info-v1\1.0.7+fcdff87fa3\6d5ade1ea440ce4f1309f23dc0deaea92b73754f\fabric-crash-report-info-v1-1.0.7+fcdff87fa3.jar to classpath.
[21:39:31] [main/DEBUG] (FabricLoader/Knot) Adding C:\Users\1111\.gradle\caches\modules-2\files-2.1\net.fabricmc.fabric-api\fabric-item-api-v1\14.6.2+fcdff87fa3\de2d2251faf59a427dc26540c38975519c8fc3b\fabric-item-api-v1-14.6.2+fcdff87fa3.jar to classpath.
[21:39:31] [main/DEBUG] (FabricLoader/Knot) Adding C:\Users\1111\.gradle\caches\modules-2\files-2.1\net.fabricmc.fabric-api\fabric-creative-tab-api-v1\5.0.21+fcdff87fa3\eb6cd0386087dbcf5a5950f0ee8a7b7dc8772d18\fabric-creative-tab-api-v1-5.0.21+fcdff87fa3.jar to classpath.
[21:39:31] [main/DEBUG] (FabricLoader/Knot) Adding C:\Users\1111\.gradle\caches\modules-2\files-2.1\net.fabricmc.fabric-api\fabric-recipe-api-v1\10.0.8+fcdff87fa3\103b5428bc4c00fbe8dd4c168ff901ba129055ee\fabric-recipe-api-v1-10.0.8+fcdff87fa3.jar to classpath.
[21:39:31] [main/DEBUG] (FabricLoader/Knot) Adding C:\Users\1111\.gradle\caches\modules-2\files-2.1\net.fabricmc.fabric-api\fabric-model-loading-api-v1\8.0.33+fcdff87fa3\3b6e7a4e2af11afcf18d14aff7f537b017862c93\fabric-model-loading-api-v1-8.0.33+fcdff87fa3.jar to classpath.
[21:39:31] [main/DEBUG] (FabricLoader/Knot) Adding C:\Users\1111\.gradle\caches\modules-2\files-2.1\io.github.llamalad7\mixinextras-fabric\0.5.5\d1055b99c0ab08a8403fe2da3d79ca28e6340a76\mixinextras-fabric-0.5.5.jar to classpath.
[21:39:31] [main/DEBUG] (FabricLoader/Knot) Adding C:\Users\1111\.gradle\caches\modules-2\files-2.1\net.fabricmc.fabric-api\fabric-object-builder-api-v1\24.1.9+3434d6d9a3\f3849d00192587526394c6183017cc37d03325e7\fabric-object-builder-api-v1-24.1.9+3434d6d9a3.jar to classpath.
[21:39:31] [main/DEBUG] (FabricLoader/Knot) Adding C:\Users\1111\.gradle\caches\modules-2\files-2.1\net.fabricmc.fabric-api\fabric-command-api-v2\3.1.2+fcdff87fa3\1b53c62ade26df0b0cf5cc3ef467aecb2e325d3f\fabric-command-api-v2-3.1.2+fcdff87fa3.jar to classpath.
[21:39:31] [main/DEBUG] (FabricLoader/Knot) Adding C:\Users\1111\.gradle\caches\modules-2\files-2.1\net.fabricmc.fabric-api\fabric-resource-loader-v1\3.0.4+fcdff87fa3\20919a2a6302944f4bf4fb1390e1788edf1ee933\fabric-resource-loader-v1-3.0.4+fcdff87fa3.jar to classpath.
[21:39:31] [main/DEBUG] (FabricLoader/Knot) Adding C:\Users\1111\.gradle\caches\modules-2\files-2.1\net.fabricmc.fabric-api\fabric-events-interaction-v0\5.3.6+3434d6d9a3\d6e25469e788fd10c5507d35832da13aa3a07c51\fabric-events-interaction-v0-5.3.6+3434d6d9a3.jar to classpath.
[21:39:31] [main/DEBUG] (FabricLoader/Knot) Adding C:\Users\1111\.gradle\caches\modules-2\files-2.1\net.fabricmc.fabric-api\fabric-lifecycle-events-v1\4.1.9+ffef5f67a3\9616d6f5f1292d058807310addfed3f30d254c01\fabric-lifecycle-events-v1-4.1.9+ffef5f67a3.jar to classpath.
[21:39:31] [main/DEBUG] (FabricLoader/Knot) Adding C:\Users\1111\.gradle\caches\modules-2\files-2.1\net.fabricmc.fabric-api\fabric-particles-v1\5.0.24+3434d6d9a3\2667d9717d6d82af856948a35d227c6b167763f6\fabric-particles-v1-5.0.24+3434d6d9a3.jar to classpath.
[21:39:31] [main/DEBUG] (FabricLoader/Knot) Adding C:\Users\1111\.gradle\caches\modules-2\files-2.1\net.fabricmc.fabric-api\fabric-client-gametest-api-v1\6.0.7+4be74c3fa3\b9857ede43b91bd3d4b3b07505323cf30ba4eea3\fabric-client-gametest-api-v1-6.0.7+4be74c3fa3.jar to classpath.
[21:39:31] [main/DEBUG] (FabricLoader/Knot) Adding C:\Users\1111\.gradle\caches\modules-2\files-2.1\net.fabricmc.fabric-api\fabric-transfer-api-v1\8.0.25+fcdff87fa3\e00523e490ab940899e319a35db3c7ee74c09082\fabric-transfer-api-v1-8.0.25+fcdff87fa3.jar to classpath.
[21:39:31] [main/DEBUG] (FabricLoader/Knot) Adding C:\Users\1111\.gradle\caches\modules-2\files-2.1\net.fabricmc.fabric-api\fabric-sound-api-v1\2.0.7+3434d6d9a3\6fcc08e04f5bc5c3091b49baddd7c48678189c71\fabric-sound-api-v1-2.0.7+3434d6d9a3.jar to classpath.
[21:39:31] [main/DEBUG] (FabricLoader/Knot) Adding C:\Users\1111\.gradle\caches\modules-2\files-2.1\net.fabricmc.fabric-api\fabric-registry-sync-v0\8.0.1+fcdff87fa3\c2f86583f984452bb872748aa4fe9c2568407efe\fabric-registry-sync-v0-8.0.1+fcdff87fa3.jar to classpath.
[21:39:31] [main/DEBUG] (FabricLoader/Knot) Adding C:\Users\1111\.gradle\caches\modules-2\files-2.1\net.fabricmc.fabric-api\fabric-renderer-indigo\9.1.20+fcdff87fa3\7bb4a5c69bfdb4675635b0496455a8b1790881cc\fabric-renderer-indigo-9.1.20+fcdff87fa3.jar to classpath.
[21:39:31] [main/DEBUG] (FabricLoader/Knot) Adding C:\Users\1111\.gradle\caches\modules-2\files-2.1\net.fabricmc.fabric-api\fabric-biome-api-v1\20.0.9+74ed1ea5a3\51dfa0905a9527d9c9253fa8aeb5d62b850720f3\fabric-biome-api-v1-20.0.9+74ed1ea5a3.jar to classpath.
[21:39:31] [main/DEBUG] (FabricLoader/Knot) Adding C:\Users\1111\.gradle\caches\modules-2\files-2.1\net.fabricmc.fabric-api\fabric-block-api-v1\3.1.0+0ae6f911a3\29562f94ba2e507abbe3871bb5f0f94fc838f888\fabric-block-api-v1-3.1.0+0ae6f911a3.jar to classpath.
[21:39:31] [main/DEBUG] (FabricLoader/Knot) Adding C:\Users\1111\.gradle\caches\modules-2\files-2.1\net.fabricmc.fabric-api\fabric-rendering-v1\27.0.13+fdb9bf40a3\6b9b84837fadc7fd36018c340471b952e033f9f9\fabric-rendering-v1-27.0.13+fdb9bf40a3.jar to classpath.
[21:39:31] [main/DEBUG] (FabricLoader/Knot) Adding C:\Users\1111\.gradle\caches\modules-2\files-2.1\net.fabricmc.fabric-api\fabric-api-lookup-api-v1\2.0.24+3434d6d9a3\afd25e52746d7f1c866fefb6652f89638e9f3c2f\fabric-api-lookup-api-v1-2.0.24+3434d6d9a3.jar to classpath.
[21:39:31] [main/DEBUG] (FabricLoader/Knot) Adding C:\Users\1111\.gradle\caches\modules-2\files-2.1\net.fabricmc.fabric-api\fabric-entity-events-v1\6.0.4+3434d6d9a3\c1bfafcf1ed4c0e7e5c699aff805f63e262a0d03\fabric-entity-events-v1-6.0.4+3434d6d9a3.jar to classpath.
[21:39:31] [main/DEBUG] (FabricLoader/Knot) Adding C:\Users\1111\.gradle\caches\modules-2\files-2.1\net.fabricmc.fabric-api\fabric-networking-api-v1\6.3.8+fcdff87fa3\733b142714b76b288b63806d29d748a3de36c771\fabric-networking-api-v1-6.3.8+fcdff87fa3.jar to classpath.
[21:39:31] [main/DEBUG] (FabricLoader/Knot) Adding C:\Users\1111\.gradle\caches\modules-2\files-2.1\net.fabricmc.fabric-api\fabric-loot-api-v3\4.0.6+895f85e2a3\7c7755b191d4e118fc847f7f21126967d6075de9\fabric-loot-api-v3-4.0.6+895f85e2a3.jar to classpath.
[21:39:31] [main/DEBUG] (FabricLoader/Knot) Adding C:\Users\1111\.gradle\caches\modules-2\files-2.1\net.fabricmc.fabric-api\fabric-resource-conditions-api-v1\6.1.5+3434d6d9a3\fe5426d33eee73a9dbbee278c87c570442d38178\fabric-resource-conditions-api-v1-6.1.5+3434d6d9a3.jar to classpath.
[21:39:31] [main/DEBUG] (FabricLoader/Knot) Adding C:\Users\1111\.gradle\caches\modules-2\files-2.1\net.fabricmc.fabric-api\fabric-renderer-api-v1\17.0.13+2ce735b8a3\837a6363f07250381c818e7b91289345e87f5b9e\fabric-renderer-api-v1-17.0.13+2ce735b8a3.jar to classpath.
[21:39:31] [main/DEBUG] (FabricLoader/Knot) Adding C:\Users\1111\.gradle\caches\modules-2\files-2.1\net.fabricmc.fabric-api\fabric-rendering-fluids-v1\6.0.6+3434d6d9a3\c9aa888f0f401d4443e21db1ec904846f3878cf3\fabric-rendering-fluids-v1-6.0.6+3434d6d9a3.jar to classpath.
[21:39:31] [main/DEBUG] (FabricLoader/Knot) Adding C:\Users\1111\.gradle\caches\modules-2\files-2.1\net.fabricmc.fabric-api\fabric-serialization-api-v1\2.0.7+74ed1ea5a3\adb01ba41ca2af77c1dc93f82cb6aba39ff178e1\fabric-serialization-api-v1-2.0.7+74ed1ea5a3.jar to classpath.
[21:39:31] [main/DEBUG] (FabricLoader/Knot) Adding C:\Users\1111\.gradle\caches\modules-2\files-2.1\net.fabricmc.fabric-api\fabric-api-base\2.0.6+fcdff87fa3\d329c1bcbc820edcd175420dbfe22f77fb5bd28f\fabric-api-base-2.0.6+fcdff87fa3.jar to classpath.
[21:39:31] [main/DEBUG] (FabricLoader/Knot) Adding C:\Users\1111\.gradle\caches\modules-2\files-2.1\net.fabricmc.fabric-api\fabric-gametest-api-v1\4.0.32+3434d6d9a3\d7609e1b60c681128c7c19746f99e36ab621f6f6\fabric-gametest-api-v1-4.0.32+3434d6d9a3.jar to classpath.
[21:39:31] [main/DEBUG] (FabricLoader/Knot) Adding C:\Users\1111\.gradle\caches\modules-2\files-2.1\net.fabricmc.fabric-api\fabric-content-registries-v0\15.0.3+74ed1ea5a3\94c36a21b521ce06f0e58bfc2c4dab433e018507\fabric-content-registries-v0-15.0.3+74ed1ea5a3.jar to classpath.
[21:39:31] [main/DEBUG] (FabricLoader/Knot) Adding C:\Users\1111\.gradle\caches\modules-2\files-2.1\net.fabricmc.fabric-api\fabric-screen-api-v1\5.2.3+1087e13ea3\59e776790a2c2f672a35a96e71d4063e743e4e53\fabric-screen-api-v1-5.2.3+1087e13ea3.jar to classpath.
[21:39:31] [main/DEBUG] (FabricLoader/Knot) Adding C:\Users\1111\.gradle\caches\modules-2\files-2.1\net.fabricmc.fabric-api\fabric-convention-tags-v2\4.10.2+5a4e5fc6a3\c3e1851646e259f59362c010977356c2d714ccc8\fabric-convention-tags-v2-4.10.2+5a4e5fc6a3.jar to classpath.
[21:39:31] [main/DEBUG] (FabricLoader/Knot) Adding C:\Users\1111\.gradle\caches\modules-2\files-2.1\net.fabricmc.fabric-api\fabric-api\0.160.3+26.3\8a8744b8bba955917bc33df055c9265528982899\fabric-api-0.160.3+26.3.jar to classpath.
[21:39:31] [main/DEBUG] (FabricLoader/Knot) Adding C:\Users\1111\.gradle\caches\modules-2\files-2.1\net.fabricmc.fabric-api\fabric-message-api-v1\7.0.10+3434d6d9a3\928d357ddb602ea58b3d3d900307ccdcaa3d9b90\fabric-message-api-v1-7.0.10+3434d6d9a3.jar to classpath.
[21:39:31] [main/DEBUG] (FabricLoader/Entrypoint) Registering new-style initializer net.fabricmc.fabric.impl.tag.TagInit for mod fabric-tag-api-v1 (key main)
[21:39:31] [main/DEBUG] (FabricLoader/Entrypoint) Registering new-style initializer net.fabricmc.fabric.impl.menu.client.ClientNetworking for mod fabric-menu-api-v1 (key client)
[21:39:31] [main/DEBUG] (FabricLoader/Entrypoint) Registering new-style initializer net.fabricmc.fabric.impl.menu.Networking for mod fabric-menu-api-v1 (key main)
[21:39:31] [main/DEBUG] (FabricLoader/Entrypoint) Registering new-style initializer net.fabricmc.fabric.impl.dimension.DimensionModificationImpl for mod fabric-dimensions-v1 (key main)
[21:39:31] [main/DEBUG] (FabricLoader/Entrypoint) Registering new-style initializer net.fabricmc.fabric.impl.attachment.client.AttachmentSyncClient for mod fabric-data-attachment-api-v1 (key client)
[21:39:31] [main/DEBUG] (FabricLoader/Entrypoint) Registering new-style initializer net.fabricmc.fabric.impl.attachment.AttachmentEntrypoint for mod fabric-data-attachment-api-v1 (key main)
[21:39:31] [main/DEBUG] (FabricLoader/Entrypoint) Registering new-style initializer net.fabricmc.fabric.impl.attachment.sync.AttachmentSync for mod fabric-data-attachment-api-v1 (key main)
[21:39:31] [main/DEBUG] (FabricLoader/Entrypoint) Registering new-style initializer starman.aspengrove.classes.client.AspenGroveClient for mod aspengrove (key client)
[21:39:31] [main/DEBUG] (FabricLoader/Entrypoint) Registering new-style initializer starman.aspengrove.AspenGrove for mod aspengrove (key main)
[21:39:31] [main/DEBUG] (FabricLoader/Entrypoint) Registering new-style initializer net.fabricmc.fabric.impl.recipe.ingredient.client.CustomIngredientSyncClient for mod fabric-recipe-api-v1 (key client)
[21:39:31] [main/DEBUG] (FabricLoader/Entrypoint) Registering new-style initializer net.fabricmc.fabric.impl.recipe.sync.client.RecipeSyncImplClient for mod fabric-recipe-api-v1 (key client)
[21:39:31] [main/DEBUG] (FabricLoader/Entrypoint) Registering new-style initializer net.fabricmc.fabric.impl.recipe.ingredient.CustomIngredientInit for mod fabric-recipe-api-v1 (key main)
[21:39:31] [main/DEBUG] (FabricLoader/Entrypoint) Registering new-style initializer net.fabricmc.fabric.impl.recipe.ingredient.CustomIngredientSync for mod fabric-recipe-api-v1 (key main)
[21:39:31] [main/DEBUG] (FabricLoader/Entrypoint) Registering new-style initializer net.fabricmc.fabric.impl.recipe.sync.RecipeSyncImpl for mod fabric-recipe-api-v1 (key main)
[21:39:31] [main/DEBUG] (FabricLoader/Entrypoint) Registering new-style initializer net.fabricmc.fabric.impl.client.model.loading.CustomUnbakedBlockStateModelInit for mod fabric-model-loading-api-v1 (key client)
[21:39:31] [main/DEBUG] (FabricLoader/Entrypoint) Registering new-style initializer net.fabricmc.fabric.impl.event.interaction.InteractionEventsRouter for mod fabric-events-interaction-v0 (key main)
[21:39:31] [main/DEBUG] (FabricLoader/Entrypoint) Registering new-style initializer net.fabricmc.fabric.impl.client.event.lifecycle.ClientLifecycleEventsImpl for mod fabric-lifecycle-events-v1 (key client)
[21:39:31] [main/DEBUG] (FabricLoader/Entrypoint) Registering new-style initializer net.fabricmc.fabric.impl.event.lifecycle.LifecycleEventsImpl for mod fabric-lifecycle-events-v1 (key main)
[21:39:31] [main/DEBUG] (FabricLoader/Entrypoint) Registering new-style initializer net.fabricmc.fabric.impl.client.particle.ExtendedBlockParticleOptionSyncClient for mod fabric-particles-v1 (key client)
[21:39:31] [main/DEBUG] (FabricLoader/Entrypoint) Registering new-style initializer net.fabricmc.fabric.impl.particle.ExtendedBlockParticleOptionSync for mod fabric-particles-v1 (key main)
[21:39:31] [main/DEBUG] (FabricLoader/Entrypoint) Registering new-style initializer net.fabricmc.fabric.impl.client.gametest.FabricClientGameTestImpl for mod fabric-client-gametest-api-v1 (key client)
[21:39:31] [main/DEBUG] (FabricLoader/Entrypoint) Registering new-style initializer net.fabricmc.fabric.impl.client.registry.sync.FabricRegistryClientInit for mod fabric-registry-sync-v0 (key client)
[21:39:31] [main/DEBUG] (FabricLoader/Entrypoint) Registering new-style initializer net.fabricmc.fabric.impl.registry.sync.FabricRegistryInit for mod fabric-registry-sync-v0 (key main)
[21:39:31] [main/DEBUG] (FabricLoader/Entrypoint) Registering new-style initializer net.fabricmc.fabric.impl.client.indigo.Indigo for mod fabric-renderer-indigo (key client)
[21:39:31] [main/DEBUG] (FabricLoader/Entrypoint) Registering new-style initializer net.fabricmc.fabric.impl.client.rendering.hud.HudStatusBarHeightRegistryImpl for mod fabric-rendering-v1 (key client)
[21:39:31] [main/DEBUG] (FabricLoader/Entrypoint) Registering new-style initializer net.fabricmc.fabric.impl.lookup.ApiLookupImpl for mod fabric-api-lookup-api-v1 (key main)
[21:39:31] [main/DEBUG] (FabricLoader/Entrypoint) Registering new-style initializer net.fabricmc.fabric.impl.networking.client.ClientNetworkingImpl::clientInit for mod fabric-networking-api-v1 (key client)
[21:39:31] [main/DEBUG] (FabricLoader/Entrypoint) Registering new-style initializer net.fabricmc.fabric.impl.networking.CommonPacketsImpl::init for mod fabric-networking-api-v1 (key main)
[21:39:31] [main/DEBUG] (FabricLoader/Entrypoint) Registering new-style initializer net.fabricmc.fabric.impl.networking.NetworkingImpl::init for mod fabric-networking-api-v1 (key main)
[21:39:31] [main/DEBUG] (FabricLoader/Entrypoint) Registering new-style initializer net.fabricmc.fabric.impl.resource.conditions.ResourceConditionsImpl for mod fabric-resource-conditions-api-v1 (key main)
[21:39:31] [main/DEBUG] (FabricLoader/Entrypoint) Registering new-style initializer net.fabricmc.fabric.impl.client.renderer.DebugOverlayClient for mod fabric-renderer-api-v1 (key client)
[21:39:31] [main/DEBUG] (FabricLoader/Entrypoint) Registering new-style initializer net.fabricmc.fabric.impl.gametest.FabricGameTestModInitializer for mod fabric-gametest-api-v1 (key main)
[21:39:31] [main/DEBUG] (FabricLoader/Entrypoint) Registering new-style initializer net.fabricmc.fabric.impl.tag.convention.v2.TranslationConventionLogWarnings for mod fabric-convention-tags-v2 (key main)
[21:39:32] [main/INFO] (FabricLoader/Mixin) SpongePowered MIXIN Subsystem Version=0.8.7 Source=file:/C:/Users/1111/.gradle/caches/modules-2/files-2.1/net.fabricmc/sponge-mixin/0.17.4+mixin.0.8.7/5f66cc9f59b8efaa942155a3d5a30599bf6640dd/sponge-mixin-0.17.4+mixin.0.8.7.jar Service=Knot/Fabric Env=CLIENT
[21:39:32] [main/DEBUG] (FabricLoader/Mixin) Initialising Mixin Platform Manager
[21:39:32] [main/DEBUG] (FabricLoader/Mixin) Adding mixin platform agents for container ContainerHandleURI(file:///C:/Users/1111/.gradle/caches/modules-2/files-2.1/net.fabricmc/fabric-loader/0.19.5/ff9e65cffca4a67f31523e1807fe0855940fcbfa/fabric-loader-0.19.5.jar)
[21:39:32] [main/DEBUG] (FabricLoader/Mixin) Instancing new MixinPlatformAgentDefault for ContainerHandleURI(file:///C:/Users/1111/.gradle/caches/modules-2/files-2.1/net.fabricmc/fabric-loader/0.19.5/ff9e65cffca4a67f31523e1807fe0855940fcbfa/fabric-loader-0.19.5.jar)
[21:39:32] [main/DEBUG] (FabricLoader/Mixin) MixinPlatformAgentDefault accepted container ContainerHandleURI(file:///C:/Users/1111/.gradle/caches/modules-2/files-2.1/net.fabricmc/fabric-loader/0.19.5/ff9e65cffca4a67f31523e1807fe0855940fcbfa/fabric-loader-0.19.5.jar)
[21:39:32] [main/DEBUG] (FabricLoader/Mixin) Instancing new MixinPlatformAgentDefault for ContainerHandleURI(file:///C:/Users/1111/.gradle/caches/modules-2/files-2.1/net.fabricmc/fabric-loader/0.19.5/ff9e65cffca4a67f31523e1807fe0855940fcbfa/fabric-loader-0.19.5.jar)
[21:39:32] [main/DEBUG] (FabricLoader/Mixin) MixinPlatformAgentDefault accepted container ContainerHandleURI(file:///C:/Users/1111/.gradle/caches/modules-2/files-2.1/net.fabricmc/fabric-loader/0.19.5/ff9e65cffca4a67f31523e1807fe0855940fcbfa/fabric-loader-0.19.5.jar)
[21:39:32] [main/DEBUG] (FabricLoader/Mixin) Processing prepare() for PlatformAgent[MixinPlatformAgentDefault:ContainerHandleURI(file:///C:/Users/1111/.gradle/caches/modules-2/files-2.1/net.fabricmc/fabric-loader/0.19.5/ff9e65cffca4a67f31523e1807fe0855940fcbfa/fabric-loader-0.19.5.jar)]
[21:39:32] [main/DEBUG] (FabricLoader/Mixin) Processing prepare() for PlatformAgent[MixinPlatformAgentDefault:ContainerHandleURI(file:///C:/Users/1111/.gradle/caches/modules-2/files-2.1/net.fabricmc/fabric-loader/0.19.5/ff9e65cffca4a67f31523e1807fe0855940fcbfa/fabric-loader-0.19.5.jar)]
[21:39:32] [main/DEBUG] (FabricLoader/Mixin) Compatibility level JAVA_25 specified by fabric-data-generation-api-v1.mixins.json is higher than the maximum level supported by this version of mixin (JAVA_13).
[21:39:32] [main/DEBUG] (FabricLoader/Mixin) Compatibility level set to JAVA_25
[21:39:32] [main/DEBUG] (FabricLoader/Mixin) Mixin config fabric-data-generation-api-v1.mixins.json does not specify "minVersion" or "requiredFeatures" property
[21:39:32] [main/DEBUG] (FabricLoader/Mixin) Mixin config fabric-data-generation-api-v1.client.mixins.json does not specify "minVersion" or "requiredFeatures" property
[21:39:32] [main/DEBUG] (FabricLoader/Mixin) Mixin config fabric-block-getter-api-v2.mixins.json does not specify "minVersion" or "requiredFeatures" property
[21:39:32] [main/DEBUG] (FabricLoader/Mixin) Mixin config fabric-block-getter-api-v2.client.mixins.json does not specify "minVersion" or "requiredFeatures" property
[21:39:32] [main/DEBUG] (FabricLoader/Mixin) Mixin config fabric-tag-api-v1.mixins.json does not specify "minVersion" or "requiredFeatures" property
[21:39:32] [main/DEBUG] (FabricLoader/Mixin) Mixin config fabric-menu-api-v1.mixins.json does not specify "minVersion" or "requiredFeatures" property
[21:39:32] [main/DEBUG] (FabricLoader/Mixin) Mixin config fabric-dimensions-v1.mixins.json does not specify "minVersion" or "requiredFeatures" property
[21:39:32] [main/DEBUG] (FabricLoader/Mixin) Mixin config fabric-key-mapping-api-v1.mixins.json does not specify "minVersion" or "requiredFeatures" property
[21:39:32] [main/DEBUG] (FabricLoader/Mixin) Mixin config fabric-game-rule-api-v1.mixins.json does not specify "minVersion" or "requiredFeatures" property
[21:39:32] [main/DEBUG] (FabricLoader/Mixin) Mixin config fabric-game-rule-api-v1.client.mixins.json does not specify "minVersion" or "requiredFeatures" property
[21:39:32] [main/DEBUG] (FabricLoader/Mixin) Mixin config fabric-data-attachment-api-v1.mixins.json does not specify "minVersion" or "requiredFeatures" property
[21:39:32] [main/DEBUG] (FabricLoader/Mixin) Mixin config fabric-data-attachment-api-v1.client.mixins.json does not specify "minVersion" or "requiredFeatures" property
[21:39:32] [main/DEBUG] (FabricLoader/Mixin) Mixin config fabric-debug-api-v1.mixins.json does not specify "minVersion" or "requiredFeatures" property
[21:39:32] [main/DEBUG] (FabricLoader/Mixin) Mixin config fabric-debug-api-v1.client.mixins.json does not specify "minVersion" or "requiredFeatures" property
[21:39:32] [main/DEBUG] (FabricLoader/Mixin) Mixin config fabric-permission-api-v1.mixins.json does not specify "minVersion" or "requiredFeatures" property
[21:39:32] [main/DEBUG] (FabricLoader/Mixin) Mixin config fabric-crash-report-info-v1.mixins.json does not specify "minVersion" or "requiredFeatures" property
[21:39:32] [main/DEBUG] (FabricLoader/Mixin) Mixin config fabric-item-api-v1.mixins.json does not specify "minVersion" or "requiredFeatures" property
[21:39:32] [main/DEBUG] (FabricLoader/Mixin) Mixin config fabric-item-api-v1.client.mixins.json does not specify "minVersion" or "requiredFeatures" property
[21:39:32] [main/DEBUG] (FabricLoader/Mixin) Mixin config fabric-creative-tab-api-v1.mixins.json does not specify "minVersion" or "requiredFeatures" property
[21:39:32] [main/DEBUG] (FabricLoader/Mixin) Mixin config fabric-creative-tab-api-v1.client.mixins.json does not specify "minVersion" or "requiredFeatures" property
[21:39:32] [main/DEBUG] (FabricLoader/Mixin) Mixin config fabric-recipe-api-v1.mixins.json does not specify "minVersion" or "requiredFeatures" property
[21:39:32] [main/DEBUG] (FabricLoader/Mixin) Mixin config fabric-recipe-api-v1.client.mixins.json does not specify "minVersion" or "requiredFeatures" property
[21:39:32] [main/DEBUG] (FabricLoader/Mixin) Mixin config fabric-model-loading-api-v1.mixins.json does not specify "minVersion" or "requiredFeatures" property
[21:39:32] [main/DEBUG] (FabricLoader/Mixin) Mixin config fabric-object-builder-v1.mixins.json does not specify "minVersion" or "requiredFeatures" property
[21:39:32] [main/DEBUG] (FabricLoader/Mixin) Mixin config fabric-object-builder-v1.client.mixins.json does not specify "minVersion" or "requiredFeatures" property
[21:39:32] [main/DEBUG] (FabricLoader/Mixin) Mixin config fabric-command-api-v2.mixins.json does not specify "minVersion" or "requiredFeatures" property
[21:39:32] [main/DEBUG] (FabricLoader/Mixin) Mixin config fabric-command-api-v2.client.mixins.json does not specify "minVersion" or "requiredFeatures" property
[21:39:32] [main/DEBUG] (FabricLoader/Mixin) Mixin config fabric-resource-loader-v1.mixins.json does not specify "minVersion" or "requiredFeatures" property
[21:39:32] [main/DEBUG] (FabricLoader/Mixin) Mixin config fabric-resource-loader-v1.client.mixins.json does not specify "minVersion" or "requiredFeatures" property
[21:39:32] [main/DEBUG] (FabricLoader/Mixin) Mixin config fabric-events-interaction-v0.mixins.json does not specify "minVersion" or "requiredFeatures" property
[21:39:32] [main/DEBUG] (FabricLoader/Mixin) Mixin config fabric-events-interaction-v0.client.mixins.json does not specify "minVersion" or "requiredFeatures" property
[21:39:32] [main/DEBUG] (FabricLoader/Mixin) Mixin config fabric-lifecycle-events-v1.mixins.json does not specify "minVersion" or "requiredFeatures" property
[21:39:32] [main/DEBUG] (FabricLoader/Mixin) Mixin config fabric-lifecycle-events-v1.client.mixins.json does not specify "minVersion" or "requiredFeatures" property
[21:39:32] [main/DEBUG] (FabricLoader/Mixin) Mixin config fabric-particles-v1.mixins.json does not specify "minVersion" or "requiredFeatures" property
[21:39:32] [main/DEBUG] (FabricLoader/Mixin) Mixin config fabric-particles-v1.client.mixins.json does not specify "minVersion" or "requiredFeatures" property
[21:39:32] [main/DEBUG] (FabricLoader/Mixin) Mixin config fabric-client-gametest-api-v1.mixins.json does not specify "minVersion" or "requiredFeatures" property
[21:39:32] [main/DEBUG] (FabricLoader/Mixin) Mixin config fabric-transfer-api-v1.mixins.json does not specify "minVersion" or "requiredFeatures" property
[21:39:32] [main/DEBUG] (FabricLoader/Mixin) Mixin config fabric-sound-api-v1.mixins.json does not specify "minVersion" or "requiredFeatures" property
[21:39:32] [main/DEBUG] (FabricLoader/Mixin) Mixin config fabric-registry-sync-v0.mixins.json does not specify "minVersion" or "requiredFeatures" property
[21:39:32] [main/DEBUG] (FabricLoader/Mixin) Mixin config fabric-registry-sync-v0.client.mixins.json does not specify "minVersion" or "requiredFeatures" property
[21:39:32] [main/DEBUG] (FabricLoader/Mixin) Mixin config fabric-renderer-indigo.mixins.json does not specify "minVersion" or "requiredFeatures" property
[21:39:32] [main/DEBUG] (FabricLoader/Mixin) Mixin config fabric-biome-api-v1.mixins.json does not specify "minVersion" or "requiredFeatures" property
[21:39:32] [main/DEBUG] (FabricLoader/Mixin) Mixin config fabric-block-api-v1.mixins.json does not specify "minVersion" or "requiredFeatures" property
[21:39:32] [main/DEBUG] (FabricLoader/Mixin) Mixin config fabric-rendering-v1.mixins.json does not specify "minVersion" or "requiredFeatures" property
[21:39:32] [main/DEBUG] (FabricLoader/Mixin) Mixin config fabric-api-lookup-api-v1.mixins.json does not specify "minVersion" or "requiredFeatures" property
[21:39:32] [main/DEBUG] (FabricLoader/Mixin) Mixin config fabric-entity-events-v1.mixins.json does not specify "minVersion" or "requiredFeatures" property
[21:39:32] [main/DEBUG] (FabricLoader/Mixin) Mixin config fabric-networking-api-v1.mixins.json does not specify "minVersion" or "requiredFeatures" property
[21:39:32] [main/DEBUG] (FabricLoader/Mixin) Mixin config fabric-networking-api-v1.client.mixins.json does not specify "minVersion" or "requiredFeatures" property
[21:39:32] [main/DEBUG] (FabricLoader/Mixin) Mixin config fabric-loot-api-v3.mixins.json does not specify "minVersion" or "requiredFeatures" property
[21:39:32] [main/DEBUG] (FabricLoader/Mixin) Mixin config fabric-resource-conditions-api-v1.mixins.json does not specify "minVersion" or "requiredFeatures" property
[21:39:32] [main/DEBUG] (FabricLoader/Mixin) Mixin config fabric-renderer-api-v1.mixins.json does not specify "minVersion" or "requiredFeatures" property
[21:39:32] [main/DEBUG] (FabricLoader/Mixin) Mixin config fabric-rendering-fluids-v1.mixins.json does not specify "minVersion" or "requiredFeatures" property
[21:39:32] [main/DEBUG] (FabricLoader/Mixin) Mixin config fabric-serialization-api-v1.mixins.json does not specify "minVersion" or "requiredFeatures" property
[21:39:32] [main/DEBUG] (FabricLoader/Mixin) Mixin config fabric-gametest-api-v1.mixins.json does not specify "minVersion" or "requiredFeatures" property
[21:39:32] [main/DEBUG] (FabricLoader/Mixin) Mixin config fabric-content-registries-v0.mixins.json does not specify "minVersion" or "requiredFeatures" property
[21:39:32] [main/DEBUG] (FabricLoader/Mixin) Mixin config fabric-content-registries-v0.client.mixins.json does not specify "minVersion" or "requiredFeatures" property
[21:39:32] [main/DEBUG] (FabricLoader/Mixin) Mixin config fabric-screen-api-v1.mixins.json does not specify "minVersion" or "requiredFeatures" property
[21:39:32] [main/DEBUG] (FabricLoader/Mixin) Mixin config fabric-convention-tags-api-v2.mixins.json does not specify "minVersion" or "requiredFeatures" property
[21:39:32] [main/DEBUG] (FabricLoader/Mixin) Mixin config fabric-message-api-v1.mixins.json does not specify "minVersion" or "requiredFeatures" property
[21:39:32] [main/DEBUG] (FabricLoader/Mixin) Mixin config fabric-message-api-v1.client.mixins.json does not specify "minVersion" or "requiredFeatures" property
[21:39:32] [main/DEBUG] (FabricLoader/Knot) Adding C:\Users\1111\Downloads\test_mods\aspengrove-multi-26.3\.gradle\loom-cache\minecraftMaven\net\minecraft\minecraft-merged-736a9f327c\26.3-rc-1\minecraft-merged-736a9f327c-26.3-rc-1.jar to classpath.
[21:39:32] [main/DEBUG] (FabricLoader/Knot) Adding C:\Users\1111\Downloads\test_mods\aspengrove-multi-26.3\fabric\build\classes\java\main to classpath.
[21:39:32] [main/DEBUG] (FabricLoader/Knot) Adding C:\Users\1111\Downloads\test_mods\aspengrove-multi-26.3\fabric\build\resources\main to classpath.
[21:39:32] [main/DEBUG] (FabricLoader/Knot) Adding C:\Users\1111\.gradle\caches\modules-2\files-2.1\net.fabricmc.fabric-api\fabric-api\0.160.3+26.3\8a8744b8bba955917bc33df055c9265528982899\fabric-api-0.160.3+26.3.jar to classpath.
[21:39:32] [main/DEBUG] (FabricLoader/Knot) Adding C:\Users\1111\.gradle\caches\modules-2\files-2.1\io.github.llamalad7\mixinextras-fabric\0.5.5\d1055b99c0ab08a8403fe2da3d79ca28e6340a76\mixinextras-fabric-0.5.5.jar to classpath.
[21:39:32] [main/DEBUG] (FabricLoader/Knot) Adding C:\Users\1111\.gradle\caches\modules-2\files-2.1\net.fabricmc\dev-launch-injector\0.2.1+build.8\da8bef7e6e2f952da707f282bdb46882a0fce5e3\dev-launch-injector-0.2.1+build.8.jar to classpath.
[21:39:32] [main/DEBUG] (FabricLoader/Knot) Adding C:\Users\1111\.gradle\caches\modules-2\files-2.1\at.yawk.lz4\lz4-java\1.10.1\f541d7f910fe3d76f38f799c507c48cc81b12ecb\lz4-java-1.10.1.jar to classpath.
[21:39:32] [main/DEBUG] (FabricLoader/Knot) Adding C:\Users\1111\.gradle\caches\modules-2\files-2.1\com.azure\azure-json\1.4.0\fcc1d354dbc3e0300e5276b1bf124d0247799cd8\azure-json-1.4.0.jar to classpath.
[21:39:32] [main/DEBUG] (FabricLoader/Knot) Adding C:\Users\1111\.gradle\caches\modules-2\files-2.1\com.github.oshi\oshi-core\6.9.0\3224870731860cfcd7744581a05b559e94291e7\oshi-core-6.9.0.jar to classpath.
[21:39:32] [main/DEBUG] (FabricLoader/Knot) Adding C:\Users\1111\.gradle\caches\modules-2\files-2.1\com.google.guava\failureaccess\1.0.3\aeaffd00d57023a2c947393ed251f0354f0985fc\failureaccess-1.0.3.jar to classpath.
[21:39:32] [main/DEBUG] (FabricLoader/Knot) Adding C:\Users\1111\.gradle\caches\modules-2\files-2.1\com.google.guava\guava\33.6.0-jre\c376b13067cc99a5774403530953f7b05a91e218\guava-33.6.0-jre.jar to classpath.
[21:39:32] [main/DEBUG] (FabricLoader/Knot) Adding C:\Users\1111\.gradle\caches\modules-2\files-2.1\com.ibm.icu\icu4j\78.3\6a851a53bb1f25689fc418dcc8935b0d93580adf\icu4j-78.3.jar to classpath.
[21:39:32] [main/DEBUG] (FabricLoader/Knot) Adding C:\Users\1111\.gradle\caches\modules-2\files-2.1\com.microsoft.azure\msal4j\1.24.1\c233f2d047b9755f7041adf21a858c680e4c9242\msal4j-1.24.1.jar to classpath.
[21:39:32] [main/DEBUG] (FabricLoader/Knot) Adding C:\Users\1111\.gradle\caches\modules-2\files-2.1\com.mojang\blocklist\1.0.10\5c685c5ffa94c4cd39496c7184c1d122e515ecef\blocklist-1.0.10.jar to classpath.
[21:39:32] [main/DEBUG] (FabricLoader/Knot) Adding C:\Users\1111\.gradle\caches\modules-2\files-2.1\com.mojang\brigadier\1.3.11\3373d1e7bf00c8b99bed1ea4efb8c47344e4a887\brigadier-1.3.11.jar to classpath.
[21:39:32] [main/DEBUG] (FabricLoader/Knot) Adding C:\Users\1111\.gradle\caches\modules-2\files-2.1\com.mojang\datafixerupper\10.0.21\b6b2ae770c02e0c1eb90f9985b151e9085a38d0b\datafixerupper-10.0.21.jar to classpath.
[21:39:32] [main/DEBUG] (FabricLoader/Knot) Adding C:\Users\1111\.gradle\caches\modules-2\files-2.1\com.mojang\jtracy\1.14.38\cc2ad81342001b4281c305a298d7f50332354058\jtracy-1.14.38.jar to classpath.
[21:39:32] [main/DEBUG] (FabricLoader/Knot) Adding C:\Users\1111\.gradle\caches\modules-2\files-2.1\com.mojang\jtracy\1.14.38\3e26b44141ba853b45f734f643a6a8ac8b8fc259\jtracy-1.14.38-natives-windows.jar to classpath.
[21:39:32] [main/DEBUG] (FabricLoader/Knot) Adding C:\Users\1111\.gradle\caches\modules-2\files-2.1\com.mojang\patchy\2.2.10\da05971b07cbb379d002cf7eaec6a2048211fefc\patchy-2.2.10.jar to classpath.
[21:39:32] [main/DEBUG] (FabricLoader/Knot) Adding C:\Users\1111\.gradle\caches\modules-2\files-2.1\com.mojang\text2speech\1.19.12\2e517a75c79d34d32de2b5d68422150836c2133e\text2speech-1.19.12.jar to classpath.
[21:39:32] [main/DEBUG] (FabricLoader/Knot) Adding C:\Users\1111\.gradle\caches\modules-2\files-2.1\commons-codec\commons-codec\1.22.0\6b3eb4beb7058c2a638f5f17bcb388649fd339dd\commons-codec-1.22.0.jar to classpath.
[21:39:32] [main/DEBUG] (FabricLoader/Knot) Adding C:\Users\1111\.gradle\caches\modules-2\files-2.1\commons-io\commons-io\2.20.0\36f3474daec2849c149e877614e7f979b2082cd2\commons-io-2.20.0.jar to classpath.
[21:39:32] [main/DEBUG] (FabricLoader/Knot) Adding C:\Users\1111\.gradle\caches\modules-2\files-2.1\io.netty\netty-buffer\4.2.16.Final\5397ef65dcb60670e0e0dba4854522873af3070\netty-buffer-4.2.16.Final.jar to classpath.
[21:39:32] [main/DEBUG] (FabricLoader/Knot) Adding C:\Users\1111\.gradle\caches\modules-2\files-2.1\io.netty\netty-codec-base\4.2.16.Final\1a01d45a9efc228c6d747525848b065e0656b5f\netty-codec-base-4.2.16.Final.jar to classpath.
[21:39:32] [main/DEBUG] (FabricLoader/Knot) Adding C:\Users\1111\.gradle\caches\modules-2\files-2.1\io.netty\netty-codec-compression\4.2.16.Final\bdbbcfcdbe217b95c14a04df4fc5d31213d5c27c\netty-codec-compression-4.2.16.Final.jar to classpath.
[21:39:32] [main/DEBUG] (FabricLoader/Knot) Adding C:\Users\1111\.gradle\caches\modules-2\files-2.1\io.netty\netty-codec-http\4.2.16.Final\b5e0715df90047ee5a0138c8f704f43c751009e4\netty-codec-http-4.2.16.Final.jar to classpath.
[21:39:32] [main/DEBUG] (FabricLoader/Knot) Adding C:\Users\1111\.gradle\caches\modules-2\files-2.1\io.netty\netty-common\4.2.16.Final\c2bc7fa5acfa2afc777e944d84f0aa65559cc81e\netty-common-4.2.16.Final.jar to classpath.
[21:39:32] [main/DEBUG] (FabricLoader/Knot) Adding C:\Users\1111\.gradle\caches\modules-2\files-2.1\io.netty\netty-handler\4.2.16.Final\cc82873ae4b6d14effe480740ad838de09add70d\netty-handler-4.2.16.Final.jar to classpath.
[21:39:32] [main/DEBUG] (FabricLoader/Knot) Adding C:\Users\1111\.gradle\caches\modules-2\files-2.1\io.netty\netty-resolver\4.2.16.Final\fcea6d64273b59ab9127b68c16ae98af34642139\netty-resolver-4.2.16.Final.jar to classpath.
[21:39:32] [main/DEBUG] (FabricLoader/Knot) Adding C:\Users\1111\.gradle\caches\modules-2\files-2.1\io.netty\netty-transport-classes-epoll\4.2.16.Final\cf90c7b892e284ba9f1545dce170168369b3b9d6\netty-transport-classes-epoll-4.2.16.Final.jar to classpath.
[21:39:32] [main/DEBUG] (FabricLoader/Knot) Adding C:\Users\1111\.gradle\caches\modules-2\files-2.1\io.netty\netty-transport-classes-kqueue\4.2.16.Final\fa2bcf8c71626510f6fae173f78182117b70f7a\netty-transport-classes-kqueue-4.2.16.Final.jar to classpath.
[21:39:32] [main/DEBUG] (FabricLoader/Knot) Adding C:\Users\1111\.gradle\caches\modules-2\files-2.1\io.netty\netty-transport-native-unix-common\4.2.16.Final\3cf32390f1b80af890ac44aa0698c2ff58c2a4d7\netty-transport-native-unix-common-4.2.16.Final.jar to classpath.
[21:39:32] [main/DEBUG] (FabricLoader/Knot) Adding C:\Users\1111\.gradle\caches\modules-2\files-2.1\io.netty\netty-transport\4.2.16.Final\ae87a3bec51d503475a19fbd718bf777f2fc06c6\netty-transport-4.2.16.Final.jar to classpath.
[21:39:32] [main/DEBUG] (FabricLoader/Knot) Adding C:\Users\1111\.gradle\caches\modules-2\files-2.1\it.unimi.dsi\fastutil\8.5.18\a6cff377eecc19c2037bf31568a6d7106b50ba1f\fastutil-8.5.18.jar to classpath.
[21:39:32] [main/DEBUG] (FabricLoader/Knot) Adding C:\Users\1111\.gradle\caches\modules-2\files-2.1\net.java.dev.jna\jna-platform\5.17.0\a4934c44d25a9d8c2ddf4203affd20330cb3426f\jna-platform-5.17.0.jar to classpath.
[21:39:32] [main/DEBUG] (FabricLoader/Knot) Adding C:\Users\1111\.gradle\caches\modules-2\files-2.1\net.java.dev.jna\jna\5.17.0\33d12735bef894440780fce64f9758d420c7bae2\jna-5.17.0.jar to classpath.
[21:39:32] [main/DEBUG] (FabricLoader/Knot) Adding C:\Users\1111\.gradle\caches\modules-2\files-2.1\net.sf.jopt-simple\jopt-simple\5.0.4\4fdac2fbe92dfad86aa6e9301736f6b4342a3f5c\jopt-simple-5.0.4.jar to classpath.
[21:39:32] [main/DEBUG] (FabricLoader/Knot) Adding C:\Users\1111\.gradle\caches\modules-2\files-2.1\org.apache.commons\commons-compress\1.28.0\e482f2c7a88dac3c497e96aa420b6a769f59c8d7\commons-compress-1.28.0.jar to classpath.
[21:39:32] [main/DEBUG] (FabricLoader/Knot) Adding C:\Users\1111\.gradle\caches\modules-2\files-2.1\org.apache.commons\commons-lang3\3.20.0\65897b3e5731220962e659e001904af3c3cbeba9\commons-lang3-3.20.0.jar to classpath.
[21:39:32] [main/DEBUG] (FabricLoader/Knot) Adding C:\Users\1111\.gradle\caches\modules-2\files-2.1\org.jcraft\jorbis\0.0.17\8872d22b293e8f5d7d56ff92be966e6dc28ebdc6\jorbis-0.0.17.jar to classpath.
[21:39:32] [main/DEBUG] (FabricLoader/Knot) Adding C:\Users\1111\.gradle\caches\modules-2\files-2.1\org.joml\joml\1.10.9\438e036486bad66b189bff385dd07dea4f74a146\joml-1.10.9.jar to classpath.
[21:39:32] [main/DEBUG] (FabricLoader/Knot) Adding C:\Users\1111\.gradle\caches\modules-2\files-2.1\org.jspecify\jspecify\1.0.0\7425a601c1c7ec76645a78d22b8c6a627edee507\jspecify-1.0.0.jar to classpath.
[21:39:32] [main/DEBUG] (FabricLoader/Knot) Adding C:\Users\1111\.gradle\caches\modules-2\files-2.1\org.lwjgl\lwjgl-freetype\3.4.3\d2b12961d44f92860fb1ab501f9c69b7a2975236\lwjgl-freetype-3.4.3.jar to classpath.
[21:39:32] [main/DEBUG] (FabricLoader/Knot) Adding C:\Users\1111\.gradle\caches\modules-2\files-2.1\org.lwjgl\lwjgl-freetype\3.4.3\c01f319d5eeebaa143feb143cc746687c88075a\lwjgl-freetype-3.4.3-natives-windows.jar to classpath.
[21:39:32] [main/DEBUG] (FabricLoader/Knot) Adding C:\Users\1111\.gradle\caches\modules-2\files-2.1\org.lwjgl\lwjgl-freetype\3.4.3\c611e83aea59f960d621c79c78de06745bc95a9e\lwjgl-freetype-3.4.3-natives-windows-arm64.jar to classpath.
[21:39:32] [main/DEBUG] (FabricLoader/Knot) Adding C:\Users\1111\.gradle\caches\modules-2\files-2.1\org.lwjgl\lwjgl-jemalloc\3.4.3\350f317eaf5295b1e53f6664ef5fdeeaaa7dcbf0\lwjgl-jemalloc-3.4.3.jar to classpath.
[21:39:32] [main/DEBUG] (FabricLoader/Knot) Adding C:\Users\1111\.gradle\caches\modules-2\files-2.1\org.lwjgl\lwjgl-jemalloc\3.4.3\d329f1d23bdb18e504f2f5900a93d24b2454bd05\lwjgl-jemalloc-3.4.3-natives-windows.jar to classpath.
[21:39:32] [main/DEBUG] (FabricLoader/Knot) Adding C:\Users\1111\.gradle\caches\modules-2\files-2.1\org.lwjgl\lwjgl-jemalloc\3.4.3\7362dcccaf4ee997e9af3e267d5beacb4771e93e\lwjgl-jemalloc-3.4.3-natives-windows-arm64.jar to classpath.
[21:39:32] [main/DEBUG] (FabricLoader/Knot) Adding C:\Users\1111\.gradle\caches\modules-2\files-2.1\org.lwjgl\lwjgl-openal\3.4.3\32b52cda5af6937a4e4bd321bdb83082025cb332\lwjgl-openal-3.4.3.jar to classpath.
[21:39:32] [main/DEBUG] (FabricLoader/Knot) Adding C:\Users\1111\.gradle\caches\modules-2\files-2.1\org.lwjgl\lwjgl-openal\3.4.3\97c14cc0c264d64e4200fc319d86f559f8a6931\lwjgl-openal-3.4.3-natives-windows.jar to classpath.
[21:39:32] [main/DEBUG] (FabricLoader/Knot) Adding C:\Users\1111\.gradle\caches\modules-2\files-2.1\org.lwjgl\lwjgl-openal\3.4.3\6198ef79d4c7a220fb65689b584e8e3a148c81b7\lwjgl-openal-3.4.3-natives-windows-arm64.jar to classpath.
[21:39:32] [main/DEBUG] (FabricLoader/Knot) Adding C:\Users\1111\.gradle\caches\modules-2\files-2.1\org.lwjgl\lwjgl-opengl\3.4.3\b81769ee48050f8c71e70839505f350bf9219d90\lwjgl-opengl-3.4.3.jar to classpath.
[21:39:32] [main/DEBUG] (FabricLoader/Knot) Adding C:\Users\1111\.gradle\caches\modules-2\files-2.1\org.lwjgl\lwjgl-opengl\3.4.3\8f46f873190aa1d89f0f59818afcf125bd88adde\lwjgl-opengl-3.4.3-natives-windows.jar to classpath.
[21:39:32] [main/DEBUG] (FabricLoader/Knot) Adding C:\Users\1111\.gradle\caches\modules-2\files-2.1\org.lwjgl\lwjgl-opengl\3.4.3\f49d3b795fb4ea9b33c2b8403411eab8620879a1\lwjgl-opengl-3.4.3-natives-windows-arm64.jar to classpath.
[21:39:32] [main/DEBUG] (FabricLoader/Knot) Adding C:\Users\1111\.gradle\caches\modules-2\files-2.1\org.lwjgl\lwjgl-sdl\3.4.3\c02146735d6ff70d070c73532b435e5c893a346b\lwjgl-sdl-3.4.3.jar to classpath.
[21:39:32] [main/DEBUG] (FabricLoader/Knot) Adding C:\Users\1111\.gradle\caches\modules-2\files-2.1\org.lwjgl\lwjgl-sdl\3.4.3\b91110fdb7a3c09feaac07ee06e0757a8ac33d03\lwjgl-sdl-3.4.3-natives-windows.jar to classpath.
[21:39:32] [main/DEBUG] (FabricLoader/Knot) Adding C:\Users\1111\.gradle\caches\modules-2\files-2.1\org.lwjgl\lwjgl-sdl\3.4.3\7ab134eaab451560b2248b89d2836214f4ce4f6b\lwjgl-sdl-3.4.3-natives-windows-arm64.jar to classpath.
[21:39:32] [main/DEBUG] (FabricLoader/Knot) Adding C:\Users\1111\.gradle\caches\modules-2\files-2.1\org.lwjgl\lwjgl-shaderc\3.4.3\ba9fbc8fc4d50b3e4b436cc958ddb4abdb05867c\lwjgl-shaderc-3.4.3.jar to classpath.
[21:39:32] [main/DEBUG] (FabricLoader/Knot) Adding C:\Users\1111\.gradle\caches\modules-2\files-2.1\org.lwjgl\lwjgl-shaderc\3.4.3\44266572b8b8b5bbb05e71f13471337ac0d62aba\lwjgl-shaderc-3.4.3-natives-windows.jar to classpath.
[21:39:32] [main/DEBUG] (FabricLoader/Knot) Adding C:\Users\1111\.gradle\caches\modules-2\files-2.1\org.lwjgl\lwjgl-shaderc\3.4.3\bb28dabb8b7d8bea1a35de1a2be6aeade0e565d2\lwjgl-shaderc-3.4.3-natives-windows-arm64.jar to classpath.
[21:39:32] [main/DEBUG] (FabricLoader/Knot) Adding C:\Users\1111\.gradle\caches\modules-2\files-2.1\org.lwjgl\lwjgl-spvc\3.4.3\98e5b5ef5159100b26a169a9aed6c24e820e3eaa\lwjgl-spvc-3.4.3.jar to classpath.
[21:39:32] [main/DEBUG] (FabricLoader/Knot) Adding C:\Users\1111\.gradle\caches\modules-2\files-2.1\org.lwjgl\lwjgl-spvc\3.4.3\996d1baf778567a6d8d6970a9eda5c4c18957386\lwjgl-spvc-3.4.3-natives-windows.jar to classpath.
[21:39:32] [main/DEBUG] (FabricLoader/Knot) Adding C:\Users\1111\.gradle\caches\modules-2\files-2.1\org.lwjgl\lwjgl-spvc\3.4.3\220ef902b26215f0f4718e4cdf9aa49005e33f93\lwjgl-spvc-3.4.3-natives-windows-arm64.jar to classpath.
[21:39:32] [main/DEBUG] (FabricLoader/Knot) Adding C:\Users\1111\.gradle\caches\modules-2\files-2.1\org.lwjgl\lwjgl-stb\3.4.3\cdce54785bd3758e44a81f345d6260774d921c78\lwjgl-stb-3.4.3.jar to classpath.
[21:39:32] [main/DEBUG] (FabricLoader/Knot) Adding C:\Users\1111\.gradle\caches\modules-2\files-2.1\org.lwjgl\lwjgl-stb\3.4.3\ada47b3ce6917bd113759f5caad20f2cca06d4c\lwjgl-stb-3.4.3-natives-windows.jar to classpath.
[21:39:32] [main/DEBUG] (FabricLoader/Knot) Adding C:\Users\1111\.gradle\caches\modules-2\files-2.1\org.lwjgl\lwjgl-stb\3.4.3\94ff1f4b128a8224fbef93d4b8b9b503c65b402\lwjgl-stb-3.4.3-natives-windows-arm64.jar to classpath.
[21:39:32] [main/DEBUG] (FabricLoader/Knot) Adding C:\Users\1111\.gradle\caches\modules-2\files-2.1\org.lwjgl\lwjgl-vma\3.4.3\816a6ac87f1e447e5346ca0e7a1078353f51fbd6\lwjgl-vma-3.4.3.jar to classpath.
[21:39:32] [main/DEBUG] (FabricLoader/Knot) Adding C:\Users\1111\.gradle\caches\modules-2\files-2.1\org.lwjgl\lwjgl-vma\3.4.3\ccdda5496cb9c1d77e7a7c94a3284ca44b5e3176\lwjgl-vma-3.4.3-natives-windows.jar to classpath.
[21:39:32] [main/DEBUG] (FabricLoader/Knot) Adding C:\Users\1111\.gradle\caches\modules-2\files-2.1\org.lwjgl\lwjgl-vma\3.4.3\f895ba1ad2811d1461e5b46e5057ddcbfd65841e\lwjgl-vma-3.4.3-natives-windows-arm64.jar to classpath.
[21:39:32] [main/DEBUG] (FabricLoader/Knot) Adding C:\Users\1111\.gradle\caches\modules-2\files-2.1\org.lwjgl\lwjgl-vulkan\3.4.3\ffdaf1898192059f059d66f9fa37e3debcac10e0\lwjgl-vulkan-3.4.3.jar to classpath.
[21:39:32] [main/DEBUG] (FabricLoader/Knot) Adding C:\Users\1111\.gradle\caches\modules-2\files-2.1\org.lwjgl\lwjgl\3.4.3\7ab5265a73d8a959ed62332d546536ae6be2f0d5\lwjgl-3.4.3.jar to classpath.
[21:39:32] [main/DEBUG] (FabricLoader/Knot) Adding C:\Users\1111\.gradle\caches\modules-2\files-2.1\org.lwjgl\lwjgl\3.4.3\27e3d2f08b2bcf4fb56a58b836d9437419b980d7\lwjgl-3.4.3-natives-windows.jar to classpath.
[21:39:32] [main/DEBUG] (FabricLoader/Knot) Adding C:\Users\1111\.gradle\caches\modules-2\files-2.1\org.lwjgl\lwjgl\3.4.3\cedd8fc68a4955a26e9ffdf3dc7d4d31c35e5194\lwjgl-3.4.3-natives-windows-arm64.jar to classpath.
[21:39:32] [main/DEBUG] (FabricLoader/Knot) Adding C:\Users\1111\.gradle\caches\modules-2\files-2.1\io.netty\netty-transport-native-epoll\4.2.16.Final\439c24f5c27c220deb042b42e4048d606edeb78d\netty-transport-native-epoll-4.2.16.Final-linux-x86_64.jar to classpath.
[21:39:32] [main/DEBUG] (FabricLoader/Knot) Adding C:\Users\1111\.gradle\caches\modules-2\files-2.1\io.netty\netty-transport-native-epoll\4.2.16.Final\eed34f3b37b4c46a0cbb49456ccc4e3bd7195e4c\netty-transport-native-epoll-4.2.16.Final-linux-aarch_64.jar to classpath.
[21:39:32] [main/DEBUG] (FabricLoader/Knot) Adding C:\Users\1111\.gradle\caches\modules-2\files-2.1\io.netty\netty-transport-native-kqueue\4.2.16.Final\dd9d41b06355a6a1815d902ee087a693aab83755\netty-transport-native-kqueue-4.2.16.Final-osx-x86_64.jar to classpath.
[21:39:32] [main/DEBUG] (FabricLoader/Knot) Adding C:\Users\1111\.gradle\caches\modules-2\files-2.1\io.netty\netty-transport-native-kqueue\4.2.16.Final\ddb942cad6c0e978caa2215757512b36c5ffacec\netty-transport-native-kqueue-4.2.16.Final-osx-aarch_64.jar to classpath.
[21:39:32] [main/DEBUG] (FabricLoader/Knot) Adding C:\Users\1111\.gradle\caches\modules-2\files-2.1\net.fabricmc.fabric-api\fabric-transfer-api-v1\8.0.25+fcdff87fa3\e00523e490ab940899e319a35db3c7ee74c09082\fabric-transfer-api-v1-8.0.25+fcdff87fa3.jar to classpath.
[21:39:32] [main/DEBUG] (FabricLoader/Knot) Adding C:\Users\1111\.gradle\caches\modules-2\files-2.1\net.fabricmc.fabric-api\fabric-api-lookup-api-v1\2.0.24+3434d6d9a3\afd25e52746d7f1c866fefb6652f89638e9f3c2f\fabric-api-lookup-api-v1-2.0.24+3434d6d9a3.jar to classpath.
[21:39:32] [main/DEBUG] (FabricLoader/Knot) Adding C:\Users\1111\.gradle\caches\modules-2\files-2.1\net.fabricmc.fabric-api\fabric-block-api-v1\3.1.0+0ae6f911a3\29562f94ba2e507abbe3871bb5f0f94fc838f888\fabric-block-api-v1-3.1.0+0ae6f911a3.jar to classpath.
[21:39:32] [main/DEBUG] (FabricLoader/Knot) Adding C:\Users\1111\.gradle\caches\modules-2\files-2.1\net.fabricmc.fabric-api\fabric-command-api-v2\3.1.2+fcdff87fa3\1b53c62ade26df0b0cf5cc3ef467aecb2e325d3f\fabric-command-api-v2-3.1.2+fcdff87fa3.jar to classpath.
[21:39:32] [main/DEBUG] (FabricLoader/Knot) Adding C:\Users\1111\.gradle\caches\modules-2\files-2.1\net.fabricmc.fabric-api\fabric-content-registries-v0\15.0.3+74ed1ea5a3\94c36a21b521ce06f0e58bfc2c4dab433e018507\fabric-content-registries-v0-15.0.3+74ed1ea5a3.jar to classpath.
[21:39:32] [main/DEBUG] (FabricLoader/Knot) Adding C:\Users\1111\.gradle\caches\modules-2\files-2.1\net.fabricmc.fabric-api\fabric-data-generation-api-v1\27.2.1+6317c5a7a3\eb8fca6393ea850dd7e4980c9bfbc2fb4d38bb3b\fabric-data-generation-api-v1-27.2.1+6317c5a7a3.jar to classpath.
[21:39:32] [main/DEBUG] (FabricLoader/Knot) Adding C:\Users\1111\.gradle\caches\modules-2\files-2.1\net.fabricmc.fabric-api\fabric-convention-tags-v2\4.10.2+5a4e5fc6a3\c3e1851646e259f59362c010977356c2d714ccc8\fabric-convention-tags-v2-4.10.2+5a4e5fc6a3.jar to classpath.
[21:39:32] [main/DEBUG] (FabricLoader/Knot) Adding C:\Users\1111\.gradle\caches\modules-2\files-2.1\net.fabricmc.fabric-api\fabric-creative-tab-api-v1\5.0.21+fcdff87fa3\eb6cd0386087dbcf5a5950f0ee8a7b7dc8772d18\fabric-creative-tab-api-v1-5.0.21+fcdff87fa3.jar to classpath.
[21:39:32] [main/DEBUG] (FabricLoader/Knot) Adding C:\Users\1111\.gradle\caches\modules-2\files-2.1\net.fabricmc.fabric-api\fabric-data-attachment-api-v1\2.2.30+3434d6d9a3\645707f36e4200e9d1e8950ac91af2168c14e571\fabric-data-attachment-api-v1-2.2.30+3434d6d9a3.jar to classpath.
[21:39:32] [main/DEBUG] (FabricLoader/Knot) Adding C:\Users\1111\.gradle\caches\modules-2\files-2.1\net.fabricmc.fabric-api\fabric-debug-api-v1\1.0.4+3434d6d9a3\9b1e8dc70c363381dd3eeabdebab53aa3ffb4e3b\fabric-debug-api-v1-1.0.4+3434d6d9a3.jar to classpath.
[21:39:32] [main/DEBUG] (FabricLoader/Knot) Adding C:\Users\1111\.gradle\caches\modules-2\files-2.1\net.fabricmc.fabric-api\fabric-dimensions-v1\5.1.19+47f74c98a3\2b87cc886697ac1061365938df5960f8e168467b\fabric-dimensions-v1-5.1.19+47f74c98a3.jar to classpath.
[21:39:32] [main/DEBUG] (FabricLoader/Knot) Adding C:\Users\1111\.gradle\caches\modules-2\files-2.1\net.fabricmc.fabric-api\fabric-entity-events-v1\6.0.4+3434d6d9a3\c1bfafcf1ed4c0e7e5c699aff805f63e262a0d03\fabric-entity-events-v1-6.0.4+3434d6d9a3.jar to classpath.
[21:39:32] [main/DEBUG] (FabricLoader/Knot) Adding C:\Users\1111\.gradle\caches\modules-2\files-2.1\net.fabricmc.fabric-api\fabric-events-interaction-v0\5.3.6+3434d6d9a3\d6e25469e788fd10c5507d35832da13aa3a07c51\fabric-events-interaction-v0-5.3.6+3434d6d9a3.jar to classpath.
[21:39:32] [main/DEBUG] (FabricLoader/Knot) Adding C:\Users\1111\.gradle\caches\modules-2\files-2.1\net.fabricmc.fabric-api\fabric-game-rule-api-v1\4.0.10+3434d6d9a3\8e35efc9ad61ddf13d1e2b8e51d54d3e073dc99c\fabric-game-rule-api-v1-4.0.10+3434d6d9a3.jar to classpath.
[21:39:32] [main/DEBUG] (FabricLoader/Knot) Adding C:\Users\1111\.gradle\caches\modules-2\files-2.1\net.fabricmc.fabric-api\fabric-gametest-api-v1\4.0.32+3434d6d9a3\d7609e1b60c681128c7c19746f99e36ab621f6f6\fabric-gametest-api-v1-4.0.32+3434d6d9a3.jar to classpath.
[21:39:32] [main/DEBUG] (FabricLoader/Knot) Adding C:\Users\1111\.gradle\caches\modules-2\files-2.1\net.fabricmc.fabric-api\fabric-item-api-v1\14.6.2+fcdff87fa3\de2d2251faf59a427dc26540c38975519c8fc3b\fabric-item-api-v1-14.6.2+fcdff87fa3.jar to classpath.
[21:39:32] [main/DEBUG] (FabricLoader/Knot) Adding C:\Users\1111\.gradle\caches\modules-2\files-2.1\net.fabricmc.fabric-api\fabric-recipe-api-v1\10.0.8+fcdff87fa3\103b5428bc4c00fbe8dd4c168ff901ba129055ee\fabric-recipe-api-v1-10.0.8+fcdff87fa3.jar to classpath.
[21:39:32] [main/DEBUG] (FabricLoader/Knot) Adding C:\Users\1111\.gradle\caches\modules-2\files-2.1\net.fabricmc.fabric-api\fabric-model-loading-api-v1\8.0.33+fcdff87fa3\3b6e7a4e2af11afcf18d14aff7f537b017862c93\fabric-model-loading-api-v1-8.0.33+fcdff87fa3.jar to classpath.
[21:39:32] [main/DEBUG] (FabricLoader/Knot) Adding C:\Users\1111\.gradle\caches\modules-2\files-2.1\net.fabricmc.fabric-api\fabric-renderer-indigo\9.1.20+fcdff87fa3\7bb4a5c69bfdb4675635b0496455a8b1790881cc\fabric-renderer-indigo-9.1.20+fcdff87fa3.jar to classpath.
[21:39:32] [main/DEBUG] (FabricLoader/Knot) Adding C:\Users\1111\.gradle\caches\modules-2\files-2.1\net.fabricmc.fabric-api\fabric-renderer-api-v1\17.0.13+2ce735b8a3\837a6363f07250381c818e7b91289345e87f5b9e\fabric-renderer-api-v1-17.0.13+2ce735b8a3.jar to classpath.
[21:39:32] [main/DEBUG] (FabricLoader/Knot) Adding C:\Users\1111\.gradle\caches\modules-2\files-2.1\net.fabricmc.fabric-api\fabric-rendering-v1\27.0.13+fdb9bf40a3\6b9b84837fadc7fd36018c340471b952e033f9f9\fabric-rendering-v1-27.0.13+fdb9bf40a3.jar to classpath.
[21:39:32] [main/DEBUG] (FabricLoader/Knot) Adding C:\Users\1111\.gradle\caches\modules-2\files-2.1\net.fabricmc.fabric-api\fabric-lifecycle-events-v1\4.1.9+ffef5f67a3\9616d6f5f1292d058807310addfed3f30d254c01\fabric-lifecycle-events-v1-4.1.9+ffef5f67a3.jar to classpath.
[21:39:32] [main/DEBUG] (FabricLoader/Knot) Adding C:\Users\1111\.gradle\caches\modules-2\files-2.1\net.fabricmc.fabric-api\fabric-loot-api-v3\4.0.6+895f85e2a3\7c7755b191d4e118fc847f7f21126967d6075de9\fabric-loot-api-v3-4.0.6+895f85e2a3.jar to classpath.
[21:39:32] [main/DEBUG] (FabricLoader/Knot) Adding C:\Users\1111\.gradle\caches\modules-2\files-2.1\net.fabricmc.fabric-api\fabric-menu-api-v1\2.0.26+3434d6d9a3\bd7bcf082bfe23b4860b204bf413e69e56c36892\fabric-menu-api-v1-2.0.26+3434d6d9a3.jar to classpath.
[21:39:32] [main/DEBUG] (FabricLoader/Knot) Adding C:\Users\1111\.gradle\caches\modules-2\files-2.1\net.fabricmc.fabric-api\fabric-message-api-v1\7.0.10+3434d6d9a3\928d357ddb602ea58b3d3d900307ccdcaa3d9b90\fabric-message-api-v1-7.0.10+3434d6d9a3.jar to classpath.
[21:39:32] [main/DEBUG] (FabricLoader/Knot) Adding C:\Users\1111\.gradle\caches\modules-2\files-2.1\net.fabricmc.fabric-api\fabric-client-gametest-api-v1\6.0.7+4be74c3fa3\b9857ede43b91bd3d4b3b07505323cf30ba4eea3\fabric-client-gametest-api-v1-6.0.7+4be74c3fa3.jar to classpath.
[21:39:32] [main/DEBUG] (FabricLoader/Knot) Adding C:\Users\1111\.gradle\caches\modules-2\files-2.1\net.fabricmc.fabric-api\fabric-particles-v1\5.0.24+3434d6d9a3\2667d9717d6d82af856948a35d227c6b167763f6\fabric-particles-v1-5.0.24+3434d6d9a3.jar to classpath.
[21:39:32] [main/DEBUG] (FabricLoader/Knot) Adding C:\Users\1111\.gradle\caches\modules-2\files-2.1\net.fabricmc.fabric-api\fabric-object-builder-api-v1\24.1.9+3434d6d9a3\f3849d00192587526394c6183017cc37d03325e7\fabric-object-builder-api-v1-24.1.9+3434d6d9a3.jar to classpath.
[21:39:32] [main/DEBUG] (FabricLoader/Knot) Adding C:\Users\1111\.gradle\caches\modules-2\files-2.1\net.fabricmc.fabric-api\fabric-registry-sync-v0\8.0.1+fcdff87fa3\c2f86583f984452bb872748aa4fe9c2568407efe\fabric-registry-sync-v0-8.0.1+fcdff87fa3.jar to classpath.
[21:39:32] [main/DEBUG] (FabricLoader/Knot) Adding C:\Users\1111\.gradle\caches\modules-2\files-2.1\net.fabricmc.fabric-api\fabric-networking-api-v1\6.3.8+fcdff87fa3\733b142714b76b288b63806d29d748a3de36c771\fabric-networking-api-v1-6.3.8+fcdff87fa3.jar to classpath.
[21:39:32] [main/DEBUG] (FabricLoader/Knot) Adding C:\Users\1111\.gradle\caches\modules-2\files-2.1\net.fabricmc.fabric-api\fabric-permission-api-v1\1.0.8+fcdff87fa3\41ada9219b0f46761a4375757f9058e033c4c003\fabric-permission-api-v1-1.0.8+fcdff87fa3.jar to classpath.
[21:39:32] [main/DEBUG] (FabricLoader/Knot) Adding C:\Users\1111\.gradle\caches\modules-2\files-2.1\net.fabricmc.fabric-api\fabric-rendering-fluids-v1\6.0.6+3434d6d9a3\c9aa888f0f401d4443e21db1ec904846f3878cf3\fabric-rendering-fluids-v1-6.0.6+3434d6d9a3.jar to classpath.
[21:39:32] [main/DEBUG] (FabricLoader/Knot) Adding C:\Users\1111\.gradle\caches\modules-2\files-2.1\net.fabricmc.fabric-api\fabric-tag-api-v1\2.1.10+fcdff87fa3\7d397230e3fd53829e5704a25e7c137b47c64fc5\fabric-tag-api-v1-2.1.10+fcdff87fa3.jar to classpath.
[21:39:32] [main/DEBUG] (FabricLoader/Knot) Adding C:\Users\1111\.gradle\caches\modules-2\files-2.1\net.fabricmc.fabric-api\fabric-resource-loader-v0\3.3.26+4fc5413fa3\9c247b971823633639a4e43c9c2975595a604370\fabric-resource-loader-v0-3.3.26+4fc5413fa3.jar to classpath.
[21:39:32] [main/DEBUG] (FabricLoader/Knot) Adding C:\Users\1111\.gradle\caches\modules-2\files-2.1\net.fabricmc.fabric-api\fabric-resource-loader-v1\3.0.4+fcdff87fa3\20919a2a6302944f4bf4fb1390e1788edf1ee933\fabric-resource-loader-v1-3.0.4+fcdff87fa3.jar to classpath.
[21:39:32] [main/DEBUG] (FabricLoader/Knot) Adding C:\Users\1111\.gradle\caches\modules-2\files-2.1\net.fabricmc.fabric-api\fabric-screen-api-v1\5.2.3+1087e13ea3\59e776790a2c2f672a35a96e71d4063e743e4e53\fabric-screen-api-v1-5.2.3+1087e13ea3.jar to classpath.
[21:39:32] [main/DEBUG] (FabricLoader/Knot) Adding C:\Users\1111\.gradle\caches\modules-2\files-2.1\net.fabricmc.fabric-api\fabric-api-base\2.0.6+fcdff87fa3\d329c1bcbc820edcd175420dbfe22f77fb5bd28f\fabric-api-base-2.0.6+fcdff87fa3.jar to classpath.
[21:39:32] [main/DEBUG] (FabricLoader/Knot) Adding C:\Users\1111\.gradle\caches\modules-2\files-2.1\net.fabricmc.fabric-api\fabric-biome-api-v1\20.0.9+74ed1ea5a3\51dfa0905a9527d9c9253fa8aeb5d62b850720f3\fabric-biome-api-v1-20.0.9+74ed1ea5a3.jar to classpath.
[21:39:32] [main/DEBUG] (FabricLoader/Knot) Adding C:\Users\1111\.gradle\caches\modules-2\files-2.1\net.fabricmc.fabric-api\fabric-block-getter-api-v2\2.0.9+3434d6d9a3\22f0176d7086bae64083f35f9b318dac6ef6583c\fabric-block-getter-api-v2-2.0.9+3434d6d9a3.jar to classpath.
[21:39:32] [main/DEBUG] (FabricLoader/Knot) Adding C:\Users\1111\.gradle\caches\modules-2\files-2.1\net.fabricmc.fabric-api\fabric-crash-report-info-v1\1.0.7+fcdff87fa3\6d5ade1ea440ce4f1309f23dc0deaea92b73754f\fabric-crash-report-info-v1-1.0.7+fcdff87fa3.jar to classpath.
[21:39:32] [main/DEBUG] (FabricLoader/Knot) Adding C:\Users\1111\.gradle\caches\modules-2\files-2.1\net.fabricmc.fabric-api\fabric-key-mapping-api-v1\2.0.8+3434d6d9a3\b80827a9f1ba119588c893758096c8070adc40cd\fabric-key-mapping-api-v1-2.0.8+3434d6d9a3.jar to classpath.
[21:39:32] [main/DEBUG] (FabricLoader/Knot) Adding C:\Users\1111\.gradle\caches\modules-2\files-2.1\net.fabricmc.fabric-api\fabric-resource-conditions-api-v1\6.1.5+3434d6d9a3\fe5426d33eee73a9dbbee278c87c570442d38178\fabric-resource-conditions-api-v1-6.1.5+3434d6d9a3.jar to classpath.
[21:39:32] [main/DEBUG] (FabricLoader/Knot) Adding C:\Users\1111\.gradle\caches\modules-2\files-2.1\net.fabricmc.fabric-api\fabric-serialization-api-v1\2.0.7+74ed1ea5a3\adb01ba41ca2af77c1dc93f82cb6aba39ff178e1\fabric-serialization-api-v1-2.0.7+74ed1ea5a3.jar to classpath.
[21:39:32] [main/DEBUG] (FabricLoader/Knot) Adding C:\Users\1111\.gradle\caches\modules-2\files-2.1\net.fabricmc.fabric-api\fabric-sound-api-v1\2.0.7+3434d6d9a3\6fcc08e04f5bc5c3091b49baddd7c48678189c71\fabric-sound-api-v1-2.0.7+3434d6d9a3.jar to classpath.
[21:39:32] [main/DEBUG] (FabricLoader/Knot) Adding C:\Users\1111\.gradle\caches\modules-2\files-2.1\net.fabricmc.fabric-api\fabric-transitive-access-wideners-v1\8.1.16+52268a0ea3\e12fa3f6de7af534aad1e4ebcb248e69b93c1882\fabric-transitive-access-wideners-v1-8.1.16+52268a0ea3.jar to classpath.
[21:39:32] [main/DEBUG] (FabricLoader/Entrypoint) No subscribers for entrypoint 'preLaunch'
[21:39:32] [main/DEBUG] (FabricLoader/Mixin) Preparing mixins for MixinEnvironment[DEFAULT]
[21:39:32] [main/DEBUG] (FabricLoader/Mixin) Selecting config fabric-data-generation-api-v1.mixins.json
[21:39:32] [main/DEBUG] (FabricLoader/Mixin) Selecting config fabric-data-generation-api-v1.client.mixins.json
[21:39:32] [main/DEBUG] (FabricLoader/Mixin) Selecting config fabric-block-getter-api-v2.mixins.json
[21:39:32] [main/DEBUG] (FabricLoader/Mixin) Selecting config fabric-block-getter-api-v2.client.mixins.json
[21:39:32] [main/DEBUG] (FabricLoader/Mixin) Selecting config fabric-tag-api-v1.mixins.json
[21:39:32] [main/DEBUG] (FabricLoader/Mixin) Selecting config fabric-menu-api-v1.mixins.json
[21:39:32] [main/DEBUG] (FabricLoader/Mixin) Selecting config fabric-dimensions-v1.mixins.json
[21:39:32] [main/DEBUG] (FabricLoader/Mixin) Selecting config fabric-key-mapping-api-v1.mixins.json
[21:39:32] [main/DEBUG] (FabricLoader/Mixin) Selecting config fabric-game-rule-api-v1.mixins.json
[21:39:32] [main/DEBUG] (FabricLoader/Mixin) Selecting config fabric-game-rule-api-v1.client.mixins.json
[21:39:32] [main/DEBUG] (FabricLoader/Mixin) Selecting config fabric-data-attachment-api-v1.mixins.json
[21:39:32] [main/DEBUG] (FabricLoader/Mixin) Selecting config fabric-data-attachment-api-v1.client.mixins.json
[21:39:32] [main/DEBUG] (FabricLoader/Mixin) Selecting config fabric-debug-api-v1.mixins.json
[21:39:32] [main/DEBUG] (FabricLoader/Mixin) Selecting config fabric-debug-api-v1.client.mixins.json
[21:39:32] [main/DEBUG] (FabricLoader/Mixin) Selecting config fabric-permission-api-v1.mixins.json
[21:39:32] [main/DEBUG] (FabricLoader/Mixin) Selecting config fabric-crash-report-info-v1.mixins.json
[21:39:32] [main/DEBUG] (FabricLoader/Mixin) Selecting config fabric-item-api-v1.mixins.json
[21:39:32] [main/DEBUG] (FabricLoader/Mixin) Selecting config fabric-item-api-v1.client.mixins.json
[21:39:32] [main/DEBUG] (FabricLoader/Mixin) Selecting config fabric-creative-tab-api-v1.mixins.json
[21:39:32] [main/DEBUG] (FabricLoader/Mixin) Selecting config fabric-creative-tab-api-v1.client.mixins.json
[21:39:32] [main/DEBUG] (FabricLoader/Mixin) Selecting config fabric-recipe-api-v1.mixins.json
[21:39:32] [main/DEBUG] (FabricLoader/Mixin) Selecting config fabric-recipe-api-v1.client.mixins.json
[21:39:32] [main/DEBUG] (FabricLoader/Mixin) Selecting config fabric-model-loading-api-v1.mixins.json
[21:39:32] [main/DEBUG] (FabricLoader/Mixin) Selecting config mixinextras.init.mixins.json
[21:39:32] [main/DEBUG] (FabricLoader/MixinExtras|Service) com.llamalad7.mixinextras.service.MixinExtrasServiceImpl(version=0.5.5) is taking over from null
[21:39:32] [main/DEBUG] (FabricLoader/Mixin) Registering new injector for @Inject with org.spongepowered.asm.mixin.injection.struct.CallbackInjectionInfo
[21:39:32] [main/DEBUG] (FabricLoader/Mixin) Registering new injector for @ModifyArg with org.spongepowered.asm.mixin.injection.struct.ModifyArgInjectionInfo
[21:39:32] [main/DEBUG] (FabricLoader/Mixin) Registering new injector for @ModifyArgs with org.spongepowered.asm.mixin.injection.struct.ModifyArgsInjectionInfo
[21:39:32] [main/DEBUG] (FabricLoader/Mixin) Registering new injector for @Redirect with org.spongepowered.asm.mixin.injection.struct.RedirectInjectionInfo
[21:39:32] [main/DEBUG] (FabricLoader/Mixin) Registering new injector for @ModifyVariable with org.spongepowered.asm.mixin.injection.struct.ModifyVariableInjectionInfo
[21:39:32] [main/DEBUG] (FabricLoader/Mixin) Registering new injector for @ModifyConstant with org.spongepowered.asm.mixin.injection.struct.ModifyConstantInjectionInfo
[21:39:32] [main/DEBUG] (FabricLoader/Mixin) Selecting config fabric-object-builder-v1.mixins.json
[21:39:32] [main/DEBUG] (FabricLoader/Mixin) Selecting config fabric-object-builder-v1.client.mixins.json
[21:39:32] [main/DEBUG] (FabricLoader/Mixin) Selecting config fabric-command-api-v2.mixins.json
[21:39:32] [main/DEBUG] (FabricLoader/Mixin) Selecting config fabric-command-api-v2.client.mixins.json
[21:39:32] [main/DEBUG] (FabricLoader/Mixin) Selecting config fabric-resource-loader-v1.mixins.json
[21:39:32] [main/DEBUG] (FabricLoader/Mixin) Selecting config fabric-resource-loader-v1.client.mixins.json
[21:39:32] [main/DEBUG] (FabricLoader/Mixin) Selecting config fabric-events-interaction-v0.mixins.json
[21:39:32] [main/DEBUG] (FabricLoader/Mixin) Selecting config fabric-events-interaction-v0.client.mixins.json
[21:39:32] [main/DEBUG] (FabricLoader/Mixin) Selecting config fabric-lifecycle-events-v1.mixins.json
[21:39:32] [main/DEBUG] (FabricLoader/Mixin) Selecting config fabric-lifecycle-events-v1.client.mixins.json
[21:39:32] [main/DEBUG] (FabricLoader/Mixin) Selecting config fabric-particles-v1.mixins.json
[21:39:32] [main/DEBUG] (FabricLoader/Mixin) Selecting config fabric-particles-v1.client.mixins.json
[21:39:32] [main/DEBUG] (FabricLoader/Mixin) Selecting config fabric-client-gametest-api-v1.mixins.json
[21:39:32] [main/DEBUG] (FabricLoader/Mixin) Selecting config fabric-transfer-api-v1.mixins.json
[21:39:32] [main/DEBUG] (FabricLoader/Mixin) Selecting config fabric-sound-api-v1.mixins.json
[21:39:32] [main/DEBUG] (FabricLoader/Mixin) Selecting config fabric-registry-sync-v0.mixins.json
[21:39:32] [main/DEBUG] (FabricLoader/Mixin) Selecting config fabric-registry-sync-v0.client.mixins.json
[21:39:32] [main/DEBUG] (FabricLoader/Mixin) Selecting config fabric-renderer-indigo.mixins.json
[21:39:32] [main/DEBUG] (FabricLoader/Mixin) Selecting config fabric-biome-api-v1.mixins.json
[21:39:32] [main/DEBUG] (FabricLoader/Mixin) Selecting config fabric-block-api-v1.mixins.json
[21:39:32] [main/DEBUG] (FabricLoader/Mixin) Selecting config fabric-rendering-v1.mixins.json
[21:39:32] [main/DEBUG] (FabricLoader/Mixin) Selecting config fabric-api-lookup-api-v1.mixins.json
[21:39:32] [main/DEBUG] (FabricLoader/Mixin) Selecting config fabric-entity-events-v1.mixins.json
[21:39:32] [main/DEBUG] (FabricLoader/Mixin) Selecting config fabric-networking-api-v1.mixins.json
[21:39:32] [main/DEBUG] (FabricLoader/Mixin) Selecting config fabric-networking-api-v1.client.mixins.json
[21:39:32] [main/DEBUG] (FabricLoader/Mixin) Selecting config fabric-loot-api-v3.mixins.json
[21:39:32] [main/DEBUG] (FabricLoader/Mixin) Selecting config fabric-resource-conditions-api-v1.mixins.json
[21:39:32] [main/DEBUG] (FabricLoader/Mixin) Selecting config fabric-renderer-api-v1.mixins.json
[21:39:32] [main/DEBUG] (FabricLoader/Mixin) Selecting config fabric-rendering-fluids-v1.mixins.json
[21:39:32] [main/DEBUG] (FabricLoader/Mixin) Selecting config fabric-serialization-api-v1.mixins.json
[21:39:32] [main/DEBUG] (FabricLoader/Mixin) Selecting config fabric-gametest-api-v1.mixins.json
[21:39:32] [main/DEBUG] (FabricLoader/Mixin) Selecting config fabric-content-registries-v0.mixins.json
[21:39:32] [main/DEBUG] (FabricLoader/Mixin) Selecting config fabric-content-registries-v0.client.mixins.json
[21:39:32] [main/DEBUG] (FabricLoader/Mixin) Selecting config fabric-screen-api-v1.mixins.json
[21:39:32] [main/DEBUG] (FabricLoader/Mixin) Selecting config fabric-convention-tags-api-v2.mixins.json
[21:39:32] [main/DEBUG] (FabricLoader/Mixin) Selecting config fabric-message-api-v1.mixins.json
[21:39:32] [main/DEBUG] (FabricLoader/Mixin) Selecting config fabric-message-api-v1.client.mixins.json
[21:39:32] [main/DEBUG] (FabricLoader/Mixin) Preparing fabric-data-generation-api-v1.mixins.json (22)
[21:39:32] [main/DEBUG] (FabricLoader/Mixin) Preparing fabric-data-generation-api-v1.client.mixins.json (4)
[21:39:32] [main/DEBUG] (FabricLoader/Mixin) Preparing fabric-block-getter-api-v2.mixins.json (3)
[21:39:32] [main/DEBUG] (FabricLoader/Mixin) Preparing fabric-block-getter-api-v2.client.mixins.json (3)
[21:39:32] [main/DEBUG] (FabricLoader/Mixin) Preparing fabric-tag-api-v1.mixins.json (8)
[21:39:32] [main/DEBUG] (FabricLoader/Mixin) Preparing fabric-menu-api-v1.mixins.json (2)
[21:39:32] [main/DEBUG] (FabricLoader/Mixin) Preparing fabric-dimensions-v1.mixins.json (7)
[21:39:32] [main/DEBUG] (FabricLoader/Mixin) Preparing fabric-key-mapping-api-v1.mixins.json (3)
[21:39:32] [main/DEBUG] (FabricLoader/Mixin) Preparing fabric-game-rule-api-v1.mixins.json (5)
[21:39:33] [main/DEBUG] (FabricLoader/Mixin) Preparing fabric-game-rule-api-v1.client.mixins.json (3)
[21:39:33] [main/DEBUG] (FabricLoader/Mixin) Preparing fabric-data-attachment-api-v1.mixins.json (18)
[21:39:33] [main/DEBUG] (FabricLoader/Mixin) Preparing fabric-data-attachment-api-v1.client.mixins.json (2)
[21:39:33] [main/DEBUG] (FabricLoader/Mixin) Preparing fabric-debug-api-v1.mixins.json (2)
[21:39:33] [main/DEBUG] (FabricLoader/Mixin) Preparing fabric-debug-api-v1.client.mixins.json (2)
[21:39:33] [main/DEBUG] (FabricLoader/Mixin) Preparing fabric-permission-api-v1.mixins.json (2)
[21:39:33] [main/DEBUG] (FabricLoader/Mixin) Preparing fabric-crash-report-info-v1.mixins.json (2)
[21:39:33] [main/DEBUG] (FabricLoader/Mixin) Preparing fabric-item-api-v1.mixins.json (19)
[21:39:33] [main/DEBUG] (FabricLoader/Mixin) Preparing fabric-item-api-v1.client.mixins.json (3)
[21:39:33] [main/DEBUG] (FabricLoader/Mixin) Preparing fabric-creative-tab-api-v1.mixins.json (3)
[21:39:33] [main/DEBUG] (FabricLoader/Mixin) Preparing fabric-creative-tab-api-v1.client.mixins.json (1)
[21:39:33] [main/DEBUG] (FabricLoader/Mixin) Preparing fabric-recipe-api-v1.mixins.json (8)
[21:39:33] [main/DEBUG] (FabricLoader/Mixin) Preparing fabric-recipe-api-v1.client.mixins.json (3)
[21:39:33] [main/DEBUG] (FabricLoader/Mixin) Preparing fabric-model-loading-api-v1.mixins.json (6)
[21:39:33] [main/DEBUG] (FabricLoader/Mixin) Preparing mixinextras.init.mixins.json (0)
[21:39:33] [main/DEBUG] (FabricLoader/Mixin) Preparing fabric-object-builder-v1.mixins.json (12)
[21:39:33] [main/DEBUG] (FabricLoader/Mixin) Preparing fabric-object-builder-v1.client.mixins.json (2)
[21:39:33] [main/DEBUG] (FabricLoader/Mixin) Preparing fabric-command-api-v2.mixins.json (5)
[21:39:33] [main/DEBUG] (FabricLoader/Mixin) Preparing fabric-command-api-v2.client.mixins.json (3)
[21:39:33] [main/DEBUG] (FabricLoader/Mixin) Preparing fabric-resource-loader-v1.mixins.json (15)
[21:39:33] [main/DEBUG] (FabricLoader/Mixin) Preparing fabric-resource-loader-v1.client.mixins.json (10)
[21:39:33] [main/DEBUG] (FabricLoader/Mixin) Preparing fabric-events-interaction-v0.mixins.json (8)
[21:39:33] [main/DEBUG] (FabricLoader/Mixin) Preparing fabric-events-interaction-v0.client.mixins.json (4)
[21:39:33] [main/DEBUG] (FabricLoader/Mixin) Preparing fabric-lifecycle-events-v1.mixins.json (16)
[21:39:33] [main/DEBUG] (FabricLoader/Mixin) Preparing fabric-lifecycle-events-v1.client.mixins.json (7)
[21:39:33] [main/DEBUG] (FabricLoader/Mixin) Preparing fabric-particles-v1.mixins.json (8)
[21:39:33] [main/DEBUG] (FabricLoader/Mixin) Preparing fabric-particles-v1.client.mixins.json (4)
[21:39:33] [main/DEBUG] (FabricLoader/Mixin) Preparing fabric-client-gametest-api-v1.mixins.json (25)
[21:39:33] [main/DEBUG] (FabricLoader/Mixin) Preparing fabric-transfer-api-v1.mixins.json (18)
[21:39:33] [main/DEBUG] (FabricLoader/Mixin) Preparing fabric-sound-api-v1.mixins.json (2)
[21:39:33] [main/DEBUG] (FabricLoader/Mixin) Preparing fabric-registry-sync-v0.mixins.json (19)
[21:39:33] [main/DEBUG] (FabricLoader/Mixin) Preparing fabric-registry-sync-v0.client.mixins.json (6)
[21:39:33] [main/DEBUG] (FabricLoader/Mixin) Preparing fabric-renderer-indigo.mixins.json (2)
[21:39:33] [main/DEBUG] (FabricLoader/Mixin) Preparing fabric-biome-api-v1.mixins.json (8)
[21:39:33] [main/DEBUG] (FabricLoader/Mixin) Preparing fabric-block-api-v1.mixins.json (10)
[21:39:33] [main/DEBUG] (FabricLoader/Mixin) Preparing fabric-rendering-v1.mixins.json (57)
[21:39:33] [main/DEBUG] (FabricLoader/Mixin) Preparing fabric-api-lookup-api-v1.mixins.json (2)
[21:39:33] [main/DEBUG] (FabricLoader/Mixin) Preparing fabric-entity-events-v1.mixins.json (13)
[21:39:33] [main/DEBUG] (FabricLoader/Mixin) Preparing fabric-networking-api-v1.mixins.json (27)
[21:39:33] [main/DEBUG] (FabricLoader/Mixin) Preparing fabric-networking-api-v1.client.mixins.json (10)
[21:39:33] [main/DEBUG] (FabricLoader/Mixin) Preparing fabric-loot-api-v3.mixins.json (7)
[21:39:33] [main/DEBUG] (FabricLoader/Mixin) Preparing fabric-resource-conditions-api-v1.mixins.json (8)
[21:39:33] [main/DEBUG] (FabricLoader/Mixin) Preparing fabric-renderer-api-v1.mixins.json (26)
[21:39:33] [main/DEBUG] (FabricLoader/Mixin) Preparing fabric-rendering-fluids-v1.mixins.json (2)
[21:39:33] [main/DEBUG] (FabricLoader/Mixin) Preparing fabric-serialization-api-v1.mixins.json (4)
[21:39:33] [main/DEBUG] (FabricLoader/Mixin) Preparing fabric-gametest-api-v1.mixins.json (4)
[21:39:33] [main/DEBUG] (FabricLoader/Mixin) Preparing fabric-content-registries-v0.mixins.json (18)
[21:39:33] [main/DEBUG] (FabricLoader/Mixin) Preparing fabric-content-registries-v0.client.mixins.json (2)
[21:39:33] [main/DEBUG] (FabricLoader/Mixin) Preparing fabric-screen-api-v1.mixins.json (8)
[21:39:33] [main/DEBUG] (FabricLoader/Mixin) Preparing fabric-convention-tags-api-v2.mixins.json (1)
[21:39:33] [main/DEBUG] (FabricLoader/Mixin) Preparing fabric-message-api-v1.mixins.json (2)
[21:39:33] [main/DEBUG] (FabricLoader/Mixin) Preparing fabric-message-api-v1.client.mixins.json (2)
[21:39:33] [main/DEBUG] (FabricLoader/Mixin) Inner class net/fabricmc/fabric/mixin/creativetab/CreativeModeTabsMixin$1CreativeModeTabPosition in net/fabricmc/fabric/mixin/creativetab/CreativeModeTabsMixin on net/minecraft/world/item/CreativeModeTabs gets unique name net/minecraft/world/item/CreativeModeTabs$1CreativeModeTabPosition$0e98f82501ab3a9692342fe737dd0eec
[21:39:33] [main/DEBUG] (FabricLoader/Mixin) Inner class net/fabricmc/fabric/mixin/transfer/ChiseledBookShelfBlockEntityMixin$1 in net/fabricmc/fabric/mixin/transfer/ChiseledBookShelfBlockEntityMixin on net/minecraft/world/level/block/entity/ChiseledBookShelfBlockEntity gets unique name net/minecraft/world/level/block/entity/ChiseledBookShelfBlockEntity$Anonymous$6b8fabc9a3dd3f94be74f1199f97fdb5
[21:39:33] [main/DEBUG] (FabricLoader/Mixin) Inner class net/fabricmc/fabric/mixin/registry/sync/MappedRegistryMixin$1 in net/fabricmc/fabric/mixin/registry/sync/MappedRegistryMixin on net/minecraft/core/MappedRegistry gets unique name net/minecraft/core/MappedRegistry$Anonymous$0a3f9fa0a200368cad403406b73f8d7f
[21:39:33] [main/DEBUG] (FabricLoader/Mixin) Inner class net/fabricmc/fabric/mixin/client/renderer/block/model/MultiPartModelMixin$1Key in net/fabricmc/fabric/mixin/client/renderer/block/model/MultiPartModelMixin on net/minecraft/client/renderer/block/dispatch/multipart/MultiPartModel gets unique name net/minecraft/client/renderer/block/dispatch/multipart/MultiPartModel$1Key$d4e3290e0bec3848952b79305a2bdde0
[21:39:33] [main/DEBUG] (FabricLoader/Mixin) Inner class net/fabricmc/fabric/mixin/client/renderer/block/render/MovingBlockFeatureRendererMixin$1 in net/fabricmc/fabric/mixin/client/renderer/block/render/MovingBlockFeatureRendererMixin on net/minecraft/client/renderer/feature/MovingBlockFeatureRenderer gets unique name net/minecraft/client/renderer/feature/MovingBlockFeatureRenderer$Anonymous$f26b90aaddd338f3a91348764399f40b
[21:39:33] [main/DEBUG] (FabricLoader/Mixin) Inner class net/fabricmc/fabric/mixin/gametest/StructureTemplateManagerMixin$1 in net/fabricmc/fabric/mixin/gametest/StructureTemplateManagerMixin on net/minecraft/world/level/levelgen/structure/templatesystem/StructureTemplateManager gets unique name net/minecraft/world/level/levelgen/structure/templatesystem/StructureTemplateManager$Anonymous$2385a326ce863bc0bf2a11ea898a45b4
[21:39:33] [main/DEBUG] (FabricLoader/Mixin) Prepared 476 mixins in 1,371 sec (2,9ms avg) (0ms load, 0ms transform, 0ms plugin)
[21:39:33] [main/DEBUG] (io.netty.util.internal.logging.InternalLoggerFactory) Using SLF4J as the default logging framework
[21:39:33] [main/DEBUG] (io.netty.util.ResourceLeakDetector) -Dio.netty.leakDetection.level: simple
[21:39:33] [main/DEBUG] (io.netty.util.ResourceLeakDetector) -Dio.netty.leakDetection.targetRecords: 4
[21:39:34] [main/DEBUG] (com.mojang.blaze3d.platform.NativeLibrariesBootstrap) Loading LWJGL system
[21:39:35] [main/DEBUG] (com.mojang.blaze3d.platform.NativeLibrariesBootstrap) Loading STB
[21:39:35] [main/DEBUG] (com.mojang.blaze3d.platform.NativeLibrariesBootstrap) Loading vma
[21:39:35] [main/DEBUG] (com.mojang.blaze3d.platform.NativeLibrariesBootstrap) Loading shaderc
[21:39:35] [main/DEBUG] (com.mojang.blaze3d.platform.NativeLibrariesBootstrap) Loading OpenGL
[21:39:35] [main/DEBUG] (com.mojang.blaze3d.platform.NativeLibrariesBootstrap) Loading SDL
[21:39:35] [main/DEBUG] (com.mojang.blaze3d.platform.NativeLibrariesBootstrap) Loading freetype
[21:39:35] [main/DEBUG] (com.mojang.blaze3d.platform.NativeLibrariesBootstrap) Loading OpenAL
[21:39:35] [main/DEBUG] (com.mojang.blaze3d.platform.NativeLibrariesBootstrap) Loading spvc
[21:39:35] [main/DEBUG] (com.mojang.blaze3d.platform.NativeLibrariesBootstrap) Library load time: 757 ms
[21:39:35] [main/INFO] (FabricLoader/MixinExtras|Service) Initializing MixinExtras via com.llamalad7.mixinextras.service.MixinExtrasServiceImpl(version=0.5.5).
[21:39:35] [main/DEBUG] (FabricLoader/Mixin) Registering new injector for @SugarWrapper with com.llamalad7.mixinextras.sugar.impl.SugarWrapperInjectionInfo
[21:39:35] [main/DEBUG] (FabricLoader/Mixin) Registering new injector for @FactoryRedirectWrapper with com.llamalad7.mixinextras.wrapper.factory.FactoryRedirectWrapperInjectionInfo
[21:39:35] [main/DEBUG] (FabricLoader/Mixin) Registering new injector for @ExpressionInjectorWrapper with com.llamalad7.mixinextras.expression.impl.wrapper.ExpressionInjectorWrapperInjectionInfo
[21:39:35] [main/DEBUG] (FabricLoader/Mixin) Mixing DimensionStorageFileFixMixin from fabric-data-attachment-api-v1.mixins.json into net.minecraft.util.filefix.fixes.DimensionStorageFileFix
[21:39:35] [main/DEBUG] (FabricLoader/Mixin) Mixing TaggedChoiceMixin from fabric-dimensions-v1.mixins.json into com.mojang.datafixers.types.templates.TaggedChoice
[21:39:35] [main/DEBUG] (FabricLoader/Mixin) fabric-dimensions-v1.mixins.json:TaggedChoiceMixin from mod fabric-dimensions-v1->@Inject::onApply(Lcom/mojang/datafixers/util/Pair;Lorg/spongepowered/asm/mixin/injection/callback/CallbackInfoReturnable;)V does use it's CallbackInfoReturnable
[21:39:35] [main/DEBUG] (FabricLoader/Mixin) Mixing TaggedChoiceTaggedChoiceTypeMixin from fabric-dimensions-v1.mixins.json into com.mojang.datafixers.types.templates.TaggedChoice$TaggedChoiceType
[21:39:35] [main/DEBUG] (FabricLoader/Mixin) fabric-dimensions-v1.mixins.json:TaggedChoiceTaggedChoiceTypeMixin from mod fabric-dimensions-v1->@Inject::onGetCodec(Ljava/lang/Object;Lorg/spongepowered/asm/mixin/injection/callback/CallbackInfoReturnable;)V does use it's CallbackInfoReturnable
[21:39:36] [main/DEBUG] (FabricLoader/Mixin) Mixing RegistriesMixin from fabric-registry-sync-v0.mixins.json into net.minecraft.core.registries.Registries
[21:39:36] [main/DEBUG] (FabricLoader/Mixin) Mixing V2832Mixin from fabric-dimensions-v1.mixins.json into net.minecraft.util.datafix.schemas.V2832
[21:39:37] [main/DEBUG] (FabricLoader/Mixin) Mixing SystemReportMixin from fabric-crash-report-info-v1.mixins.json into net.minecraft.SystemReport
[21:39:37] [main/DEBUG] (FabricLoader/Mixin) Renaming synthetic method lambda$appendMods$0(Lnet/fabricmc/loader/api/ModContainer;)Ljava/lang/String; to md17564f$fabric-crash-report-info-v1$lambda$appendMods$0$0 in fabric-crash-report-info-v1.mixins.json:SystemReportMixin from mod fabric-crash-report-info-v1
[21:39:37] [main/DEBUG] (FabricLoader/Mixin) Renaming synthetic method lambda$fillSystemDetails$0()Ljava/lang/Object; to md17564f$fabric-crash-report-info-v1$lambda$fillSystemDetails$0$1 in fabric-crash-report-info-v1.mixins.json:SystemReportMixin from mod fabric-crash-report-info-v1
[21:39:37] [main/DEBUG] (FabricLoader/Mixin) fabric-crash-report-info-v1.mixins.json:SystemReportMixin from mod fabric-crash-report-info-v1->@Inject::fillSystemDetails(Lorg/spongepowered/asm/mixin/injection/callback/CallbackInfo;)V doesn't use it's CallbackInfo
[21:39:37] [main/DEBUG] (FabricLoader/Mixin) fabric-crash-report-info-v1.mixins.json:SystemReportMixin from mod fabric-crash-report-info-v1->@Inject::fillSystemDetails(Lorg/spongepowered/asm/mixin/injection/callback/CallbackInfo;)V has 0 override(s) in child classes
[21:39:37] [main/DEBUG] (FabricLoader/Mixin) fabric-crash-report-info-v1.mixins.json:SystemReportMixin from mod fabric-crash-report-info-v1->@Inject::fillSystemDetails(Lorg/spongepowered/asm/mixin/injection/callback/CallbackInfo;)V won't be passed a CallbackInfo as a result
[21:39:38] [Datafixer Bootstrap #0/INFO] (com.mojang.datafixers.DataFixerBuilder) 307 Datafixer optimizations took 721 milliseconds
[21:39:38] [main/DEBUG] (oshi.software.os.windows.WindowsOperatingSystem) Debug privileges not enabled.
[21:39:38] [main/DEBUG] (FabricLoader/Mixin) Mixing BootstrapMixin from fabric-registry-sync-v0.mixins.json into net.minecraft.server.Bootstrap
[21:39:38] [main/DEBUG] (FabricLoader/Mixin) Renaming synthetic method lambda$afterInitialize$1(Lnet/minecraft/world/level/material/Fluid;)Ljava/util/Collection; to md17564f$fabric-registry-sync-v0$lambda$afterInitialize$1$0 in fabric-registry-sync-v0.mixins.json:BootstrapMixin from mod fabric-registry-sync-v0
[21:39:38] [main/DEBUG] (FabricLoader/Mixin) Renaming synthetic method lambda$afterInitialize$0(Lnet/minecraft/world/level/block/Block;)Ljava/util/Collection; to md17564f$fabric-registry-sync-v0$lambda$afterInitialize$0$1 in fabric-registry-sync-v0.mixins.json:BootstrapMixin from mod fabric-registry-sync-v0
[21:39:38] [main/DEBUG] (FabricLoader/Mixin) fabric-registry-sync-v0.mixins.json:BootstrapMixin from mod fabric-registry-sync-v0->@Inject::afterInitialize(Lorg/spongepowered/asm/mixin/injection/callback/CallbackInfo;)V doesn't use it's CallbackInfo
[21:39:38] [main/DEBUG] (FabricLoader/Mixin) Mixing RegistryMixin from fabric-registry-sync-v0.mixins.json into net.minecraft.core.Registry
[21:39:38] [main/DEBUG] (FabricLoader/Mixin) Mixing BuiltInRegistriesMixin from fabric-item-api-v1.mixins.json into net.minecraft.core.registries.BuiltInRegistries
[21:39:38] [main/DEBUG] (FabricLoader/Mixin) Mixing BuiltInRegistriesMixin from fabric-object-builder-v1.mixins.json into net.minecraft.core.registries.BuiltInRegistries
[21:39:38] [main/DEBUG] (FabricLoader/Mixin) Mixing BuiltInRegistriesAccessor from fabric-registry-sync-v0.mixins.json into net.minecraft.core.registries.BuiltInRegistries
[21:39:38] [main/DEBUG] (FabricLoader/Mixin) Renaming @Accessor method getWRITABLE_REGISTRY()Lnet/minecraft/core/WritableRegistry; to getWRITABLE_REGISTRY$fabric-registry-sync-v0_$md$17564f$0 in fabric-registry-sync-v0.mixins.json:BuiltInRegistriesAccessor from mod fabric-registry-sync-v0
[21:39:38] [main/DEBUG] (FabricLoader/Mixin) Mixing BuiltInRegistriesMixin from fabric-registry-sync-v0.mixins.json into net.minecraft.core.registries.BuiltInRegistries
[21:39:38] [main/DEBUG] (FabricLoader/Mixin) fabric-item-api-v1.mixins.json:BuiltInRegistriesMixin from mod fabric-item-api-v1->@Inject::modifyDefaultItemComponents(Lorg/spongepowered/asm/mixin/injection/callback/CallbackInfo;)V doesn't use it's CallbackInfo
[21:39:38] [main/DEBUG] (FabricLoader/Mixin) fabric-object-builder-v1.mixins.json:BuiltInRegistriesMixin from mod fabric-object-builder-api-v1->@Inject::modifyAttributes(Lorg/spongepowered/asm/mixin/injection/callback/CallbackInfo;)V doesn't use it's CallbackInfo
[21:39:38] [main/DEBUG] (FabricLoader/Mixin) fabric-registry-sync-v0.mixins.json:BuiltInRegistriesMixin from mod fabric-registry-sync-v0->@Inject::init(Lorg/spongepowered/asm/mixin/injection/callback/CallbackInfo;)V does use it's CallbackInfo
[21:39:38] [main/DEBUG] (FabricLoader/Mixin) Mixing MappedRegistryMixin from fabric-tag-api-v1.mixins.json into net.minecraft.core.MappedRegistry
[21:39:38] [main/DEBUG] (FabricLoader/Mixin) Mixing MappedRegistryAccessor from fabric-dimensions-v1.mixins.json into net.minecraft.core.MappedRegistry
[21:39:38] [main/DEBUG] (FabricLoader/Mixin) Mixing MappedRegistryAccessor from fabric-registry-sync-v0.mixins.json into net.minecraft.core.MappedRegistry
[21:39:38] [main/DEBUG] (FabricLoader/Mixin) Mixing MappedRegistryMixin from fabric-registry-sync-v0.mixins.json into net.minecraft.core.MappedRegistry
[21:39:38] [main/DEBUG] (FabricLoader/Mixin) Renaming synthetic method lambda$remap$0()Lnet/fabricmc/fabric/impl/registry/sync/RemapException; to md17564f$fabric-registry-sync-v0$lambda$remap$0$0 in fabric-registry-sync-v0.mixins.json:MappedRegistryMixin from mod fabric-registry-sync-v0
[21:39:38] [main/DEBUG] (FabricLoader/Mixin) Renaming synthetic method lambda$init$3([Lnet/fabricmc/fabric/api/event/registry/RegistryIdRemapCallback;)Lnet/fabricmc/fabric/api/event/registry/RegistryIdRemapCallback; to md17564f$fabric-registry-sync-v0$lambda$init$3$1 in fabric-registry-sync-v0.mixins.json:MappedRegistryMixin from mod fabric-registry-sync-v0
[21:39:38] [main/DEBUG] (FabricLoader/Mixin) Renaming synthetic method lambda$init$4([Lnet/fabricmc/fabric/api/event/registry/RegistryIdRemapCallback;Lnet/fabricmc/fabric/api/event/registry/RegistryIdRemapCallback$RemapState;)V to md17564f$fabric-registry-sync-v0$lambda$init$4$2 in fabric-registry-sync-v0.mixins.json:MappedRegistryMixin from mod fabric-registry-sync-v0
[21:39:38] [main/DEBUG] (FabricLoader/Mixin) Renaming synthetic method lambda$init$2(ILnet/minecraft/resources/Identifier;Ljava/lang/Object;)V to md17564f$fabric-registry-sync-v0$lambda$init$2$3 in fabric-registry-sync-v0.mixins.json:MappedRegistryMixin from mod fabric-registry-sync-v0
[21:39:38] [main/DEBUG] (FabricLoader/Mixin) Renaming synthetic method lambda$init$0([Lnet/fabricmc/fabric/api/event/registry/RegistryEntryAddedCallback;)Lnet/fabricmc/fabric/api/event/registry/RegistryEntryAddedCallback; to md17564f$fabric-registry-sync-v0$lambda$init$0$4 in fabric-registry-sync-v0.mixins.json:MappedRegistryMixin from mod fabric-registry-sync-v0
[21:39:38] [main/DEBUG] (FabricLoader/Mixin) Renaming synthetic method lambda$init$1([Lnet/fabricmc/fabric/api/event/registry/RegistryEntryAddedCallback;ILnet/minecraft/resources/Identifier;Ljava/lang/Object;)V to md17564f$fabric-registry-sync-v0$lambda$init$1$5 in fabric-registry-sync-v0.mixins.json:MappedRegistryMixin from mod fabric-registry-sync-v0
[21:39:38] [main/DEBUG] (FabricLoader/Mixin) fabric-registry-sync-v0.mixins.json:MappedRegistryMixin from mod fabric-registry-sync-v0->@Inject::init(Lnet/minecraft/resources/ResourceKey;Lcom/mojang/serialization/Lifecycle;ZLorg/spongepowered/asm/mixin/injection/callback/CallbackInfo;)V doesn't use it's CallbackInfo
[21:39:38] [main/DEBUG] (FabricLoader/Mixin) fabric-registry-sync-v0.mixins.json:MappedRegistryMixin from mod fabric-registry-sync-v0->@Inject::init(Lnet/minecraft/resources/ResourceKey;Lcom/mojang/serialization/Lifecycle;ZLorg/spongepowered/asm/mixin/injection/callback/CallbackInfo;)V has 0 override(s) in child classes
[21:39:38] [main/DEBUG] (FabricLoader/Mixin) fabric-registry-sync-v0.mixins.json:MappedRegistryMixin from mod fabric-registry-sync-v0->@Inject::init(Lnet/minecraft/resources/ResourceKey;Lcom/mojang/serialization/Lifecycle;ZLorg/spongepowered/asm/mixin/injection/callback/CallbackInfo;)V won't be passed a CallbackInfo as a result
[21:39:38] [main/DEBUG] (FabricLoader/Mixin) fabric-registry-sync-v0.mixins.json:MappedRegistryMixin from mod fabric-registry-sync-v0->@Inject::set(Lnet/minecraft/resources/ResourceKey;Ljava/lang/Object;Lnet/minecraft/core/RegistrationInfo;Lorg/spongepowered/asm/mixin/injection/callback/CallbackInfoReturnable;)V does use it's CallbackInfoReturnable
[21:39:38] [main/DEBUG] (FabricLoader/Mixin) Mixing DataComponentInitializersMixin from fabric-item-api-v1.mixins.json into net.minecraft.core.component.DataComponentInitializers
[21:39:38] [main/DEBUG] (FabricLoader/Mixin) Renaming synthetic method lambda$captureLookup$0(Lcom/llamalad7/mixinextras/injector/wrapoperation/Operation;Lnet/minecraft/core/HolderLookup$Provider;Lnet/minecraft/core/component/DataComponentInitializers$PendingComponentBuilders;)Lnet/minecraft/core/component/DataComponentInitializers$PendingComponents; to md17564f$fabric-item-api-v1$lambda$captureLookup$0$0 in fabric-item-api-v1.mixins.json:DataComponentInitializersMixin from mod fabric-item-api-v1
[21:39:39] [main/DEBUG] (FabricLoader/Mixin) Mixing effect.MobEffectMixin from fabric-entity-events-v1.mixins.json into net.minecraft.world.effect.MobEffect
[21:39:39] [main/DEBUG] (FabricLoader/Mixin) Mixing ArgumentTypeInfosAccessor from fabric-command-api-v2.mixins.json into net.minecraft.commands.synchronization.ArgumentTypeInfos
[21:39:39] [main/DEBUG] (FabricLoader/Mixin) Renaming @Accessor method fabric_getClassMap()Ljava/util/Map; to fabric_getClassMap$fabric-command-api-v2_$md$17564f$0 in fabric-command-api-v2.mixins.json:ArgumentTypeInfosAccessor from mod fabric-command-api-v2
[21:39:39] [main/DEBUG] (FabricLoader/Mixin) Mixing CreativeModeTabsMixin from fabric-creative-tab-api-v1.mixins.json into net.minecraft.world.item.CreativeModeTabs
[21:39:39] [main/DEBUG] (FabricLoader/Mixin) Renaming synthetic method lambda$paginateTabs$0(Lnet/minecraft/core/Holder$Reference;Lnet/minecraft/core/Holder$Reference;)I to md17564f$fabric-creative-tab-api-v1$lambda$paginateTabs$0$0 in fabric-creative-tab-api-v1.mixins.json:CreativeModeTabsMixin from mod fabric-creative-tab-api-v1
[21:39:39] [main/DEBUG] (FabricLoader/Mixin) fabric-creative-tab-api-v1.mixins.json:CreativeModeTabsMixin from mod fabric-creative-tab-api-v1->@Inject::deferDuplicateCheck(Lorg/spongepowered/asm/mixin/injection/callback/CallbackInfo;)V does use it's CallbackInfo
[21:39:39] [main/DEBUG] (FabricLoader/Mixin) fabric-creative-tab-api-v1.mixins.json:CreativeModeTabsMixin from mod fabric-creative-tab-api-v1->@Inject::paginateTabs(Lorg/spongepowered/asm/mixin/injection/callback/CallbackInfo;)V doesn't use it's CallbackInfo
[21:39:39] [main/DEBUG] (FabricLoader/Mixin) Mixing CreativeModeTabAccessor from fabric-creative-tab-api-v1.mixins.json into net.minecraft.world.item.CreativeModeTab
[21:39:39] [main/DEBUG] (FabricLoader/Mixin) Mixing CreativeModeTabMixin from fabric-creative-tab-api-v1.mixins.json into net.minecraft.world.item.CreativeModeTab
[21:39:39] [main/DEBUG] (FabricLoader/Mixin) Renaming synthetic method lambda$getStacks$0(Lnet/minecraft/world/item/CreativeModeTab;)Ljava/lang/IllegalStateException; to md17564f$fabric-creative-tab-api-v1$lambda$getStacks$0$0 in fabric-creative-tab-api-v1.mixins.json:CreativeModeTabMixin from mod fabric-creative-tab-api-v1
[21:39:39] [main/DEBUG] (FabricLoader/Mixin) fabric-creative-tab-api-v1.mixins.json:CreativeModeTabMixin from mod fabric-creative-tab-api-v1->@Inject::getStacks(Lnet/minecraft/world/item/CreativeModeTab$ItemDisplayParameters;Lorg/spongepowered/asm/mixin/injection/callback/CallbackInfo;)V doesn't use it's CallbackInfo
[21:39:39] [main/DEBUG] (FabricLoader/Mixin) fabric-creative-tab-api-v1.mixins.json:CreativeModeTabMixin from mod fabric-creative-tab-api-v1->@Inject::getStacks(Lnet/minecraft/world/item/CreativeModeTab$ItemDisplayParameters;Lorg/spongepowered/asm/mixin/injection/callback/CallbackInfo;)V has 0 override(s) in child classes
[21:39:39] [main/DEBUG] (FabricLoader/Mixin) fabric-creative-tab-api-v1.mixins.json:CreativeModeTabMixin from mod fabric-creative-tab-api-v1->@Inject::getStacks(Lnet/minecraft/world/item/CreativeModeTab$ItemDisplayParameters;Lorg/spongepowered/asm/mixin/injection/callback/CallbackInfo;)V won't be passed a CallbackInfo as a result
[21:39:39] [main/DEBUG] (FabricLoader/Mixin) Mixing GameRuleMixin from fabric-game-rule-api-v1.mixins.json into net.minecraft.world.level.gamerules.GameRule
[21:39:39] [main/DEBUG] (FabricLoader/Mixin) Renaming synthetic method lambda$deserializeEnum$1(Ljava/lang/String;)Ljava/lang/String; to md17564f$fabric-game-rule-api-v1$lambda$deserializeEnum$1$0 in fabric-game-rule-api-v1.mixins.json:GameRuleMixin from mod fabric-game-rule-api-v1
[21:39:39] [main/DEBUG] (FabricLoader/Mixin) Renaming synthetic method lambda$deserializeEnum$0(Ljava/lang/String;Ljava/lang/Class;)Ljava/lang/String; to md17564f$fabric-game-rule-api-v1$lambda$deserializeEnum$0$1 in fabric-game-rule-api-v1.mixins.json:GameRuleMixin from mod fabric-game-rule-api-v1
[21:39:39] [main/DEBUG] (FabricLoader/Mixin) Mixing FireBlockMixin from fabric-content-registries-v0.mixins.json into net.minecraft.world.level.block.FireBlock
[21:39:39] [main/DEBUG] (FabricLoader/Mixin) fabric-content-registries-v0.mixins.json:FireBlockMixin from mod fabric-content-registries-v0->@Inject::afterConstruct(Lnet/minecraft/world/level/block/state/BlockBehaviour$Properties;Lorg/spongepowered/asm/mixin/injection/callback/CallbackInfo;)V doesn't use it's CallbackInfo
[21:39:39] [main/DEBUG] (FabricLoader/Mixin) fabric-content-registries-v0.mixins.json:FireBlockMixin from mod fabric-content-registries-v0->@Inject::afterConstruct(Lnet/minecraft/world/level/block/state/BlockBehaviour$Properties;Lorg/spongepowered/asm/mixin/injection/callback/CallbackInfo;)V has 0 override(s) in child classes
[21:39:39] [main/DEBUG] (FabricLoader/Mixin) fabric-content-registries-v0.mixins.json:FireBlockMixin from mod fabric-content-registries-v0->@Inject::afterConstruct(Lnet/minecraft/world/level/block/state/BlockBehaviour$Properties;Lorg/spongepowered/asm/mixin/injection/callback/CallbackInfo;)V won't be passed a CallbackInfo as a result
[21:39:39] [main/DEBUG] (FabricLoader/Mixin) fabric-content-registries-v0.mixins.json:FireBlockMixin from mod fabric-content-registries-v0->@Inject::getFabricBurnChance(Lnet/minecraft/world/level/block/state/BlockState;Lorg/spongepowered/asm/mixin/injection/callback/CallbackInfoReturnable;)V does use it's CallbackInfoReturnable
[21:39:39] [main/DEBUG] (FabricLoader/Mixin) fabric-content-registries-v0.mixins.json:FireBlockMixin from mod fabric-content-registries-v0->@Inject::getFabricSpreadChance(Lnet/minecraft/world/level/block/state/BlockState;Lorg/spongepowered/asm/mixin/injection/callback/CallbackInfoReturnable;)V does use it's CallbackInfoReturnable
[21:39:39] [main/DEBUG] (FabricLoader/Mixin) Mixing BlockMixin from fabric-block-api-v1.mixins.json into net.minecraft.world.level.block.Block
[21:39:39] [main/DEBUG] (FabricLoader/Mixin) Mixing BlockBehaviourAccessor from fabric-content-registries-v0.mixins.json into net.minecraft.world.level.block.state.BlockBehaviour
[21:39:39] [main/DEBUG] (FabricLoader/Mixin) Mixing BlockGetterMixin from fabric-block-getter-api-v2.mixins.json into net.minecraft.world.level.BlockGetter
[21:39:39] [main/DEBUG] (FabricLoader/Mixin) Mixing AttachmentTargetsMixin from fabric-data-attachment-api-v1.mixins.json into net.minecraft.world.entity.Entity
[21:39:39] [main/DEBUG] (FabricLoader/Mixin) Renaming synthetic method lambda$fabric_updateSyncTarget$0(Lnet/fabricmc/fabric/impl/attachment/sync/AttachmentTargetInfo;Lnet/fabricmc/fabric/impl/attachment/sync/AttachmentTargetInfo;Lnet/fabricmc/fabric/api/attachment/v1/AttachmentType;Lnet/fabricmc/fabric/impl/attachment/sync/AttachmentChange;)Lnet/fabricmc/fabric/impl/attachment/sync/AttachmentChange; to md17564f$fabric-data-attachment-api-v1$lambda$fabric_updateSyncTarget$0$0 in fabric-data-attachment-api-v1.mixins.json:AttachmentTargetsMixin from mod fabric-data-attachment-api-v1
[21:39:39] [main/DEBUG] (FabricLoader/Mixin) Renaming synthetic method lambda$fabric_sendAndClearDeferredSyncChanges$0(Lnet/fabricmc/fabric/api/attachment/v1/AttachmentType;)Lnet/fabricmc/fabric/impl/attachment/sync/AttachmentChange; to md17564f$fabric-data-attachment-api-v1$lambda$fabric_sendAndClearDeferredSyncChanges$0$1 in fabric-data-attachment-api-v1.mixins.json:AttachmentTargetsMixin from mod fabric-data-attachment-api-v1
[21:39:39] [main/DEBUG] (FabricLoader/Mixin) Renaming synthetic method lambda$fabric_readAttachmentsFromNbt$0(Lnet/fabricmc/fabric/api/attachment/v1/AttachmentType;Ljava/lang/Object;)V to md17564f$fabric-data-attachment-api-v1$lambda$fabric_readAttachmentsFromNbt$0$2 in fabric-data-attachment-api-v1.mixins.json:AttachmentTargetsMixin from mod fabric-data-attachment-api-v1
[21:39:39] [main/DEBUG] (FabricLoader/Mixin) Renaming synthetic method lambda$onAttachedSet$0(Lnet/fabricmc/fabric/api/attachment/v1/AttachmentType;)Lnet/fabricmc/fabric/api/event/Event; to md17564f$fabric-data-attachment-api-v1$lambda$onAttachedSet$0$3 in fabric-data-attachment-api-v1.mixins.json:AttachmentTargetsMixin from mod fabric-data-attachment-api-v1
[21:39:39] [main/DEBUG] (FabricLoader/Mixin) Renaming synthetic method lambda$onAttachedSet$1([Lnet/fabricmc/fabric/api/attachment/v1/AttachmentTarget$OnAttachedSet;)Lnet/fabricmc/fabric/api/attachment/v1/AttachmentTarget$OnAttachedSet; to md17564f$fabric-data-attachment-api-v1$lambda$onAttachedSet$1$4 in fabric-data-attachment-api-v1.mixins.json:AttachmentTargetsMixin from mod fabric-data-attachment-api-v1
[21:39:39] [main/DEBUG] (FabricLoader/Mixin) Renaming synthetic method lambda$onAttachedSet$2([Lnet/fabricmc/fabric/api/attachment/v1/AttachmentTarget$OnAttachedSet;Ljava/lang/Object;Ljava/lang/Object;)V to md17564f$fabric-data-attachment-api-v1$lambda$onAttachedSet$2$5 in fabric-data-attachment-api-v1.mixins.json:AttachmentTargetsMixin from mod fabric-data-attachment-api-v1
[21:39:39] [main/DEBUG] (FabricLoader/Mixin) Mixing EntityMixin from fabric-data-attachment-api-v1.mixins.json into net.minecraft.world.entity.Entity
[21:39:39] [main/DEBUG] (FabricLoader/Mixin) Renaming synthetic method lambda$fabric_syncChange$0(Lnet/fabricmc/fabric/api/attachment/v1/AttachmentSyncPredicate;Lnet/fabricmc/fabric/impl/attachment/sync/AttachmentChange;Lnet/minecraft/server/level/ServerPlayer;)V to md17564f$fabric-data-attachment-api-v1$lambda$fabric_syncChange$0$6 in fabric-data-attachment-api-v1.mixins.json:EntityMixin from mod fabric-data-attachment-api-v1
[21:39:39] [main/DEBUG] (FabricLoader/Mixin) Mixing EntityMixin from fabric-debug-api-v1.mixins.json into net.minecraft.world.entity.Entity
[21:39:39] [main/DEBUG] (FabricLoader/Mixin) Mixing EntityMixin from fabric-permission-api-v1.mixins.json into net.minecraft.world.entity.Entity
[21:39:39] [main/DEBUG] (FabricLoader/Mixin) Mixing EntityMixin from fabric-lifecycle-events-v1.mixins.json into net.minecraft.world.entity.Entity
[21:39:39] [main/DEBUG] (FabricLoader/Mixin) Mixing EntityMixin from fabric-particles-v1.mixins.json into net.minecraft.world.entity.Entity
[21:39:39] [main/DEBUG] (FabricLoader/Mixin) Mixing EntityMixin from fabric-entity-events-v1.mixins.json into net.minecraft.world.entity.Entity
[21:39:39] [main/DEBUG] (FabricLoader/Mixin) Mixing fluid.EntityAccessor from fabric-content-registries-v0.mixins.json into net.minecraft.world.entity.Entity
[21:39:39] [main/DEBUG] (FabricLoader/Mixin) Mixing fluid.EntityMixin from fabric-content-registries-v0.mixins.json into net.minecraft.world.entity.Entity
[21:39:39] [main/DEBUG] (FabricLoader/Mixin) fabric-data-attachment-api-v1.mixins.json:EntityMixin from mod fabric-data-attachment-api-v1->@Inject::readEntityAttachments(Lnet/minecraft/world/level/storage/ValueInput;Lorg/spongepowered/asm/mixin/injection/callback/CallbackInfo;)V doesn't use it's CallbackInfo
[21:39:39] [main/DEBUG] (FabricLoader/Mixin) fabric-data-attachment-api-v1.mixins.json:EntityMixin from mod fabric-data-attachment-api-v1->@Inject::readEntityAttachments(Lnet/minecraft/world/level/storage/ValueInput;Lorg/spongepowered/asm/mixin/injection/callback/CallbackInfo;)V has 0 override(s) in child classes
[21:39:39] [main/DEBUG] (FabricLoader/Mixin) fabric-data-attachment-api-v1.mixins.json:EntityMixin from mod fabric-data-attachment-api-v1->@Inject::readEntityAttachments(Lnet/minecraft/world/level/storage/ValueInput;Lorg/spongepowered/asm/mixin/injection/callback/CallbackInfo;)V won't be passed a CallbackInfo as a result
[21:39:39] [main/DEBUG] (FabricLoader/Mixin) fabric-data-attachment-api-v1.mixins.json:EntityMixin from mod fabric-data-attachment-api-v1->@Inject::writeEntityAttachments(Lnet/minecraft/world/level/storage/ValueOutput;Lorg/spongepowered/asm/mixin/injection/callback/CallbackInfo;)V doesn't use it's CallbackInfo
[21:39:39] [main/DEBUG] (FabricLoader/Mixin) fabric-data-attachment-api-v1.mixins.json:EntityMixin from mod fabric-data-attachment-api-v1->@Inject::writeEntityAttachments(Lnet/minecraft/world/level/storage/ValueOutput;Lorg/spongepowered/asm/mixin/injection/callback/CallbackInfo;)V has 0 override(s) in child classes
[21:39:39] [main/DEBUG] (FabricLoader/Mixin) fabric-data-attachment-api-v1.mixins.json:EntityMixin from mod fabric-data-attachment-api-v1->@Inject::writeEntityAttachments(Lnet/minecraft/world/level/storage/ValueOutput;Lorg/spongepowered/asm/mixin/injection/callback/CallbackInfo;)V won't be passed a CallbackInfo as a result
[21:39:39] [main/DEBUG] (FabricLoader/Mixin) fabric-data-attachment-api-v1.mixins.json:EntityMixin from mod fabric-data-attachment-api-v1->@Inject::setId(ILorg/spongepowered/asm/mixin/injection/callback/CallbackInfo;)V doesn't use it's CallbackInfo
[21:39:39] [main/DEBUG] (FabricLoader/Mixin) fabric-data-attachment-api-v1.mixins.json:EntityMixin from mod fabric-data-attachment-api-v1->@Inject::setId(ILorg/spongepowered/asm/mixin/injection/callback/CallbackInfo;)V has 0 override(s) in child classes
[21:39:39] [main/DEBUG] (FabricLoader/Mixin) fabric-data-attachment-api-v1.mixins.json:EntityMixin from mod fabric-data-attachment-api-v1->@Inject::setId(ILorg/spongepowered/asm/mixin/injection/callback/CallbackInfo;)V won't be passed a CallbackInfo as a result
[21:39:39] [main/DEBUG] (FabricLoader/Mixin) fabric-debug-api-v1.mixins.json:EntityMixin from mod fabric-debug-api-v1->@Inject::addDebugValues(Lnet/minecraft/server/level/ServerLevel;Lnet/minecraft/util/debug/DebugValueSource$Registration;Lorg/spongepowered/asm/mixin/injection/callback/CallbackInfo;)V doesn't use it's CallbackInfo
[21:39:39] [main/DEBUG] (FabricLoader/Mixin) fabric-debug-api-v1.mixins.json:EntityMixin from mod fabric-debug-api-v1->@Inject::addDebugValues(Lnet/minecraft/server/level/ServerLevel;Lnet/minecraft/util/debug/DebugValueSource$Registration;Lorg/spongepowered/asm/mixin/injection/callback/CallbackInfo;)V has 0 override(s) in child classes
[21:39:39] [main/DEBUG] (FabricLoader/Mixin) fabric-debug-api-v1.mixins.json:EntityMixin from mod fabric-debug-api-v1->@Inject::addDebugValues(Lnet/minecraft/server/level/ServerLevel;Lnet/minecraft/util/debug/DebugValueSource$Registration;Lorg/spongepowered/asm/mixin/injection/callback/CallbackInfo;)V won't be passed a CallbackInfo as a result
[21:39:39] [main/DEBUG] (FabricLoader/Mixin) fabric-permission-api-v1.mixins.json:EntityMixin from mod fabric-permission-api-v1->@Inject::createPermissionContext(Lnet/minecraft/world/entity/EntityType;Lnet/minecraft/world/level/Level;Lorg/spongepowered/asm/mixin/injection/callback/CallbackInfo;)V doesn't use it's CallbackInfo
[21:39:39] [main/DEBUG] (FabricLoader/Mixin) fabric-permission-api-v1.mixins.json:EntityMixin from mod fabric-permission-api-v1->@Inject::createPermissionContext(Lnet/minecraft/world/entity/EntityType;Lnet/minecraft/world/level/Level;Lorg/spongepowered/asm/mixin/injection/callback/CallbackInfo;)V has 0 override(s) in child classes
[21:39:39] [main/DEBUG] (FabricLoader/Mixin) fabric-permission-api-v1.mixins.json:EntityMixin from mod fabric-permission-api-v1->@Inject::createPermissionContext(Lnet/minecraft/world/entity/EntityType;Lnet/minecraft/world/level/Level;Lorg/spongepowered/asm/mixin/injection/callback/CallbackInfo;)V won't be passed a CallbackInfo as a result
[21:39:39] [main/DEBUG] (FabricLoader/Mixin) Mixing PlayerMixin from fabric-events-interaction-v0.mixins.json into net.minecraft.world.entity.player.Player
[21:39:39] [main/DEBUG] (FabricLoader/Mixin) Mixing PlayerMixin from fabric-entity-events-v1.mixins.json into net.minecraft.world.entity.player.Player
[21:39:39] [main/DEBUG] (FabricLoader/Mixin) fabric-events-interaction-v0.mixins.json:PlayerMixin from mod fabric-events-interaction-v0->@Inject::onPlayerInteractEntity(Lnet/minecraft/world/entity/Entity;Lorg/spongepowered/asm/mixin/injection/callback/CallbackInfo;)V does use it's CallbackInfo
[21:39:39] [main/DEBUG] (FabricLoader/Mixin) fabric-entity-events-v1.mixins.json:PlayerMixin from mod fabric-entity-events-v1->@Inject::onStartSleepInBed(Lnet/minecraft/world/level/block/AbstractBedBlock;Lnet/minecraft/world/level/block/state/BlockState;Lnet/minecraft/world/attribute/BedRule;Lnet/minecraft/core/BlockPos;Lorg/spongepowered/asm/mixin/injection/callback/CallbackInfoReturnable;)V does use it's CallbackInfoReturnable
[21:39:39] [main/DEBUG] (FabricLoader/Mixin) fabric-entity-events-v1.mixins.json:PlayerMixin from mod fabric-entity-events-v1->@Inject::onIsSleepingLongEnough(Lorg/spongepowered/asm/mixin/injection/callback/CallbackInfoReturnable;)V does use it's CallbackInfoReturnable
[21:39:39] [main/DEBUG] (FabricLoader/Mixin) Mixing LivingEntityMixin from fabric-item-api-v1.mixins.json into net.minecraft.world.entity.LivingEntity
[21:39:39] [main/DEBUG] (FabricLoader/Mixin) Mixing LivingEntityMixin from fabric-lifecycle-events-v1.mixins.json into net.minecraft.world.entity.LivingEntity
[21:39:39] [main/DEBUG] (FabricLoader/Mixin) Mixing LivingEntityMixin from fabric-particles-v1.mixins.json into net.minecraft.world.entity.LivingEntity
[21:39:39] [main/DEBUG] (FabricLoader/Mixin) Mixing LivingEntityMixin from fabric-block-api-v1.mixins.json into net.minecraft.world.entity.LivingEntity
[21:39:39] [main/DEBUG] (FabricLoader/Mixin) Mixing LivingEntityMixin from fabric-entity-events-v1.mixins.json into net.minecraft.world.entity.LivingEntity
[21:39:39] [main/DEBUG] (FabricLoader/Mixin) Mixing effect.LivingEntityMixin from fabric-entity-events-v1.mixins.json into net.minecraft.world.entity.LivingEntity
[21:39:39] [main/DEBUG] (FabricLoader/Mixin) Mixing elytra.LivingEntityMixin from fabric-entity-events-v1.mixins.json into net.minecraft.world.entity.LivingEntity
[21:39:39] [main/DEBUG] (FabricLoader/Mixin) Mixing fluid.LivingEntityAccessor from fabric-content-registries-v0.mixins.json into net.minecraft.world.entity.LivingEntity
[21:39:39] [main/DEBUG] (FabricLoader/Mixin) Mixing fluid.LivingEntityMixin from fabric-content-registries-v0.mixins.json into net.minecraft.world.entity.LivingEntity
[21:39:39] [main/DEBUG] (FabricLoader/Mixin) fabric-item-api-v1.mixins.json:LivingEntityMixin from mod fabric-item-api-v1->@Inject::onGetPreferredEquipmentSlot(Lnet/minecraft/world/item/ItemStack;Lorg/spongepowered/asm/mixin/injection/callback/CallbackInfoReturnable;)V does use it's CallbackInfoReturnable
[21:39:39] [main/DEBUG] (FabricLoader/Mixin) fabric-lifecycle-events-v1.mixins.json:LivingEntityMixin from mod fabric-lifecycle-events-v1->@Inject::getEquipmentChanges(Lorg/spongepowered/asm/mixin/injection/callback/CallbackInfoReturnable;)V doesn't use it's CallbackInfoReturnable
[21:39:39] [main/DEBUG] (FabricLoader/Mixin) fabric-lifecycle-events-v1.mixins.json:LivingEntityMixin from mod fabric-lifecycle-events-v1->@Inject::getEquipmentChanges(Lorg/spongepowered/asm/mixin/injection/callback/CallbackInfoReturnable;)V has 0 override(s) in child classes
[21:39:39] [main/DEBUG] (FabricLoader/Mixin) fabric-lifecycle-events-v1.mixins.json:LivingEntityMixin from mod fabric-lifecycle-events-v1->@Inject::getEquipmentChanges(Lorg/spongepowered/asm/mixin/injection/callback/CallbackInfoReturnable;)V won't be passed a CallbackInfoReturnable as a result
[21:39:39] [main/DEBUG] (FabricLoader/Mixin) fabric-block-api-v1.mixins.json:LivingEntityMixin from mod fabric-block-api-v1->@Inject::allowTaggedBlocksForTrapdoorClimbing(Lnet/minecraft/core/BlockPos;Lnet/minecraft/world/level/block/state/BlockState;Lorg/spongepowered/asm/mixin/injection/callback/CallbackInfoReturnable;)V does use it's CallbackInfoReturnable
[21:39:39] [main/DEBUG] (FabricLoader/Mixin) fabric-entity-events-v1.mixins.json:LivingEntityMixin from mod fabric-entity-events-v1->@Inject::notifyDeath(Lnet/minecraft/world/damagesource/DamageSource;Lorg/spongepowered/asm/mixin/injection/callback/CallbackInfo;)V doesn't use it's CallbackInfo
[21:39:39] [main/DEBUG] (FabricLoader/Mixin) fabric-entity-events-v1.mixins.json:LivingEntityMixin from mod fabric-entity-events-v1->@Inject::notifyDeath(Lnet/minecraft/world/damagesource/DamageSource;Lorg/spongepowered/asm/mixin/injection/callback/CallbackInfo;)V has 0 override(s) in child classes
[21:39:39] [main/DEBUG] (FabricLoader/Mixin) fabric-entity-events-v1.mixins.json:LivingEntityMixin from mod fabric-entity-events-v1->@Inject::notifyDeath(Lnet/minecraft/world/damagesource/DamageSource;Lorg/spongepowered/asm/mixin/injection/callback/CallbackInfo;)V won't be passed a CallbackInfo as a result
[21:39:39] [main/DEBUG] (FabricLoader/Mixin) fabric-entity-events-v1.mixins.json:LivingEntityMixin from mod fabric-entity-events-v1->@Inject::beforeDamage(Lnet/minecraft/server/level/ServerLevel;Lnet/minecraft/world/damagesource/DamageSource;FLorg/spongepowered/asm/mixin/injection/callback/CallbackInfoReturnable;)V does use it's CallbackInfoReturnable
[21:39:39] [main/DEBUG] (FabricLoader/Mixin) fabric-entity-events-v1.mixins.json:LivingEntityMixin from mod fabric-entity-events-v1->@Inject::afterDamage(Lnet/minecraft/server/level/ServerLevel;Lnet/minecraft/world/damagesource/DamageSource;FLorg/spongepowered/asm/mixin/injection/callback/CallbackInfoReturnable;)V doesn't use it's CallbackInfoReturnable
[21:39:39] [main/DEBUG] (FabricLoader/Mixin) fabric-entity-events-v1.mixins.json:LivingEntityMixin from mod fabric-entity-events-v1->@Inject::afterDamage(Lnet/minecraft/server/level/ServerLevel;Lnet/minecraft/world/damagesource/DamageSource;FLorg/spongepowered/asm/mixin/injection/callback/CallbackInfoReturnable;)V has 0 override(s) in child classes
[21:39:39] [main/DEBUG] (FabricLoader/Mixin) fabric-entity-events-v1.mixins.json:LivingEntityMixin from mod fabric-entity-events-v1->@Inject::afterDamage(Lnet/minecraft/server/level/ServerLevel;Lnet/minecraft/world/damagesource/DamageSource;FLorg/spongepowered/asm/mixin/injection/callback/CallbackInfoReturnable;)V won't be passed a CallbackInfoReturnable as a result
[21:39:39] [main/DEBUG] (FabricLoader/Mixin) fabric-entity-events-v1.mixins.json:LivingEntityMixin from mod fabric-entity-events-v1->@Inject::onSleep(Lnet/minecraft/core/BlockPos;Lorg/spongepowered/asm/mixin/injection/callback/CallbackInfoReturnable;)V does use it's CallbackInfoReturnable
[21:39:39] [main/DEBUG] (FabricLoader/Mixin) fabric-entity-events-v1.mixins.json:LivingEntityMixin from mod fabric-entity-events-v1->@Inject::onSleep(Lnet/minecraft/core/BlockPos;Lorg/spongepowered/asm/mixin/injection/callback/CallbackInfoReturnable;)V does use it's CallbackInfoReturnable
[21:39:39] [main/DEBUG] (FabricLoader/Mixin) fabric-entity-events-v1.mixins.json:LivingEntityMixin from mod fabric-entity-events-v1->@Inject::onSleep(Lnet/minecraft/core/BlockPos;Lorg/spongepowered/asm/mixin/injection/callback/CallbackInfoReturnable;)V does use it's CallbackInfoReturnable
[21:39:39] [main/DEBUG] (FabricLoader/Mixin) fabric-entity-events-v1.mixins.json:LivingEntityMixin from mod fabric-entity-events-v1->@Inject::onWakeUp(Lorg/spongepowered/asm/mixin/injection/callback/CallbackInfo;)V doesn't use it's CallbackInfo
[21:39:39] [main/DEBUG] (FabricLoader/Mixin) fabric-entity-events-v1.mixins.json:LivingEntityMixin from mod fabric-entity-events-v1->@Inject::onWakeUp(Lorg/spongepowered/asm/mixin/injection/callback/CallbackInfo;)V has 0 override(s) in child classes
[21:39:39] [main/DEBUG] (FabricLoader/Mixin) fabric-entity-events-v1.mixins.json:LivingEntityMixin from mod fabric-entity-events-v1->@Inject::onWakeUp(Lorg/spongepowered/asm/mixin/injection/callback/CallbackInfo;)V won't be passed a CallbackInfo as a result
[21:39:39] [main/DEBUG] (FabricLoader/Mixin) fabric-entity-events-v1.mixins.json:LivingEntityMixin from mod fabric-entity-events-v1->@Inject::onIsSleepingInBed(Lorg/spongepowered/asm/mixin/injection/callback/CallbackInfoReturnable;)V does use it's CallbackInfoReturnable
[21:39:39] [main/DEBUG] (FabricLoader/Mixin) fabric-entity-events-v1.mixins.json:effect.LivingEntityMixin from mod fabric-entity-events-v1->@Inject::beforeAddEffect(Lnet/minecraft/world/effect/MobEffectInstance;Lnet/minecraft/world/entity/Entity;Lorg/spongepowered/asm/mixin/injection/callback/CallbackInfoReturnable;)V doesn't use it's CallbackInfoReturnable
[21:39:39] [main/DEBUG] (FabricLoader/Mixin) fabric-entity-events-v1.mixins.json:effect.LivingEntityMixin from mod fabric-entity-events-v1->@Inject::beforeAddEffect(Lnet/minecraft/world/effect/MobEffectInstance;Lnet/minecraft/world/entity/Entity;Lorg/spongepowered/asm/mixin/injection/callback/CallbackInfoReturnable;)V has 0 override(s) in child classes
[21:39:39] [main/DEBUG] (FabricLoader/Mixin) fabric-entity-events-v1.mixins.json:effect.LivingEntityMixin from mod fabric-entity-events-v1->@Inject::beforeAddEffect(Lnet/minecraft/world/effect/MobEffectInstance;Lnet/minecraft/world/entity/Entity;Lorg/spongepowered/asm/mixin/injection/callback/CallbackInfoReturnable;)V won't be passed a CallbackInfoReturnable as a result
[21:39:39] [main/DEBUG] (FabricLoader/Mixin) fabric-entity-events-v1.mixins.json:effect.LivingEntityMixin from mod fabric-entity-events-v1->@Inject::beforeForceAddEffect(Lnet/minecraft/world/effect/MobEffectInstance;Lnet/minecraft/world/entity/Entity;Lorg/spongepowered/asm/mixin/injection/callback/CallbackInfo;)V doesn't use it's CallbackInfo
[21:39:39] [main/DEBUG] (FabricLoader/Mixin) fabric-entity-events-v1.mixins.json:effect.LivingEntityMixin from mod fabric-entity-events-v1->@Inject::beforeForceAddEffect(Lnet/minecraft/world/effect/MobEffectInstance;Lnet/minecraft/world/entity/Entity;Lorg/spongepowered/asm/mixin/injection/callback/CallbackInfo;)V has 0 override(s) in child classes
[21:39:39] [main/DEBUG] (FabricLoader/Mixin) fabric-entity-events-v1.mixins.json:effect.LivingEntityMixin from mod fabric-entity-events-v1->@Inject::beforeForceAddEffect(Lnet/minecraft/world/effect/MobEffectInstance;Lnet/minecraft/world/entity/Entity;Lorg/spongepowered/asm/mixin/injection/callback/CallbackInfo;)V won't be passed a CallbackInfo as a result
[21:39:39] [main/DEBUG] (FabricLoader/Mixin) fabric-entity-events-v1.mixins.json:effect.LivingEntityMixin from mod fabric-entity-events-v1->@Inject::afterAddEffect(Lnet/minecraft/world/effect/MobEffectInstance;Lnet/minecraft/world/entity/Entity;Lorg/spongepowered/asm/mixin/injection/callback/CallbackInfo;)V doesn't use it's CallbackInfo
[21:39:39] [main/DEBUG] (FabricLoader/Mixin) fabric-entity-events-v1.mixins.json:effect.LivingEntityMixin from mod fabric-entity-events-v1->@Inject::afterAddEffect(Lnet/minecraft/world/effect/MobEffectInstance;Lnet/minecraft/world/entity/Entity;Lorg/spongepowered/asm/mixin/injection/callback/CallbackInfo;)V has 0 override(s) in child classes
[21:39:39] [main/DEBUG] (FabricLoader/Mixin) fabric-entity-events-v1.mixins.json:effect.LivingEntityMixin from mod fabric-entity-events-v1->@Inject::afterAddEffect(Lnet/minecraft/world/effect/MobEffectInstance;Lnet/minecraft/world/entity/Entity;Lorg/spongepowered/asm/mixin/injection/callback/CallbackInfo;)V won't be passed a CallbackInfo as a result
[21:39:39] [main/DEBUG] (FabricLoader/Mixin) fabric-entity-events-v1.mixins.json:effect.LivingEntityMixin from mod fabric-entity-events-v1->@Inject::beforeRemoveEffect(Lnet/minecraft/core/Holder;Lorg/spongepowered/asm/mixin/injection/callback/CallbackInfoReturnable;)V doesn't use it's CallbackInfoReturnable
[21:39:39] [main/DEBUG] (FabricLoader/Mixin) fabric-entity-events-v1.mixins.json:effect.LivingEntityMixin from mod fabric-entity-events-v1->@Inject::beforeRemoveEffect(Lnet/minecraft/core/Holder;Lorg/spongepowered/asm/mixin/injection/callback/CallbackInfoReturnable;)V has 0 override(s) in child classes
[21:39:39] [main/DEBUG] (FabricLoader/Mixin) fabric-entity-events-v1.mixins.json:effect.LivingEntityMixin from mod fabric-entity-events-v1->@Inject::beforeRemoveEffect(Lnet/minecraft/core/Holder;Lorg/spongepowered/asm/mixin/injection/callback/CallbackInfoReturnable;)V won't be passed a CallbackInfoReturnable as a result
[21:39:39] [main/DEBUG] (FabricLoader/Mixin) fabric-entity-events-v1.mixins.json:effect.LivingEntityMixin from mod fabric-entity-events-v1->@Inject::beforeExpireRemoveEffect(Lorg/spongepowered/asm/mixin/injection/callback/CallbackInfo;)V doesn't use it's CallbackInfo
[21:39:39] [main/DEBUG] (FabricLoader/Mixin) fabric-entity-events-v1.mixins.json:effect.LivingEntityMixin from mod fabric-entity-events-v1->@Inject::beforeExpireRemoveEffect(Lorg/spongepowered/asm/mixin/injection/callback/CallbackInfo;)V has 0 override(s) in child classes
[21:39:39] [main/DEBUG] (FabricLoader/Mixin) fabric-entity-events-v1.mixins.json:effect.LivingEntityMixin from mod fabric-entity-events-v1->@Inject::beforeExpireRemoveEffect(Lorg/spongepowered/asm/mixin/injection/callback/CallbackInfo;)V won't be passed a CallbackInfo as a result
[21:39:39] [main/DEBUG] (FabricLoader/Mixin) fabric-entity-events-v1.mixins.json:effect.LivingEntityMixin from mod fabric-entity-events-v1->@Inject::beforeRemoveAllEffects(Lorg/spongepowered/asm/mixin/injection/callback/CallbackInfoReturnable;)V doesn't use it's CallbackInfoReturnable
[21:39:39] [main/DEBUG] (FabricLoader/Mixin) fabric-entity-events-v1.mixins.json:effect.LivingEntityMixin from mod fabric-entity-events-v1->@Inject::beforeRemoveAllEffects(Lorg/spongepowered/asm/mixin/injection/callback/CallbackInfoReturnable;)V has 0 override(s) in child classes
[21:39:39] [main/DEBUG] (FabricLoader/Mixin) fabric-entity-events-v1.mixins.json:effect.LivingEntityMixin from mod fabric-entity-events-v1->@Inject::beforeRemoveAllEffects(Lorg/spongepowered/asm/mixin/injection/callback/CallbackInfoReturnable;)V won't be passed a CallbackInfoReturnable as a result
[21:39:39] [main/DEBUG] (FabricLoader/Mixin) fabric-entity-events-v1.mixins.json:effect.LivingEntityMixin from mod fabric-entity-events-v1->@Inject::afterRemoveEffect(Ljava/util/Collection;Lorg/spongepowered/asm/mixin/injection/callback/CallbackInfo;)V doesn't use it's CallbackInfo
[21:39:39] [main/DEBUG] (FabricLoader/Mixin) fabric-entity-events-v1.mixins.json:effect.LivingEntityMixin from mod fabric-entity-events-v1->@Inject::afterRemoveEffect(Ljava/util/Collection;Lorg/spongepowered/asm/mixin/injection/callback/CallbackInfo;)V has 0 override(s) in child classes
[21:39:39] [main/DEBUG] (FabricLoader/Mixin) fabric-entity-events-v1.mixins.json:effect.LivingEntityMixin from mod fabric-entity-events-v1->@Inject::afterRemoveEffect(Ljava/util/Collection;Lorg/spongepowered/asm/mixin/injection/callback/CallbackInfo;)V won't be passed a CallbackInfo as a result
[21:39:39] [main/DEBUG] (FabricLoader/Mixin) fabric-entity-events-v1.mixins.json:effect.LivingEntityMixin from mod fabric-entity-events-v1->@Inject::afterRemoveEffect(Ljava/util/Collection;Lorg/spongepowered/asm/mixin/injection/callback/CallbackInfo;)V doesn't use it's CallbackInfo
[21:39:39] [main/DEBUG] (FabricLoader/Mixin) fabric-entity-events-v1.mixins.json:effect.LivingEntityMixin from mod fabric-entity-events-v1->@Inject::afterRemoveEffect(Ljava/util/Collection;Lorg/spongepowered/asm/mixin/injection/callback/CallbackInfo;)V has 0 override(s) in child classes
[21:39:39] [main/DEBUG] (FabricLoader/Mixin) fabric-entity-events-v1.mixins.json:effect.LivingEntityMixin from mod fabric-entity-events-v1->@Inject::afterRemoveEffect(Ljava/util/Collection;Lorg/spongepowered/asm/mixin/injection/callback/CallbackInfo;)V won't be passed a CallbackInfo as a result
[21:39:39] [main/DEBUG] (FabricLoader/Mixin) fabric-entity-events-v1.mixins.json:elytra.LivingEntityMixin from mod fabric-entity-events-v1->@Inject::injectElytraTick(Lorg/spongepowered/asm/mixin/injection/callback/CallbackInfo;)V does use it's CallbackInfo
[21:39:39] [main/DEBUG] (FabricLoader/Mixin) fabric-entity-events-v1.mixins.json:elytra.LivingEntityMixin from mod fabric-entity-events-v1->@Inject::injectElytraCheck(Lorg/spongepowered/asm/mixin/injection/callback/CallbackInfoReturnable;)V does use it's CallbackInfoReturnable
[21:39:39] [main/DEBUG] (FabricLoader/Mixin) fabric-content-registries-v0.mixins.json:fluid.LivingEntityMixin from mod fabric-content-registries-v0->@Inject::travelFlyingInCustomFluid(Lnet/minecraft/world/phys/Vec3;FFFLorg/spongepowered/asm/mixin/injection/callback/CallbackInfo;)V does use it's CallbackInfo
[21:39:39] [main/DEBUG] (FabricLoader/Mixin) Mixing LevelReaderMixin from fabric-block-getter-api-v2.mixins.json into net.minecraft.world.level.LevelReader
[21:39:39] [main/DEBUG] (FabricLoader/Mixin) Mixing ServerPlayerMixin from fabric-menu-api-v1.mixins.json into net.minecraft.server.level.ServerPlayer
[21:39:39] [main/DEBUG] (FabricLoader/Mixin) Mixing ServerPlayerMixin from fabric-events-interaction-v0.mixins.json into net.minecraft.server.level.ServerPlayer
[21:39:39] [main/DEBUG] (FabricLoader/Mixin) Mixing ServerPlayerMixin from fabric-particles-v1.mixins.json into net.minecraft.server.level.ServerPlayer
[21:39:39] [main/DEBUG] (FabricLoader/Mixin) Mixing ServerPlayerMixin from fabric-entity-events-v1.mixins.json into net.minecraft.server.level.ServerPlayer
[21:39:39] [main/DEBUG] (FabricLoader/Mixin) Mixing ServerPlayerMixin from fabric-networking-api-v1.mixins.json into net.minecraft.server.level.ServerPlayer
[21:39:39] [main/DEBUG] (FabricLoader/Mixin) fabric-menu-api-v1.mixins.json:ServerPlayerMixin from mod fabric-menu-api-v1->@Inject::fabric_storeOpenedMenu(Lnet/minecraft/world/MenuProvider;Lorg/spongepowered/asm/mixin/injection/callback/CallbackInfoReturnable;)V doesn't use it's CallbackInfoReturnable
[21:39:39] [main/DEBUG] (FabricLoader/Mixin) fabric-menu-api-v1.mixins.json:ServerPlayerMixin from mod fabric-menu-api-v1->@Inject::fabric_storeOpenedMenu(Lnet/minecraft/world/MenuProvider;Lorg/spongepowered/asm/mixin/injection/callback/CallbackInfoReturnable;)V has 0 override(s) in child classes
[21:39:39] [main/DEBUG] (FabricLoader/Mixin) fabric-menu-api-v1.mixins.json:ServerPlayerMixin from mod fabric-menu-api-v1->@Inject::fabric_storeOpenedMenu(Lnet/minecraft/world/MenuProvider;Lorg/spongepowered/asm/mixin/injection/callback/CallbackInfoReturnable;)V won't be passed a CallbackInfoReturnable as a result
[21:39:39] [main/DEBUG] (FabricLoader/Mixin) fabric-events-interaction-v0.mixins.json:ServerPlayerMixin from mod fabric-events-interaction-v0->@Inject::fakePlayerGameMode(Lnet/minecraft/world/level/GameType;Lorg/spongepowered/asm/mixin/injection/callback/CallbackInfoReturnable;)V does use it's CallbackInfoReturnable
[21:39:39] [main/DEBUG] (FabricLoader/Mixin) fabric-entity-events-v1.mixins.json:ServerPlayerMixin from mod fabric-entity-events-v1->@Inject::callOnKillForPlayer(Lnet/minecraft/world/damagesource/DamageSource;Lorg/spongepowered/asm/mixin/injection/callback/CallbackInfo;)V doesn't use it's CallbackInfo
[21:39:39] [main/DEBUG] (FabricLoader/Mixin) fabric-entity-events-v1.mixins.json:ServerPlayerMixin from mod fabric-entity-events-v1->@Inject::callOnKillForPlayer(Lnet/minecraft/world/damagesource/DamageSource;Lorg/spongepowered/asm/mixin/injection/callback/CallbackInfo;)V has 0 override(s) in child classes
[21:39:39] [main/DEBUG] (FabricLoader/Mixin) fabric-entity-events-v1.mixins.json:ServerPlayerMixin from mod fabric-entity-events-v1->@Inject::callOnKillForPlayer(Lnet/minecraft/world/damagesource/DamageSource;Lorg/spongepowered/asm/mixin/injection/callback/CallbackInfo;)V won't be passed a CallbackInfo as a result
[21:39:39] [main/DEBUG] (FabricLoader/Mixin) fabric-entity-events-v1.mixins.json:ServerPlayerMixin from mod fabric-entity-events-v1->@Inject::notifyDeath(Lnet/minecraft/world/damagesource/DamageSource;Lorg/spongepowered/asm/mixin/injection/callback/CallbackInfo;)V doesn't use it's CallbackInfo
[21:39:39] [main/DEBUG] (FabricLoader/Mixin) fabric-entity-events-v1.mixins.json:ServerPlayerMixin from mod fabric-entity-events-v1->@Inject::notifyDeath(Lnet/minecraft/world/damagesource/DamageSource;Lorg/spongepowered/asm/mixin/injection/callback/CallbackInfo;)V has 0 override(s) in child classes
[21:39:39] [main/DEBUG] (FabricLoader/Mixin) fabric-entity-events-v1.mixins.json:ServerPlayerMixin from mod fabric-entity-events-v1->@Inject::notifyDeath(Lnet/minecraft/world/damagesource/DamageSource;Lorg/spongepowered/asm/mixin/injection/callback/CallbackInfo;)V won't be passed a CallbackInfo as a result
[21:39:39] [main/DEBUG] (FabricLoader/Mixin) fabric-entity-events-v1.mixins.json:ServerPlayerMixin from mod fabric-entity-events-v1->@Inject::afterLevelChanged(Lnet/minecraft/server/level/ServerLevel;Lorg/spongepowered/asm/mixin/injection/callback/CallbackInfo;)V doesn't use it's CallbackInfo
[21:39:39] [main/DEBUG] (FabricLoader/Mixin) fabric-entity-events-v1.mixins.json:ServerPlayerMixin from mod fabric-entity-events-v1->@Inject::afterLevelChanged(Lnet/minecraft/server/level/ServerLevel;Lorg/spongepowered/asm/mixin/injection/callback/CallbackInfo;)V has 0 override(s) in child classes
[21:39:39] [main/DEBUG] (FabricLoader/Mixin) fabric-entity-events-v1.mixins.json:ServerPlayerMixin from mod fabric-entity-events-v1->@Inject::afterLevelChanged(Lnet/minecraft/server/level/ServerLevel;Lorg/spongepowered/asm/mixin/injection/callback/CallbackInfo;)V won't be passed a CallbackInfo as a result
[21:39:39] [main/DEBUG] (FabricLoader/Mixin) fabric-entity-events-v1.mixins.json:ServerPlayerMixin from mod fabric-entity-events-v1->@Inject::onCopyFrom(Lnet/minecraft/server/level/ServerPlayer;ZLorg/spongepowered/asm/mixin/injection/callback/CallbackInfo;)V doesn't use it's CallbackInfo
[21:39:39] [main/DEBUG] (FabricLoader/Mixin) fabric-entity-events-v1.mixins.json:ServerPlayerMixin from mod fabric-entity-events-v1->@Inject::onCopyFrom(Lnet/minecraft/server/level/ServerPlayer;ZLorg/spongepowered/asm/mixin/injection/callback/CallbackInfo;)V has 0 override(s) in child classes
[21:39:39] [main/DEBUG] (FabricLoader/Mixin) fabric-entity-events-v1.mixins.json:ServerPlayerMixin from mod fabric-entity-events-v1->@Inject::onCopyFrom(Lnet/minecraft/server/level/ServerPlayer;ZLorg/spongepowered/asm/mixin/injection/callback/CallbackInfo;)V won't be passed a CallbackInfo as a result
[21:39:39] [main/DEBUG] (FabricLoader/Mixin) Mixing AttachmentTargetsMixin from fabric-data-attachment-api-v1.mixins.json into net.minecraft.world.level.Level
[21:39:39] [main/DEBUG] (FabricLoader/Mixin) Mixing LevelMixin from fabric-data-attachment-api-v1.mixins.json into net.minecraft.world.level.Level
[21:39:39] [main/DEBUG] (FabricLoader/Mixin) Mixing LevelMixin from fabric-lifecycle-events-v1.mixins.json into net.minecraft.world.level.Level
[21:39:39] [main/DEBUG] (FabricLoader/Mixin) Mixing ServerLevelMixin from fabric-data-attachment-api-v1.mixins.json into net.minecraft.server.level.ServerLevel
[21:39:39] [main/DEBUG] (FabricLoader/Mixin) Renaming synthetic method lambda$fabric_syncChange$0(Lnet/fabricmc/fabric/api/attachment/v1/AttachmentType;Lnet/fabricmc/fabric/impl/attachment/sync/AttachmentChange;Lnet/minecraft/server/level/ServerPlayer;)V to md17564f$fabric-data-attachment-api-v1$lambda$fabric_syncChange$0$0 in fabric-data-attachment-api-v1.mixins.json:ServerLevelMixin from mod fabric-data-attachment-api-v1
[21:39:39] [main/DEBUG] (FabricLoader/Mixin) Renaming synthetic method lambda$createAttachmentsPersistentState$0(Lnet/minecraft/server/level/ServerLevel;)Lnet/fabricmc/fabric/impl/attachment/AttachmentSavedData; to md17564f$fabric-data-attachment-api-v1$lambda$createAttachmentsPersistentState$0$1 in fabric-data-attachment-api-v1.mixins.json:ServerLevelMixin from mod fabric-data-attachment-api-v1
[21:39:39] [main/DEBUG] (FabricLoader/Mixin) Mixing ServerLevelMixin from fabric-lifecycle-events-v1.mixins.json into net.minecraft.server.level.ServerLevel
[21:39:39] [main/DEBUG] (FabricLoader/Mixin) Mixing ServerLevelMixin from fabric-api-lookup-api-v1.mixins.json into net.minecraft.server.level.ServerLevel
[21:39:39] [main/DEBUG] (FabricLoader/Mixin) Renaming synthetic method lambda$fabric_invalidateCache$2(Ljava/util/Map$Entry;)Z to md17564f$fabric-api-lookup-api-v1$lambda$fabric_invalidateCache$2$2 in fabric-api-lookup-api-v1.mixins.json:ServerLevelMixin from mod fabric-api-lookup-api-v1
[21:39:39] [main/DEBUG] (FabricLoader/Mixin) Renaming synthetic method lambda$fabric_invalidateCache$3(Ljava/lang/ref/WeakReference;)Z to md17564f$fabric-api-lookup-api-v1$lambda$fabric_invalidateCache$3$3 in fabric-api-lookup-api-v1.mixins.json:ServerLevelMixin from mod fabric-api-lookup-api-v1
[21:39:39] [main/DEBUG] (FabricLoader/Mixin) Renaming synthetic method lambda$fabric_invalidateCache$1(Ljava/lang/ref/WeakReference;)V to md17564f$fabric-api-lookup-api-v1$lambda$fabric_invalidateCache$1$4 in fabric-api-lookup-api-v1.mixins.json:ServerLevelMixin from mod fabric-api-lookup-api-v1
[21:39:39] [main/DEBUG] (FabricLoader/Mixin) Renaming synthetic method lambda$fabric_invalidateCache$0(Ljava/lang/ref/WeakReference;)Z to md17564f$fabric-api-lookup-api-v1$lambda$fabric_invalidateCache$0$5 in fabric-api-lookup-api-v1.mixins.json:ServerLevelMixin from mod fabric-api-lookup-api-v1
[21:39:39] [main/DEBUG] (FabricLoader/Mixin) Renaming synthetic method lambda$fabric_registerCache$1(Ljava/lang/ref/WeakReference;)Z to md17564f$fabric-api-lookup-api-v1$lambda$fabric_registerCache$1$6 in fabric-api-lookup-api-v1.mixins.json:ServerLevelMixin from mod fabric-api-lookup-api-v1
[21:39:39] [main/DEBUG] (FabricLoader/Mixin) Renaming synthetic method lambda$fabric_registerCache$0(Lnet/minecraft/core/BlockPos;)Ljava/util/List; to md17564f$fabric-api-lookup-api-v1$lambda$fabric_registerCache$0$7 in fabric-api-lookup-api-v1.mixins.json:ServerLevelMixin from mod fabric-api-lookup-api-v1
[21:39:39] [main/DEBUG] (FabricLoader/Mixin) fabric-data-attachment-api-v1.mixins.json:ServerLevelMixin from mod fabric-data-attachment-api-v1->@Inject::createAttachmentsPersistentState(Lorg/spongepowered/asm/mixin/injection/callback/CallbackInfo;)V doesn't use it's CallbackInfo
[21:39:39] [main/DEBUG] (FabricLoader/Mixin) fabric-data-attachment-api-v1.mixins.json:ServerLevelMixin from mod fabric-data-attachment-api-v1->@Inject::createAttachmentsPersistentState(Lorg/spongepowered/asm/mixin/injection/callback/CallbackInfo;)V has 0 override(s) in child classes
[21:39:39] [main/DEBUG] (FabricLoader/Mixin) fabric-data-attachment-api-v1.mixins.json:ServerLevelMixin from mod fabric-data-attachment-api-v1->@Inject::createAttachmentsPersistentState(Lorg/spongepowered/asm/mixin/injection/callback/CallbackInfo;)V won't be passed a CallbackInfo as a result
[21:39:39] [main/DEBUG] (FabricLoader/Mixin) fabric-lifecycle-events-v1.mixins.json:ServerLevelMixin from mod fabric-lifecycle-events-v1->@Inject::startLevelTick(Ljava/util/function/BooleanSupplier;Lorg/spongepowered/asm/mixin/injection/callback/CallbackInfo;)V doesn't use it's CallbackInfo
[21:39:39] [main/DEBUG] (FabricLoader/Mixin) fabric-lifecycle-events-v1.mixins.json:ServerLevelMixin from mod fabric-lifecycle-events-v1->@Inject::startLevelTick(Ljava/util/function/BooleanSupplier;Lorg/spongepowered/asm/mixin/injection/callback/CallbackInfo;)V has 0 override(s) in child classes
[21:39:39] [main/DEBUG] (FabricLoader/Mixin) fabric-lifecycle-events-v1.mixins.json:ServerLevelMixin from mod fabric-lifecycle-events-v1->@Inject::startLevelTick(Ljava/util/function/BooleanSupplier;Lorg/spongepowered/asm/mixin/injection/callback/CallbackInfo;)V won't be passed a CallbackInfo as a result
[21:39:39] [main/DEBUG] (FabricLoader/Mixin) fabric-lifecycle-events-v1.mixins.json:ServerLevelMixin from mod fabric-lifecycle-events-v1->@Inject::endLevelTick(Ljava/util/function/BooleanSupplier;Lorg/spongepowered/asm/mixin/injection/callback/CallbackInfo;)V doesn't use it's CallbackInfo
[21:39:39] [main/DEBUG] (FabricLoader/Mixin) fabric-lifecycle-events-v1.mixins.json:ServerLevelMixin from mod fabric-lifecycle-events-v1->@Inject::endLevelTick(Ljava/util/function/BooleanSupplier;Lorg/spongepowered/asm/mixin/injection/callback/CallbackInfo;)V has 0 override(s) in child classes
[21:39:39] [main/DEBUG] (FabricLoader/Mixin) fabric-lifecycle-events-v1.mixins.json:ServerLevelMixin from mod fabric-lifecycle-events-v1->@Inject::endLevelTick(Ljava/util/function/BooleanSupplier;Lorg/spongepowered/asm/mixin/injection/callback/CallbackInfo;)V won't be passed a CallbackInfo as a result
[21:39:40] [main/DEBUG] (FabricLoader/Mixin) Mixing BlockStateMixin from fabric-block-api-v1.mixins.json into net.minecraft.world.level.block.state.BlockState
[21:39:40] [main/DEBUG] (FabricLoader/Mixin) Mixing BlockBehaviourBlockStateBaseMixin from fabric-events-interaction-v0.mixins.json into net.minecraft.world.level.block.state.BlockBehaviour$BlockStateBase
[21:39:40] [main/DEBUG] (FabricLoader/Mixin) Mixing BlockBehaviourBlockStateBaseMixin from fabric-content-registries-v0.mixins.json into net.minecraft.world.level.block.state.BlockBehaviour$BlockStateBase
[21:39:40] [main/DEBUG] (FabricLoader/Mixin) fabric-events-interaction-v0.mixins.json:BlockBehaviourBlockStateBaseMixin from mod fabric-events-interaction-v0->@Inject::callUseItemOnEvent(Lnet/minecraft/world/item/ItemStack;Lnet/minecraft/world/level/Level;Lnet/minecraft/world/entity/player/Player;Lnet/minecraft/world/InteractionHand;Lnet/minecraft/world/phys/BlockHitResult;Lorg/spongepowered/asm/mixin/injection/callback/CallbackInfoReturnable;)V does use it's CallbackInfoReturnable
[21:39:40] [main/DEBUG] (FabricLoader/Mixin) fabric-events-interaction-v0.mixins.json:BlockBehaviourBlockStateBaseMixin from mod fabric-events-interaction-v0->@Inject::callUseWithoutItemEvent(Lnet/minecraft/world/level/Level;Lnet/minecraft/world/entity/player/Player;Lnet/minecraft/world/phys/BlockHitResult;Lorg/spongepowered/asm/mixin/injection/callback/CallbackInfoReturnable;)V does use it's CallbackInfoReturnable
[21:39:40] [main/DEBUG] (FabricLoader/Mixin) Mixing IdMapperMixin from fabric-registry-sync-v0.mixins.json into net.minecraft.core.IdMapper
[21:39:40] [main/DEBUG] (FabricLoader/Mixin) Renaming synthetic method lambda$fabric_remapIds$0(Lit/unimi/dsi/fastutil/ints/Int2IntMap;Ljava/lang/Object;Ljava/lang/Integer;)Ljava/lang/Integer; to md17564f$fabric-registry-sync-v0$lambda$fabric_remapIds$0$0 in fabric-registry-sync-v0.mixins.json:IdMapperMixin from mod fabric-registry-sync-v0
[21:39:40] [main/DEBUG] (FabricLoader/Mixin) Mixing RegistryFriendlyByteBufMixin from fabric-networking-api-v1.mixins.json into net.minecraft.network.RegistryFriendlyByteBuf
[21:39:40] [main/DEBUG] (FabricLoader/Mixin) Mixing BlocksMixin from fabric-registry-sync-v0.mixins.json into net.minecraft.world.level.block.Blocks
[21:39:40] [main/DEBUG] (FabricLoader/Mixin) Renaming synthetic method lambda$initShapeCache$0(ILnet/minecraft/resources/Identifier;Lnet/minecraft/world/level/block/Block;)V to md17564f$fabric-registry-sync-v0$lambda$initShapeCache$0$0 in fabric-registry-sync-v0.mixins.json:BlocksMixin from mod fabric-registry-sync-v0
[21:39:40] [main/DEBUG] (FabricLoader/Mixin) fabric-registry-sync-v0.mixins.json:BlocksMixin from mod fabric-registry-sync-v0->@Inject::initShapeCache(Lorg/spongepowered/asm/mixin/injection/callback/CallbackInfo;)V doesn't use it's CallbackInfo
[21:39:40] [main/DEBUG] (FabricLoader/Mixin) Mixing LiquidBlockMixin from fabric-block-api-v1.mixins.json into net.minecraft.world.level.block.LiquidBlock
[21:39:40] [main/DEBUG] (FabricLoader/Mixin) fabric-block-api-v1.mixins.json:LiquidBlockMixin from mod fabric-block-api-v1->@Inject::shouldSpreadLiquid(Lnet/minecraft/world/level/Level;Lnet/minecraft/core/BlockPos;Lnet/minecraft/world/level/block/state/BlockState;Lorg/spongepowered/asm/mixin/injection/callback/CallbackInfoReturnable;)V does use it's CallbackInfoReturnable
[21:39:40] [main/DEBUG] (FabricLoader/Mixin) Mixing WeatheringCopperMixin from fabric-content-registries-v0.mixins.json into net.minecraft.world.level.block.WeatheringCopper
[21:39:40] [main/DEBUG] (FabricLoader/Mixin) fabric-content-registries-v0.mixins.json:WeatheringCopperMixin from mod fabric-content-registries-v0->@Inject::createOxidationLevelIncreasesMap(Lorg/spongepowered/asm/mixin/injection/callback/CallbackInfoReturnable;)V does use it's CallbackInfoReturnable
[21:39:40] [main/DEBUG] (FabricLoader/Mixin) Mixing BlockBehaviourPropertiesMixin from fabric-block-api-v1.mixins.json into net.minecraft.world.level.block.state.BlockBehaviour$Properties
[21:39:40] [main/DEBUG] (FabricLoader/Mixin) Mixing EntityTypeMixin from fabric-object-builder-v1.mixins.json into net.minecraft.world.entity.EntityType
[21:39:40] [main/DEBUG] (FabricLoader/Mixin) Mixing EntityTypeMixin from fabric-lifecycle-events-v1.mixins.json into net.minecraft.world.entity.EntityType
[21:39:40] [main/DEBUG] (FabricLoader/Mixin) fabric-object-builder-v1.mixins.json:EntityTypeMixin from mod fabric-object-builder-api-v1->@Inject::onAlwaysUpdateVelocity(Lorg/spongepowered/asm/mixin/injection/callback/CallbackInfoReturnable;)V does use it's CallbackInfoReturnable
[21:39:40] [main/DEBUG] (FabricLoader/Mixin) fabric-object-builder-v1.mixins.json:EntityTypeMixin from mod fabric-object-builder-api-v1->@Inject::onCanPotentiallyExecuteCommands(Lorg/spongepowered/asm/mixin/injection/callback/CallbackInfoReturnable;)V does use it's CallbackInfoReturnable
[21:39:40] [main/DEBUG] (FabricLoader/Mixin) fabric-lifecycle-events-v1.mixins.json:EntityTypeMixin from mod fabric-lifecycle-events-v1->@Inject::setSpawnReason(Lnet/minecraft/world/level/Level;Lnet/minecraft/world/entity/EntitySpawnRequest;Lorg/spongepowered/asm/mixin/injection/callback/CallbackInfoReturnable;)V does use it's CallbackInfoReturnable
[21:39:40] [main/DEBUG] (FabricLoader/Mixin) fabric-lifecycle-events-v1.mixins.json:EntityTypeMixin from mod fabric-lifecycle-events-v1->@Inject::setSpawnReason(Lnet/minecraft/world/level/Level;Lnet/minecraft/world/entity/EntitySpawnRequest;Lorg/spongepowered/asm/mixin/injection/callback/CallbackInfoReturnable;)V does use it's CallbackInfoReturnable
[21:39:40] [main/DEBUG] (FabricLoader/Mixin) Mixing FluidMixin from fabric-transfer-api-v1.mixins.json into net.minecraft.world.level.material.Fluid
[21:39:40] [main/DEBUG] (FabricLoader/Mixin) fabric-transfer-api-v1.mixins.json:FluidMixin from mod fabric-transfer-api-v1->@Inject::hookGetBucketFillSound(Lorg/spongepowered/asm/mixin/injection/callback/CallbackInfoReturnable;)V does use it's CallbackInfoReturnable
[21:39:40] [main/DEBUG] (FabricLoader/Mixin) Mixing FlowingFluidMixin from fabric-block-api-v1.mixins.json into net.minecraft.world.level.material.FlowingFluid
[21:39:40] [main/DEBUG] (FabricLoader/Mixin) fabric-block-api-v1.mixins.json:FlowingFluidMixin from mod fabric-block-api-v1->@Inject::shouldSpreadLiquid(Lnet/minecraft/world/level/LevelAccessor;Lnet/minecraft/core/BlockPos;Lnet/minecraft/world/level/block/state/BlockState;Lnet/minecraft/core/Direction;Lnet/minecraft/world/level/material/FluidState;Lorg/spongepowered/asm/mixin/injection/callback/CallbackInfo;)V does use it's CallbackInfo
[21:39:40] [main/DEBUG] (FabricLoader/Mixin) Mixing LavaFluidMixin from fabric-block-api-v1.mixins.json into net.minecraft.world.level.material.LavaFluid
[21:39:40] [main/DEBUG] (FabricLoader/Mixin) fabric-block-api-v1.mixins.json:LavaFluidMixin from mod fabric-block-api-v1->@Inject::shouldSpreadLiquid(Lnet/minecraft/world/level/LevelAccessor;Lnet/minecraft/core/BlockPos;Lnet/minecraft/world/level/block/state/BlockState;Lnet/minecraft/core/Direction;Lnet/minecraft/world/level/material/FluidState;Lorg/spongepowered/asm/mixin/injection/callback/CallbackInfo;)V does use it's CallbackInfo
[21:39:40] [main/DEBUG] (FabricLoader/Mixin) Mixing DataComponentMapBuilderMixin from fabric-item-api-v1.mixins.json into net.minecraft.core.component.DataComponentMap$Builder
[21:39:40] [main/DEBUG] (FabricLoader/Mixin) Mixing BlockEntityMixin from fabric-block-getter-api-v2.mixins.json into net.minecraft.world.level.block.entity.BlockEntity
[21:39:40] [main/DEBUG] (FabricLoader/Mixin) Mixing AttachmentTargetsMixin from fabric-data-attachment-api-v1.mixins.json into net.minecraft.world.level.block.entity.BlockEntity
[21:39:40] [main/DEBUG] (FabricLoader/Mixin) Mixing BlockEntityMixin from fabric-data-attachment-api-v1.mixins.json into net.minecraft.world.level.block.entity.BlockEntity
[21:39:40] [main/DEBUG] (FabricLoader/Mixin) Renaming synthetic method lambda$fabric_markChanged$2(Lnet/fabricmc/fabric/api/attachment/v1/AttachmentType;)V to md17564f$fabric-data-attachment-api-v1$lambda$fabric_markChanged$2$0 in fabric-data-attachment-api-v1.mixins.json:BlockEntityMixin from mod fabric-data-attachment-api-v1
[21:39:40] [main/DEBUG] (FabricLoader/Mixin) Renaming synthetic method lambda$fabric_markChanged$0(Lnet/minecraft/server/level/ChunkResult;)V to md17564f$fabric-data-attachment-api-v1$lambda$fabric_markChanged$0$1 in fabric-data-attachment-api-v1.mixins.json:BlockEntityMixin from mod fabric-data-attachment-api-v1
[21:39:40] [main/DEBUG] (FabricLoader/Mixin) Renaming synthetic method lambda$fabric_markChanged$1(Lnet/minecraft/world/level/chunk/LevelChunk;)V to md17564f$fabric-data-attachment-api-v1$lambda$fabric_markChanged$1$2 in fabric-data-attachment-api-v1.mixins.json:BlockEntityMixin from mod fabric-data-attachment-api-v1
[21:39:40] [main/DEBUG] (FabricLoader/Mixin) fabric-data-attachment-api-v1.mixins.json:BlockEntityMixin from mod fabric-data-attachment-api-v1->@Inject::readBlockEntityAttachments(Lnet/minecraft/world/level/storage/ValueInput;Lorg/spongepowered/asm/mixin/injection/callback/CallbackInfo;)V doesn't use it's CallbackInfo
[21:39:40] [main/DEBUG] (FabricLoader/Mixin) fabric-data-attachment-api-v1.mixins.json:BlockEntityMixin from mod fabric-data-attachment-api-v1->@Inject::readBlockEntityAttachments(Lnet/minecraft/world/level/storage/ValueInput;Lorg/spongepowered/asm/mixin/injection/callback/CallbackInfo;)V has 0 override(s) in child classes
[21:39:40] [main/DEBUG] (FabricLoader/Mixin) fabric-data-attachment-api-v1.mixins.json:BlockEntityMixin from mod fabric-data-attachment-api-v1->@Inject::readBlockEntityAttachments(Lnet/minecraft/world/level/storage/ValueInput;Lorg/spongepowered/asm/mixin/injection/callback/CallbackInfo;)V won't be passed a CallbackInfo as a result
[21:39:40] [main/DEBUG] (FabricLoader/Mixin) fabric-data-attachment-api-v1.mixins.json:BlockEntityMixin from mod fabric-data-attachment-api-v1->@Inject::writeBlockEntityAttachments(Lnet/minecraft/world/level/storage/ValueOutput;Lorg/spongepowered/asm/mixin/injection/callback/CallbackInfo;)V doesn't use it's CallbackInfo
[21:39:40] [main/DEBUG] (FabricLoader/Mixin) fabric-data-attachment-api-v1.mixins.json:BlockEntityMixin from mod fabric-data-attachment-api-v1->@Inject::writeBlockEntityAttachments(Lnet/minecraft/world/level/storage/ValueOutput;Lorg/spongepowered/asm/mixin/injection/callback/CallbackInfo;)V has 0 override(s) in child classes
[21:39:40] [main/DEBUG] (FabricLoader/Mixin) fabric-data-attachment-api-v1.mixins.json:BlockEntityMixin from mod fabric-data-attachment-api-v1->@Inject::writeBlockEntityAttachments(Lnet/minecraft/world/level/storage/ValueOutput;Lorg/spongepowered/asm/mixin/injection/callback/CallbackInfo;)V won't be passed a CallbackInfo as a result
[21:39:40] [main/DEBUG] (FabricLoader/Mixin) Mixing TagKeyMixin from fabric-convention-tags-api-v2.mixins.json into net.minecraft.tags.TagKey
[21:39:40] [main/DEBUG] (FabricLoader/Mixin) Mixing BlockParticleOptionMixin from fabric-particles-v1.mixins.json into net.minecraft.core.particles.BlockParticleOption
[21:39:40] [main/DEBUG] (FabricLoader/Mixin) Mixing MenuProviderMixin from fabric-menu-api-v1.mixins.json into net.minecraft.world.MenuProvider
[21:39:40] [main/DEBUG] (FabricLoader/Mixin) Mixing BaseContainerBlockEntityMixin from fabric-transfer-api-v1.mixins.json into net.minecraft.world.level.block.entity.BaseContainerBlockEntity
[21:39:41] [main/DEBUG] (FabricLoader/Mixin) Mixing DetectorRailBlockMixin from fabric-object-builder-v1.mixins.json into net.minecraft.world.level.block.DetectorRailBlock
[21:39:41] [main/DEBUG] (FabricLoader/Mixin) Renaming synthetic method lambda$getCustomComparatorOutput$0(Lnet/minecraft/world/entity/Entity;)Z to md17564f$fabric-object-builder-api-v1$lambda$getCustomComparatorOutput$0$0 in fabric-object-builder-v1.mixins.json:DetectorRailBlockMixin from mod fabric-object-builder-api-v1
[21:39:41] [main/DEBUG] (FabricLoader/Mixin) fabric-object-builder-v1.mixins.json:DetectorRailBlockMixin from mod fabric-object-builder-api-v1->@Inject::getCustomComparatorOutput(Lnet/minecraft/world/level/block/state/BlockState;Lnet/minecraft/world/level/Level;Lnet/minecraft/core/BlockPos;Lnet/minecraft/core/Direction;Lorg/spongepowered/asm/mixin/injection/callback/CallbackInfoReturnable;)V does use it's CallbackInfoReturnable
[21:39:41] [main/DEBUG] (FabricLoader/Mixin) Mixing EntityMixin from fabric-debug-api-v1.mixins.json into net.minecraft.world.entity.Mob
[21:39:41] [main/DEBUG] (FabricLoader/Mixin) Mixing MobMixin from fabric-entity-events-v1.mixins.json into net.minecraft.world.entity.Mob
[21:39:41] [main/DEBUG] (FabricLoader/Mixin) fabric-debug-api-v1.mixins.json:EntityMixin from mod fabric-debug-api-v1->@Inject::addDebugValues(Lnet/minecraft/server/level/ServerLevel;Lnet/minecraft/util/debug/DebugValueSource$Registration;Lorg/spongepowered/asm/mixin/injection/callback/CallbackInfo;)V doesn't use it's CallbackInfo
[21:39:41] [main/DEBUG] (FabricLoader/Mixin) fabric-debug-api-v1.mixins.json:EntityMixin from mod fabric-debug-api-v1->@Inject::addDebugValues(Lnet/minecraft/server/level/ServerLevel;Lnet/minecraft/util/debug/DebugValueSource$Registration;Lorg/spongepowered/asm/mixin/injection/callback/CallbackInfo;)V has 0 override(s) in child classes
[21:39:41] [main/DEBUG] (FabricLoader/Mixin) fabric-debug-api-v1.mixins.json:EntityMixin from mod fabric-debug-api-v1->@Inject::addDebugValues(Lnet/minecraft/server/level/ServerLevel;Lnet/minecraft/util/debug/DebugValueSource$Registration;Lorg/spongepowered/asm/mixin/injection/callback/CallbackInfo;)V won't be passed a CallbackInfo as a result
[21:39:41] [main/DEBUG] (FabricLoader/Mixin) Mixing ChiseledBookShelfBlockEntityMixin from fabric-transfer-api-v1.mixins.json into net.minecraft.world.level.block.entity.ChiseledBookShelfBlockEntity
[21:39:41] [main/DEBUG] (FabricLoader/Mixin) fabric-transfer-api-v1.mixins.json:ChiseledBookShelfBlockEntityMixin from mod fabric-transfer-api-v1->@Inject::setStackBypass(ILnet/minecraft/world/item/ItemStack;Lorg/spongepowered/asm/mixin/injection/callback/CallbackInfo;)V does use it's CallbackInfo
[21:39:41] [main/DEBUG] (FabricLoader/Mixin) Mixing ListBackedContainerMixin from fabric-transfer-api-v1.mixins.json into net.minecraft.world.level.block.entity.ListBackedContainer
[21:39:41] [main/DEBUG] (FabricLoader/Mixin) Mixing ShelfBlockEntityMixin from fabric-transfer-api-v1.mixins.json into net.minecraft.world.level.block.entity.ShelfBlockEntity
[21:39:41] [main/DEBUG] (FabricLoader/Mixin) Mixing BlockEntityTypeMixin from fabric-object-builder-v1.mixins.json into net.minecraft.world.level.block.entity.BlockEntityType
[21:39:41] [main/DEBUG] (FabricLoader/Mixin) Mixing BlockEntityTypeAccessor from fabric-api-lookup-api-v1.mixins.json into net.minecraft.world.level.block.entity.BlockEntityType
[21:39:41] [main/DEBUG] (FabricLoader/Mixin) fabric-object-builder-v1.mixins.json:BlockEntityTypeMixin from mod fabric-object-builder-api-v1->@Inject::mutableBlocks(Lnet/minecraft/world/level/block/entity/BlockEntityType$BlockEntitySupplier;Ljava/util/Set;Lorg/spongepowered/asm/mixin/injection/callback/CallbackInfo;)V doesn't use it's CallbackInfo
[21:39:41] [main/DEBUG] (FabricLoader/Mixin) fabric-object-builder-v1.mixins.json:BlockEntityTypeMixin from mod fabric-object-builder-api-v1->@Inject::mutableBlocks(Lnet/minecraft/world/level/block/entity/BlockEntityType$BlockEntitySupplier;Ljava/util/Set;Lorg/spongepowered/asm/mixin/injection/callback/CallbackInfo;)V has 0 override(s) in child classes
[21:39:41] [main/DEBUG] (FabricLoader/Mixin) fabric-object-builder-v1.mixins.json:BlockEntityTypeMixin from mod fabric-object-builder-api-v1->@Inject::mutableBlocks(Lnet/minecraft/world/level/block/entity/BlockEntityType$BlockEntitySupplier;Ljava/util/Set;Lorg/spongepowered/asm/mixin/injection/callback/CallbackInfo;)V won't be passed a CallbackInfo as a result
[21:39:41] [main/DEBUG] (FabricLoader/Mixin) Mixing AbstractContainerMenuMixin from fabric-item-api-v1.mixins.json into net.minecraft.world.inventory.AbstractContainerMenu
[21:39:41] [main/DEBUG] (FabricLoader/Mixin) fabric-item-api-v1.mixins.json:AbstractContainerMenuMixin from mod fabric-item-api-v1->@Inject::overrideContainerMenuItemClickBehaviour(Lnet/minecraft/world/entity/player/Player;Lnet/minecraft/world/inventory/ClickAction;Lnet/minecraft/world/inventory/Slot;Lnet/minecraft/world/item/ItemStack;Lnet/minecraft/world/item/ItemStack;Lorg/spongepowered/asm/mixin/injection/callback/CallbackInfoReturnable;)V does use it's CallbackInfoReturnable
[21:39:41] [main/DEBUG] (FabricLoader/Mixin) Mixing AbstractFurnaceBlockEntityMixin from fabric-item-api-v1.mixins.json into net.minecraft.world.level.block.entity.AbstractFurnaceBlockEntity
[21:39:41] [main/DEBUG] (FabricLoader/Mixin) Mixing AbstractFurnaceBlockEntityMixin from fabric-transfer-api-v1.mixins.json into net.minecraft.world.level.block.entity.AbstractFurnaceBlockEntity
[21:39:41] [main/DEBUG] (FabricLoader/Mixin) fabric-item-api-v1.mixins.json:AbstractFurnaceBlockEntityMixin from mod fabric-item-api-v1->@Inject::copyStack(Lnet/minecraft/server/level/ServerLevel;Lnet/minecraft/core/BlockPos;Lnet/minecraft/core/NonNullList;Lnet/minecraft/world/item/ItemStack;Lorg/spongepowered/asm/mixin/injection/callback/CallbackInfo;)V doesn't use it's CallbackInfo
[21:39:41] [main/DEBUG] (FabricLoader/Mixin) fabric-transfer-api-v1.mixins.json:AbstractFurnaceBlockEntityMixin from mod fabric-transfer-api-v1->@Inject::setStackSuppressUpdate(ILnet/minecraft/world/item/ItemStack;Lorg/spongepowered/asm/mixin/injection/callback/CallbackInfo;)V does use it's CallbackInfo
[21:39:41] [main/DEBUG] (FabricLoader/Mixin) Mixing JukeboxBlockEntityMixin from fabric-transfer-api-v1.mixins.json into net.minecraft.world.level.block.entity.JukeboxBlockEntity
[21:39:41] [main/DEBUG] (FabricLoader/Mixin) fabric-transfer-api-v1.mixins.json:JukeboxBlockEntityMixin from mod fabric-transfer-api-v1->@Inject::setStackBypass(Lnet/minecraft/world/item/ItemStack;Lorg/spongepowered/asm/mixin/injection/callback/CallbackInfo;)V does use it's CallbackInfo
[21:39:41] [main/DEBUG] (FabricLoader/Mixin) Mixing EnchantmentMenuMixin from fabric-block-api-v1.mixins.json into net.minecraft.world.inventory.EnchantmentMenu
[21:39:41] [main/DEBUG] (FabricLoader/Mixin) Mixing BrewingStandBlockEntityMixin from fabric-item-api-v1.mixins.json into net.minecraft.world.level.block.entity.BrewingStandBlockEntity
[21:39:41] [main/DEBUG] (FabricLoader/Mixin) Mixing AnvilMenuMixin from fabric-item-api-v1.mixins.json into net.minecraft.world.inventory.AnvilMenu
[21:39:41] [main/DEBUG] (FabricLoader/Mixin) Mixing HopperBlockEntityMixin from fabric-transfer-api-v1.mixins.json into net.minecraft.world.level.block.entity.HopperBlockEntity
[21:39:41] [main/DEBUG] (FabricLoader/Mixin) Renaming synthetic method lambda$hookExtract$0(Lnet/fabricmc/fabric/api/transfer/v1/item/ItemVariant;)Z to md17564f$fabric-transfer-api-v1$lambda$hookExtract$0$0 in fabric-transfer-api-v1.mixins.json:HopperBlockEntityMixin from mod fabric-transfer-api-v1
[21:39:41] [main/DEBUG] (FabricLoader/Mixin) Renaming synthetic method lambda$hookInsert$0(Lnet/fabricmc/fabric/api/transfer/v1/item/ItemVariant;)Z to md17564f$fabric-transfer-api-v1$lambda$hookInsert$0$1 in fabric-transfer-api-v1.mixins.json:HopperBlockEntityMixin from mod fabric-transfer-api-v1
[21:39:41] [main/DEBUG] (FabricLoader/Mixin) fabric-transfer-api-v1.mixins.json:HopperBlockEntityMixin from mod fabric-transfer-api-v1->@Inject::hookInsert(Lnet/minecraft/world/level/Level;Lnet/minecraft/core/BlockPos;Lnet/minecraft/world/level/block/entity/HopperBlockEntity;Lorg/spongepowered/asm/mixin/injection/callback/CallbackInfoReturnable;)V does use it's CallbackInfoReturnable
[21:39:41] [main/DEBUG] (FabricLoader/Mixin) fabric-transfer-api-v1.mixins.json:HopperBlockEntityMixin from mod fabric-transfer-api-v1->@Inject::hookExtract(Lnet/minecraft/world/level/Level;Lnet/minecraft/world/level/block/entity/Hopper;Lorg/spongepowered/asm/mixin/injection/callback/CallbackInfoReturnable;)V does use it's CallbackInfoReturnable
[21:39:41] [main/DEBUG] (FabricLoader/Mixin) Mixing DropperBlockMixin from fabric-transfer-api-v1.mixins.json into net.minecraft.world.level.block.DropperBlock
[21:39:41] [main/DEBUG] (FabricLoader/Mixin) Renaming synthetic method lambda$hookDispense$0(Lnet/fabricmc/fabric/api/transfer/v1/item/ItemVariant;)Z to md17564f$fabric-transfer-api-v1$lambda$hookDispense$0$0 in fabric-transfer-api-v1.mixins.json:DropperBlockMixin from mod fabric-transfer-api-v1
[21:39:41] [main/DEBUG] (FabricLoader/Mixin) fabric-transfer-api-v1.mixins.json:DropperBlockMixin from mod fabric-transfer-api-v1->@Inject::hookDispense(Lnet/minecraft/server/level/ServerLevel;Lnet/minecraft/world/level/block/state/BlockState;Lnet/minecraft/core/BlockPos;Lorg/spongepowered/asm/mixin/injection/callback/CallbackInfo;)V does use it's CallbackInfo
[21:39:41] [main/DEBUG] (FabricLoader/Mixin) Mixing BannerBlockEntityMixin from fabric-data-attachment-api-v1.mixins.json into net.minecraft.world.level.block.entity.BannerBlockEntity
[21:39:42] [main/DEBUG] (FabricLoader/Mixin) Mixing CrafterBlockMixin from fabric-transfer-api-v1.mixins.json into net.minecraft.world.level.block.CrafterBlock
[21:39:42] [main/DEBUG] (FabricLoader/Mixin) fabric-transfer-api-v1.mixins.json:CrafterBlockMixin from mod fabric-transfer-api-v1->@Inject::transferOrSpawnStack(Lnet/minecraft/server/level/ServerLevel;Lnet/minecraft/core/BlockPos;Lnet/minecraft/world/level/block/entity/CrafterBlockEntity;Lnet/minecraft/world/item/ItemStack;Lnet/minecraft/world/level/block/state/BlockState;Lnet/minecraft/world/item/crafting/RecipeHolder;Lorg/spongepowered/asm/mixin/injection/callback/CallbackInfo;)V doesn't use it's CallbackInfo
[21:39:42] [main/DEBUG] (FabricLoader/Mixin) fabric-transfer-api-v1.mixins.json:CrafterBlockMixin from mod fabric-transfer-api-v1->@Inject::transferOrSpawnStack(Lnet/minecraft/server/level/ServerLevel;Lnet/minecraft/core/BlockPos;Lnet/minecraft/world/level/block/entity/CrafterBlockEntity;Lnet/minecraft/world/item/ItemStack;Lnet/minecraft/world/level/block/state/BlockState;Lnet/minecraft/world/item/crafting/RecipeHolder;Lorg/spongepowered/asm/mixin/injection/callback/CallbackInfo;)V has 0 override(s) in child classes
[21:39:42] [main/DEBUG] (FabricLoader/Mixin) fabric-transfer-api-v1.mixins.json:CrafterBlockMixin from mod fabric-transfer-api-v1->@Inject::transferOrSpawnStack(Lnet/minecraft/server/level/ServerLevel;Lnet/minecraft/core/BlockPos;Lnet/minecraft/world/level/block/entity/CrafterBlockEntity;Lnet/minecraft/world/item/ItemStack;Lnet/minecraft/world/level/block/state/BlockState;Lnet/minecraft/world/item/crafting/RecipeHolder;Lorg/spongepowered/asm/mixin/injection/callback/CallbackInfo;)V won't be passed a CallbackInfo as a result
[21:39:42] [main/DEBUG] (FabricLoader/Mixin) fabric-transfer-api-v1.mixins.json:CrafterBlockMixin from mod fabric-transfer-api-v1->@Inject::transferOrSpawnStack(Lnet/minecraft/server/level/ServerLevel;Lnet/minecraft/core/BlockPos;Lnet/minecraft/world/level/block/entity/CrafterBlockEntity;Lnet/minecraft/world/item/ItemStack;Lnet/minecraft/world/level/block/state/BlockState;Lnet/minecraft/world/item/crafting/RecipeHolder;Lorg/spongepowered/asm/mixin/injection/callback/CallbackInfo;)V doesn't use it's CallbackInfo
[21:39:42] [main/DEBUG] (FabricLoader/Mixin) fabric-transfer-api-v1.mixins.json:CrafterBlockMixin from mod fabric-transfer-api-v1->@Inject::transferOrSpawnStack(Lnet/minecraft/server/level/ServerLevel;Lnet/minecraft/core/BlockPos;Lnet/minecraft/world/level/block/entity/CrafterBlockEntity;Lnet/minecraft/world/item/ItemStack;Lnet/minecraft/world/level/block/state/BlockState;Lnet/minecraft/world/item/crafting/RecipeHolder;Lorg/spongepowered/asm/mixin/injection/callback/CallbackInfo;)V has 0 override(s) in child classes
[21:39:42] [main/DEBUG] (FabricLoader/Mixin) fabric-transfer-api-v1.mixins.json:CrafterBlockMixin from mod fabric-transfer-api-v1->@Inject::transferOrSpawnStack(Lnet/minecraft/server/level/ServerLevel;Lnet/minecraft/core/BlockPos;Lnet/minecraft/world/level/block/entity/CrafterBlockEntity;Lnet/minecraft/world/item/ItemStack;Lnet/minecraft/world/level/block/state/BlockState;Lnet/minecraft/world/item/crafting/RecipeHolder;Lorg/spongepowered/asm/mixin/injection/callback/CallbackInfo;)V won't be passed a CallbackInfo as a result
[21:39:42] [main/DEBUG] (FabricLoader/Mixin) fabric-transfer-api-v1.mixins.json:CrafterBlockMixin from mod fabric-transfer-api-v1->@Inject::transferOrSpawnStack(Lnet/minecraft/server/level/ServerLevel;Lnet/minecraft/core/BlockPos;Lnet/minecraft/world/level/block/entity/CrafterBlockEntity;Lnet/minecraft/world/item/ItemStack;Lnet/minecraft/world/level/block/state/BlockState;Lnet/minecraft/world/item/crafting/RecipeHolder;Lorg/spongepowered/asm/mixin/injection/callback/CallbackInfo;)V doesn't use it's CallbackInfo
[21:39:42] [main/DEBUG] (FabricLoader/Mixin) fabric-transfer-api-v1.mixins.json:CrafterBlockMixin from mod fabric-transfer-api-v1->@Inject::transferOrSpawnStack(Lnet/minecraft/server/level/ServerLevel;Lnet/minecraft/core/BlockPos;Lnet/minecraft/world/level/block/entity/CrafterBlockEntity;Lnet/minecraft/world/item/ItemStack;Lnet/minecraft/world/level/block/state/BlockState;Lnet/minecraft/world/item/crafting/RecipeHolder;Lorg/spongepowered/asm/mixin/injection/callback/CallbackInfo;)V has 0 override(s) in child classes
[21:39:42] [main/DEBUG] (FabricLoader/Mixin) fabric-transfer-api-v1.mixins.json:CrafterBlockMixin from mod fabric-transfer-api-v1->@Inject::transferOrSpawnStack(Lnet/minecraft/server/level/ServerLevel;Lnet/minecraft/core/BlockPos;Lnet/minecraft/world/level/block/entity/CrafterBlockEntity;Lnet/minecraft/world/item/ItemStack;Lnet/minecraft/world/level/block/state/BlockState;Lnet/minecraft/world/item/crafting/RecipeHolder;Lorg/spongepowered/asm/mixin/injection/callback/CallbackInfo;)V won't be passed a CallbackInfo as a result
[21:39:42] [main/DEBUG] (FabricLoader/Mixin) fabric-transfer-api-v1.mixins.json:CrafterBlockMixin from mod fabric-transfer-api-v1->@Inject::transferOrSpawnStack(Lnet/minecraft/server/level/ServerLevel;Lnet/minecraft/core/BlockPos;Lnet/minecraft/world/level/block/entity/CrafterBlockEntity;Lnet/minecraft/world/item/ItemStack;Lnet/minecraft/world/level/block/state/BlockState;Lnet/minecraft/world/item/crafting/RecipeHolder;Lorg/spongepowered/asm/mixin/injection/callback/CallbackInfo;)V doesn't use it's CallbackInfo
[21:39:42] [main/DEBUG] (FabricLoader/Mixin) fabric-transfer-api-v1.mixins.json:CrafterBlockMixin from mod fabric-transfer-api-v1->@Inject::transferOrSpawnStack(Lnet/minecraft/server/level/ServerLevel;Lnet/minecraft/core/BlockPos;Lnet/minecraft/world/level/block/entity/CrafterBlockEntity;Lnet/minecraft/world/item/ItemStack;Lnet/minecraft/world/level/block/state/BlockState;Lnet/minecraft/world/item/crafting/RecipeHolder;Lorg/spongepowered/asm/mixin/injection/callback/CallbackInfo;)V has 0 override(s) in child classes
[21:39:42] [main/DEBUG] (FabricLoader/Mixin) fabric-transfer-api-v1.mixins.json:CrafterBlockMixin from mod fabric-transfer-api-v1->@Inject::transferOrSpawnStack(Lnet/minecraft/server/level/ServerLevel;Lnet/minecraft/core/BlockPos;Lnet/minecraft/world/level/block/entity/CrafterBlockEntity;Lnet/minecraft/world/item/ItemStack;Lnet/minecraft/world/level/block/state/BlockState;Lnet/minecraft/world/item/crafting/RecipeHolder;Lorg/spongepowered/asm/mixin/injection/callback/CallbackInfo;)V won't be passed a CallbackInfo as a result
[21:39:42] [main/DEBUG] (FabricLoader/Mixin) Mixing ItemStackMixin from fabric-item-api-v1.mixins.json into net.minecraft.world.item.ItemStack
[21:39:42] [main/DEBUG] (FabricLoader/Mixin) Renaming synthetic method lambda$hookDamage$0(Lorg/apache/commons/lang3/mutable/MutableBoolean;Ljava/util/function/Consumer;)V to md17564f$fabric-item-api-v1$lambda$hookDamage$0$0 in fabric-item-api-v1.mixins.json:ItemStackMixin from mod fabric-item-api-v1
[21:39:42] [main/DEBUG] (FabricLoader/Mixin) Mixing ItemStackMixin from fabric-item-api-v1.client.mixins.json into net.minecraft.world.item.ItemStack
[21:39:42] [main/DEBUG] (FabricLoader/Mixin) Mixing ItemStackMixin from fabric-events-interaction-v0.mixins.json into net.minecraft.world.item.ItemStack
[21:39:42] [main/DEBUG] (FabricLoader/Mixin) Mixing ItemStackAccessor from fabric-transfer-api-v1.mixins.json into net.minecraft.world.item.ItemStack
[21:39:42] [main/DEBUG] (FabricLoader/Mixin) Renaming @Invoker method validateComponents(Lnet/minecraft/core/component/DataComponentMap;)Lcom/mojang/serialization/DataResult; to validateComponents$fabric-transfer-api-v1_$md$17564f$1 in fabric-transfer-api-v1.mixins.json:ItemStackAccessor from mod fabric-transfer-api-v1
[21:39:42] [main/DEBUG] (FabricLoader/Mixin) fabric-item-api-v1.mixins.json:ItemStackMixin from mod fabric-item-api-v1->@Inject::preAttributeModifiers(Lnet/minecraft/world/item/Item$TooltipContext;Lnet/minecraft/world/item/component/TooltipDisplay;Lnet/minecraft/world/entity/player/Player;Lnet/minecraft/world/item/TooltipFlag;Ljava/util/function/Consumer;Lorg/spongepowered/asm/mixin/injection/callback/CallbackInfo;)V doesn't use it's CallbackInfo
[21:39:42] [main/DEBUG] (FabricLoader/Mixin) fabric-item-api-v1.mixins.json:ItemStackMixin from mod fabric-item-api-v1->@Inject::postTooltipsAdvanced(Lnet/minecraft/world/item/Item$TooltipContext;Lnet/minecraft/world/item/component/TooltipDisplay;Lnet/minecraft/world/entity/player/Player;Lnet/minecraft/world/item/TooltipFlag;Ljava/util/function/Consumer;Lorg/spongepowered/asm/mixin/injection/callback/CallbackInfo;)V doesn't use it's CallbackInfo
[21:39:42] [main/DEBUG] (FabricLoader/Mixin) fabric-item-api-v1.client.mixins.json:ItemStackMixin from mod fabric-item-api-v1->@Inject::getTooltip(Lnet/minecraft/world/item/Item$TooltipContext;Lnet/minecraft/world/entity/player/Player;Lnet/minecraft/world/item/TooltipFlag;Lorg/spongepowered/asm/mixin/injection/callback/CallbackInfoReturnable;)V does use it's CallbackInfoReturnable
[21:39:43] [main/DEBUG] (FabricLoader/Mixin) Mixing ValueOutputMixin from fabric-serialization-api-v1.mixins.json into net.minecraft.world.level.storage.ValueOutput
[21:39:43] [main/DEBUG] (FabricLoader/Mixin) Mixing ItemMixin from fabric-item-api-v1.mixins.json into net.minecraft.world.item.Item
[21:39:43] [main/DEBUG] (FabricLoader/Mixin) Mixing ItemMixin from fabric-transfer-api-v1.mixins.json into net.minecraft.world.item.Item
[21:39:43] [main/DEBUG] (FabricLoader/Mixin) fabric-item-api-v1.mixins.json:ItemMixin from mod fabric-item-api-v1->@Inject::onConstruct(Lnet/minecraft/world/item/Item$Properties;Lorg/spongepowered/asm/mixin/injection/callback/CallbackInfo;)V doesn't use it's CallbackInfo
[21:39:43] [main/DEBUG] (FabricLoader/Mixin) fabric-item-api-v1.mixins.json:ItemMixin from mod fabric-item-api-v1->@Inject::onConstruct(Lnet/minecraft/world/item/Item$Properties;Lorg/spongepowered/asm/mixin/injection/callback/CallbackInfo;)V has 0 override(s) in child classes
[21:39:43] [main/DEBUG] (FabricLoader/Mixin) fabric-item-api-v1.mixins.json:ItemMixin from mod fabric-item-api-v1->@Inject::onConstruct(Lnet/minecraft/world/item/Item$Properties;Lorg/spongepowered/asm/mixin/injection/callback/CallbackInfo;)V won't be passed a CallbackInfo as a result
[21:39:43] [main/DEBUG] (FabricLoader/Mixin) Mixing BucketItemAccessor from fabric-transfer-api-v1.mixins.json into net.minecraft.world.item.BucketItem
[21:39:43] [main/DEBUG] (FabricLoader/Mixin) Mixing BucketItemMixin from fabric-transfer-api-v1.mixins.json into net.minecraft.world.item.BucketItem
[21:39:43] [main/DEBUG] (FabricLoader/Mixin) Mixing ItemPropertiesMixin from fabric-item-api-v1.mixins.json into net.minecraft.world.item.Item$Properties
[21:39:44] [main/DEBUG] (FabricLoader/Mixin) Mixing LootTableAccessor from fabric-loot-api-v3.mixins.json into net.minecraft.world.level.storage.loot.LootTable
[21:39:44] [main/DEBUG] (FabricLoader/Mixin) Mixing LootTableMixin from fabric-loot-api-v3.mixins.json into net.minecraft.world.level.storage.loot.LootTable
[21:39:44] [main/DEBUG] (FabricLoader/Mixin) Mixing BundleContentsAccessor from fabric-transfer-api-v1.mixins.json into net.minecraft.world.item.component.BundleContents
[21:39:44] [main/DEBUG] (FabricLoader/Mixin) Renaming @Invoker method getWeight(Lnet/minecraft/world/item/ItemInstance;)Lcom/mojang/serialization/DataResult; to getWeight$fabric-transfer-api-v1_$md$17564f$0 in fabric-transfer-api-v1.mixins.json:BundleContentsAccessor from mod fabric-transfer-api-v1
[21:39:44] [main/DEBUG] (FabricLoader/Mixin) Mixing AttachmentTargetsMixin from fabric-data-attachment-api-v1.mixins.json into net.minecraft.world.level.chunk.ChunkAccess
[21:39:44] [main/DEBUG] (FabricLoader/Mixin) Mixing ChunkAccessMixin from fabric-data-attachment-api-v1.mixins.json into net.minecraft.world.level.chunk.ChunkAccess
[21:39:44] [main/DEBUG] (FabricLoader/Mixin) Mixing LevelChunkMixin from fabric-data-attachment-api-v1.mixins.json into net.minecraft.world.level.chunk.LevelChunk
[21:39:44] [main/DEBUG] (FabricLoader/Mixin) Renaming synthetic method lambda$fabric_syncChange$0(Lnet/fabricmc/fabric/api/attachment/v1/AttachmentType;Lnet/fabricmc/fabric/impl/attachment/sync/AttachmentChange;Lnet/minecraft/server/level/ServerPlayer;)V to md17564f$fabric-data-attachment-api-v1$lambda$fabric_syncChange$0$0 in fabric-data-attachment-api-v1.mixins.json:LevelChunkMixin from mod fabric-data-attachment-api-v1
[21:39:44] [main/DEBUG] (FabricLoader/Mixin) Mixing LevelChunkMixin from fabric-lifecycle-events-v1.client.mixins.json into net.minecraft.world.level.chunk.LevelChunk
[21:39:44] [main/DEBUG] (FabricLoader/Mixin) fabric-data-attachment-api-v1.mixins.json:LevelChunkMixin from mod fabric-data-attachment-api-v1->@Inject::transferProtoChunkAttachment(Lnet/minecraft/server/level/ServerLevel;Lnet/minecraft/world/level/chunk/ProtoChunk;Lnet/minecraft/world/level/chunk/LevelChunk$PostLoadProcessor;Lorg/spongepowered/asm/mixin/injection/callback/CallbackInfo;)V doesn't use it's CallbackInfo
[21:39:44] [main/DEBUG] (FabricLoader/Mixin) fabric-data-attachment-api-v1.mixins.json:LevelChunkMixin from mod fabric-data-attachment-api-v1->@Inject::transferProtoChunkAttachment(Lnet/minecraft/server/level/ServerLevel;Lnet/minecraft/world/level/chunk/ProtoChunk;Lnet/minecraft/world/level/chunk/LevelChunk$PostLoadProcessor;Lorg/spongepowered/asm/mixin/injection/callback/CallbackInfo;)V has 0 override(s) in child classes
[21:39:44] [main/DEBUG] (FabricLoader/Mixin) fabric-data-attachment-api-v1.mixins.json:LevelChunkMixin from mod fabric-data-attachment-api-v1->@Inject::transferProtoChunkAttachment(Lnet/minecraft/server/level/ServerLevel;Lnet/minecraft/world/level/chunk/ProtoChunk;Lnet/minecraft/world/level/chunk/LevelChunk$PostLoadProcessor;Lorg/spongepowered/asm/mixin/injection/callback/CallbackInfo;)V won't be passed a CallbackInfo as a result
[21:39:44] [main/DEBUG] (FabricLoader/Mixin) fabric-lifecycle-events-v1.client.mixins.json:LevelChunkMixin from mod fabric-lifecycle-events-v1->@Inject::onRemoveBlockEntity(Lnet/minecraft/world/level/block/entity/BlockEntity;Lorg/spongepowered/asm/mixin/injection/callback/CallbackInfo;)V doesn't use it's CallbackInfo
[21:39:44] [main/DEBUG] (FabricLoader/Mixin) fabric-lifecycle-events-v1.client.mixins.json:LevelChunkMixin from mod fabric-lifecycle-events-v1->@Inject::onRemoveBlockEntity(Lnet/minecraft/world/level/block/entity/BlockEntity;Lorg/spongepowered/asm/mixin/injection/callback/CallbackInfo;)V has 0 override(s) in child classes
[21:39:44] [main/DEBUG] (FabricLoader/Mixin) fabric-lifecycle-events-v1.client.mixins.json:LevelChunkMixin from mod fabric-lifecycle-events-v1->@Inject::onRemoveBlockEntity(Lnet/minecraft/world/level/block/entity/BlockEntity;Lorg/spongepowered/asm/mixin/injection/callback/CallbackInfo;)V won't be passed a CallbackInfo as a result
[21:39:44] [main/DEBUG] (FabricLoader/Mixin) fabric-lifecycle-events-v1.client.mixins.json:LevelChunkMixin from mod fabric-lifecycle-events-v1->@Inject::onRemoveBlockEntity(Lnet/minecraft/core/BlockPos;Lorg/spongepowered/asm/mixin/injection/callback/CallbackInfo;)V doesn't use it's CallbackInfo
[21:39:44] [main/DEBUG] (FabricLoader/Mixin) fabric-lifecycle-events-v1.client.mixins.json:LevelChunkMixin from mod fabric-lifecycle-events-v1->@Inject::onRemoveBlockEntity(Lnet/minecraft/core/BlockPos;Lorg/spongepowered/asm/mixin/injection/callback/CallbackInfo;)V has 0 override(s) in child classes
[21:39:44] [main/DEBUG] (FabricLoader/Mixin) fabric-lifecycle-events-v1.client.mixins.json:LevelChunkMixin from mod fabric-lifecycle-events-v1->@Inject::onRemoveBlockEntity(Lnet/minecraft/core/BlockPos;Lorg/spongepowered/asm/mixin/injection/callback/CallbackInfo;)V won't be passed a CallbackInfo as a result
[21:39:44] [main/DEBUG] (FabricLoader/Mixin) Mixing ItemContainerContentsAccessor from fabric-transfer-api-v1.mixins.json into net.minecraft.world.item.component.ItemContainerContents
[21:39:44] [main/DEBUG] (FabricLoader/Mixin) Mixing fluid.AbstractBoatMixin from fabric-content-registries-v0.mixins.json into net.minecraft.world.entity.vehicle.boat.AbstractBoat
[21:39:44] [main/DEBUG] (FabricLoader/Mixin) Mixing EntityTypeBuilderMixin from fabric-object-builder-v1.mixins.json into net.minecraft.world.entity.EntityType$Builder
[21:39:44] [main/DEBUG] (FabricLoader/Mixin) fabric-object-builder-v1.mixins.json:EntityTypeBuilderMixin from mod fabric-object-builder-api-v1->@Inject::applyChildBuilders(Lnet/minecraft/resources/ResourceKey;Lorg/spongepowered/asm/mixin/injection/callback/CallbackInfoReturnable;)V does use it's CallbackInfoReturnable
[21:39:44] [main/DEBUG] (FabricLoader/Mixin) Mixing fluid.FloatGoalMixin from fabric-content-registries-v0.mixins.json into net.minecraft.world.entity.ai.goal.FloatGoal
[21:39:44] [main/DEBUG] (FabricLoader/Mixin) Mixing BreezeMixin from fabric-particles-v1.mixins.json into net.minecraft.world.entity.monster.breeze.Breeze
[21:39:45] [main/DEBUG] (FabricLoader/Mixin) Mixing VillagerMixin from fabric-content-registries-v0.mixins.json into net.minecraft.world.entity.npc.villager.Villager
[21:39:45] [main/DEBUG] (FabricLoader/Mixin) Mixing EntityDataSerializersAccessor from fabric-object-builder-v1.mixins.json into net.minecraft.network.syncher.EntityDataSerializers
[21:39:45] [main/DEBUG] (FabricLoader/Mixin) Renaming @Accessor method fabric_getDataHandlers()Lnet/minecraft/util/CrudeIncrementalIntIdentityHashBiMap; to fabric_getDataHandlers$fabric-object-builder-api-v1_$md$17564f$0 in fabric-object-builder-v1.mixins.json:EntityDataSerializersAccessor from mod fabric-object-builder-api-v1
[21:39:45] [main/DEBUG] (FabricLoader/Mixin) Mixing EntityDataSerializersMixin from fabric-object-builder-v1.mixins.json into net.minecraft.network.syncher.EntityDataSerializers
[21:39:45] [main/DEBUG] (FabricLoader/Mixin) fabric-object-builder-v1.mixins.json:EntityDataSerializersMixin from mod fabric-object-builder-api-v1->@Inject::storeVanillaHandlers(Lorg/spongepowered/asm/mixin/injection/callback/CallbackInfo;)V doesn't use it's CallbackInfo
[21:39:45] [main/DEBUG] (FabricLoader/Mixin) fabric-object-builder-v1.mixins.json:EntityDataSerializersMixin from mod fabric-object-builder-api-v1->@Inject::onHeadRegister(Lnet/minecraft/network/syncher/EntityDataSerializer;Lorg/spongepowered/asm/mixin/injection/callback/CallbackInfo;)V doesn't use it's CallbackInfo
[21:39:45] [main/DEBUG] (net.fabricmc.fabric.impl.object.builder.FabricEntityDataRegistryImpl) Stored 44 vanilla handlers
[21:39:45] [main/DEBUG] (FabricLoader/Mixin) Mixing WardenMixin from fabric-particles-v1.mixins.json into net.minecraft.world.entity.monster.warden.Warden
[21:39:45] [main/DEBUG] (FabricLoader/Mixin) Mixing HoneycombItemMixin from fabric-content-registries-v0.mixins.json into net.minecraft.world.item.HoneycombItem
[21:39:45] [main/DEBUG] (FabricLoader/Mixin) fabric-content-registries-v0.mixins.json:HoneycombItemMixin from mod fabric-content-registries-v0->@Inject::createWaxables(Lorg/spongepowered/asm/mixin/injection/callback/CallbackInfoReturnable;)V does use it's CallbackInfoReturnable
[21:39:45] [main/DEBUG] (FabricLoader/Mixin) Mixing BrushItemMixin from fabric-particles-v1.mixins.json into net.minecraft.world.item.BrushItem
[21:39:46] [main/DEBUG] (FabricLoader/Mixin) Mixing EntitySelectorOptionsAccessor from fabric-command-api-v2.mixins.json into net.minecraft.commands.arguments.selector.options.EntitySelectorOptions
[21:39:46] [main/DEBUG] (FabricLoader/Mixin) Renaming @Invoker method callPutOption(Ljava/lang/String;Lnet/minecraft/commands/arguments/selector/options/EntitySelectorOptions$Modifier;Ljava/util/function/Predicate;Lnet/minecraft/network/chat/Component;)V to callPutOption$fabric-command-api-v2_$md$17564f$0 in fabric-command-api-v2.mixins.json:EntitySelectorOptionsAccessor from mod fabric-command-api-v2
[21:39:46] [main/DEBUG] (FabricLoader/Mixin) Mixing EntitySelectorParserMixin from fabric-command-api-v2.mixins.json into net.minecraft.commands.arguments.selector.EntitySelectorParser
[21:39:47] [main/DEBUG] (FabricLoader/Mixin) Generating mapped inner class net/minecraft/world/level/block/entity/ChiseledBookShelfBlockEntity$Anonymous$6b8fabc9a3dd3f94be74f1199f97fdb5 (originally net/fabricmc/fabric/mixin/transfer/ChiseledBookShelfBlockEntityMixin$1)
[21:39:47] [main/DEBUG] (FabricLoader/Mixin) Mixing SimpleContainerMixin from fabric-transfer-api-v1.mixins.json into net.minecraft.world.SimpleContainer
[21:39:47] [main/DEBUG] (FabricLoader/Mixin) Mixing CraftingRecipeMixin from fabric-item-api-v1.mixins.json into net.minecraft.world.item.crafting.CraftingRecipe
[21:39:47] [main/DEBUG] (FabricLoader/Mixin) Mixing ingredient.IngredientMixin from fabric-recipe-api-v1.mixins.json into net.minecraft.world.item.crafting.Ingredient
[21:39:47] [main/DEBUG] (FabricLoader/Mixin) Renaming synthetic method lambda$injectCodec$2(Lnet/minecraft/world/item/crafting/Ingredient;)Lcom/mojang/datafixers/util/Either; to md17564f$fabric-recipe-api-v1$lambda$injectCodec$2$0 in fabric-recipe-api-v1.mixins.json:ingredient.IngredientMixin from mod fabric-recipe-api-v1
[21:39:47] [main/DEBUG] (FabricLoader/Mixin) Renaming synthetic method lambda$injectCodec$0(Lcom/mojang/datafixers/util/Either;)Lnet/minecraft/world/item/crafting/Ingredient; to md17564f$fabric-recipe-api-v1$lambda$injectCodec$0$1 in fabric-recipe-api-v1.mixins.json:ingredient.IngredientMixin from mod fabric-recipe-api-v1
[21:39:47] [main/DEBUG] (FabricLoader/Mixin) Renaming synthetic method lambda$injectCodec$1(Lnet/minecraft/world/item/crafting/Ingredient;)Lnet/minecraft/world/item/crafting/Ingredient; to md17564f$fabric-recipe-api-v1$lambda$injectCodec$1$2 in fabric-recipe-api-v1.mixins.json:ingredient.IngredientMixin from mod fabric-recipe-api-v1
[21:39:47] [main/DEBUG] (FabricLoader/Mixin) fabric-recipe-api-v1.mixins.json:ingredient.IngredientMixin from mod fabric-recipe-api-v1->@Inject::injectCodec(Lorg/spongepowered/asm/mixin/injection/callback/CallbackInfo;)V doesn't use it's CallbackInfo
[21:39:47] [main/DEBUG] (FabricLoader/Mixin) fabric-recipe-api-v1.mixins.json:ingredient.IngredientMixin from mod fabric-recipe-api-v1->@Inject::onGetEntries(Lnet/minecraft/world/item/crafting/Ingredient;Lorg/spongepowered/asm/mixin/injection/callback/CallbackInfoReturnable;)V does use it's CallbackInfoReturnable
[21:39:47] [main/DEBUG] (FabricLoader/Mixin) fabric-recipe-api-v1.mixins.json:ingredient.IngredientMixin from mod fabric-recipe-api-v1->@Inject::onGetEntries(Lnet/minecraft/world/item/crafting/Ingredient;Lorg/spongepowered/asm/mixin/injection/callback/CallbackInfoReturnable;)V does use it's CallbackInfoReturnable
[21:39:47] [main/DEBUG] (FabricLoader/Mixin) fabric-recipe-api-v1.mixins.json:ingredient.IngredientMixin from mod fabric-recipe-api-v1->@Inject::onGetEntries(Lnet/minecraft/world/item/crafting/Ingredient;Lorg/spongepowered/asm/mixin/injection/callback/CallbackInfoReturnable;)V does use it's CallbackInfoReturnable
[21:39:47] [main/DEBUG] (FabricLoader/Mixin) fabric-recipe-api-v1.mixins.json:ingredient.IngredientMixin from mod fabric-recipe-api-v1->@Inject::onHeadEquals(Ljava/lang/Object;Lorg/spongepowered/asm/mixin/injection/callback/CallbackInfoReturnable;)V does use it's CallbackInfoReturnable
[21:39:47] [main/DEBUG] (FabricLoader/Mixin) Mixing ingredient.ShapelessRecipeMixin from fabric-recipe-api-v1.mixins.json into net.minecraft.world.item.crafting.ShapelessRecipe
[21:39:47] [main/DEBUG] (FabricLoader/Mixin) fabric-recipe-api-v1.mixins.json:ingredient.ShapelessRecipeMixin from mod fabric-recipe-api-v1->@Inject::cacheRequiresTesting(Lnet/minecraft/world/item/crafting/Recipe$CommonInfo;Lnet/minecraft/world/item/crafting/CraftingRecipe$CraftingBookInfo;Lnet/minecraft/world/item/ItemStackTemplate;Ljava/util/List;Lorg/spongepowered/asm/mixin/injection/callback/CallbackInfo;)V doesn't use it's CallbackInfo
[21:39:47] [main/DEBUG] (FabricLoader/Mixin) fabric-recipe-api-v1.mixins.json:ingredient.ShapelessRecipeMixin from mod fabric-recipe-api-v1->@Inject::cacheRequiresTesting(Lnet/minecraft/world/item/crafting/Recipe$CommonInfo;Lnet/minecraft/world/item/crafting/CraftingRecipe$CraftingBookInfo;Lnet/minecraft/world/item/ItemStackTemplate;Ljava/util/List;Lorg/spongepowered/asm/mixin/injection/callback/CallbackInfo;)V has 0 override(s) in child classes
[21:39:47] [main/DEBUG] (FabricLoader/Mixin) fabric-recipe-api-v1.mixins.json:ingredient.ShapelessRecipeMixin from mod fabric-recipe-api-v1->@Inject::cacheRequiresTesting(Lnet/minecraft/world/item/crafting/Recipe$CommonInfo;Lnet/minecraft/world/item/crafting/CraftingRecipe$CraftingBookInfo;Lnet/minecraft/world/item/ItemStackTemplate;Ljava/util/List;Lorg/spongepowered/asm/mixin/injection/callback/CallbackInfo;)V won't be passed a CallbackInfo as a result
[21:39:47] [main/DEBUG] (FabricLoader/Mixin) fabric-recipe-api-v1.mixins.json:ingredient.ShapelessRecipeMixin from mod fabric-recipe-api-v1->@Inject::customIngredientMatch(Lnet/minecraft/world/item/crafting/CraftingInput;Lnet/minecraft/world/level/Level;Lorg/spongepowered/asm/mixin/injection/callback/CallbackInfoReturnable;)V does use it's CallbackInfoReturnable
[21:39:47] [main/DEBUG] (FabricLoader/Mixin) Mixing EnchantRandomlyFunctionMixin from fabric-item-api-v1.mixins.json into net.minecraft.world.level.storage.loot.functions.EnchantRandomlyFunction
[21:39:48] [main/DEBUG] (FabricLoader/Mixin) Mixing DimensionTypeAccessor from fabric-dimensions-v1.mixins.json into net.minecraft.world.level.dimension.DimensionType
[21:39:48] [main/DEBUG] (FabricLoader/Mixin) Mixing StructureTemplateManagerMixin from fabric-gametest-api-v1.mixins.json into net.minecraft.world.level.levelgen.structure.templatesystem.StructureTemplateManager
[21:39:48] [main/DEBUG] (FabricLoader/Mixin) fabric-gametest-api-v1.mixins.json:StructureTemplateManagerMixin from mod fabric-gametest-api-v1->@Inject::addFabricTemplateProvider(Lnet/minecraft/server/packs/resources/ResourceManager;Lnet/minecraft/world/level/storage/LevelStorageSource$LevelStorageAccess;Lcom/mojang/datafixers/DataFixer;Lnet/minecraft/core/HolderGetter;Lorg/spongepowered/asm/mixin/injection/callback/CallbackInfo;)V doesn't use it's CallbackInfo
[21:39:48] [main/DEBUG] (FabricLoader/Mixin) fabric-gametest-api-v1.mixins.json:StructureTemplateManagerMixin from mod fabric-gametest-api-v1->@Inject::addFabricTemplateProvider(Lnet/minecraft/server/packs/resources/ResourceManager;Lnet/minecraft/world/level/storage/LevelStorageSource$LevelStorageAccess;Lcom/mojang/datafixers/DataFixer;Lnet/minecraft/core/HolderGetter;Lorg/spongepowered/asm/mixin/injection/callback/CallbackInfo;)V has 0 override(s) in child classes
[21:39:48] [main/DEBUG] (FabricLoader/Mixin) fabric-gametest-api-v1.mixins.json:StructureTemplateManagerMixin from mod fabric-gametest-api-v1->@Inject::addFabricTemplateProvider(Lnet/minecraft/server/packs/resources/ResourceManager;Lnet/minecraft/world/level/storage/LevelStorageSource$LevelStorageAccess;Lcom/mojang/datafixers/DataFixer;Lnet/minecraft/core/HolderGetter;Lorg/spongepowered/asm/mixin/injection/callback/CallbackInfo;)V won't be passed a CallbackInfo as a result
[21:39:49] [main/DEBUG] (FabricLoader/Mixin) Mixing BiomeSourceMixin from fabric-biome-api-v1.mixins.json into net.minecraft.world.level.biome.BiomeSource
[21:39:49] [main/DEBUG] (FabricLoader/Mixin) Mixing MultiNoiseBiomeSourceMixin from fabric-biome-api-v1.mixins.json into net.minecraft.world.level.biome.MultiNoiseBiomeSource
[21:39:49] [main/DEBUG] (FabricLoader/Mixin) Mixing NetherBiomePresetMixin from fabric-biome-api-v1.mixins.json into net.minecraft.world.level.biome.MultiNoiseBiomeSourceParameterList$Preset$1
[21:39:49] [main/DEBUG] (FabricLoader/Mixin) fabric-biome-api-v1.mixins.json:NetherBiomePresetMixin from mod fabric-biome-api-v1->@Inject::apply(Ljava/util/function/Function;Lorg/spongepowered/asm/mixin/injection/callback/CallbackInfoReturnable;)V does use it's CallbackInfoReturnable
[21:39:49] [main/DEBUG] (FabricLoader/Mixin) Mixing RegistryOpsAccessor from fabric-resource-conditions-api-v1.mixins.json into net.minecraft.resources.RegistryOps
[21:39:49] [main/DEBUG] (FabricLoader/Mixin) Mixing TheEndBiomeSourceMixin from fabric-biome-api-v1.mixins.json into net.minecraft.world.level.biome.TheEndBiomeSource
[21:39:49] [main/DEBUG] (FabricLoader/Mixin) Renaming synthetic method lambda$init$0(Lnet/minecraft/core/HolderGetter;)Lnet/fabricmc/fabric/impl/biome/TheEndBiomeData$Overrides; to md17564f$fabric-biome-api-v1$lambda$init$0$0 in fabric-biome-api-v1.mixins.json:TheEndBiomeSourceMixin from mod fabric-biome-api-v1
[21:39:49] [main/DEBUG] (FabricLoader/Mixin) Renaming synthetic method lambda$modifyCodec$0(Lcom/mojang/serialization/codecs/RecordCodecBuilder$Instance;)Lcom/mojang/datafixers/kinds/App; to md17564f$fabric-biome-api-v1$lambda$modifyCodec$0$1 in fabric-biome-api-v1.mixins.json:TheEndBiomeSourceMixin from mod fabric-biome-api-v1
[21:39:49] [main/DEBUG] (FabricLoader/Mixin) fabric-biome-api-v1.mixins.json:TheEndBiomeSourceMixin from mod fabric-biome-api-v1->@Inject::modifyCodec(Lorg/spongepowered/asm/mixin/injection/callback/CallbackInfo;)V doesn't use it's CallbackInfo
[21:39:49] [main/DEBUG] (FabricLoader/Mixin) fabric-biome-api-v1.mixins.json:TheEndBiomeSourceMixin from mod fabric-biome-api-v1->@Inject::rememberLookup(Lnet/minecraft/core/HolderGetter;Lorg/spongepowered/asm/mixin/injection/callback/CallbackInfoReturnable;)V doesn't use it's CallbackInfoReturnable
[21:39:49] [main/DEBUG] (FabricLoader/Mixin) fabric-biome-api-v1.mixins.json:TheEndBiomeSourceMixin from mod fabric-biome-api-v1->@Inject::clearLookup(Lnet/minecraft/core/HolderGetter;Lorg/spongepowered/asm/mixin/injection/callback/CallbackInfoReturnable;)V doesn't use it's CallbackInfoReturnable
[21:39:49] [main/DEBUG] (FabricLoader/Mixin) fabric-biome-api-v1.mixins.json:TheEndBiomeSourceMixin from mod fabric-biome-api-v1->@Inject::init(Lnet/minecraft/core/Holder;Lnet/minecraft/core/Holder;Lnet/minecraft/core/Holder;Lnet/minecraft/core/Holder;Lnet/minecraft/core/Holder;Lorg/spongepowered/asm/mixin/injection/callback/CallbackInfo;)V doesn't use it's CallbackInfo
[21:39:49] [main/DEBUG] (FabricLoader/Mixin) fabric-biome-api-v1.mixins.json:TheEndBiomeSourceMixin from mod fabric-biome-api-v1->@Inject::init(Lnet/minecraft/core/Holder;Lnet/minecraft/core/Holder;Lnet/minecraft/core/Holder;Lnet/minecraft/core/Holder;Lnet/minecraft/core/Holder;Lorg/spongepowered/asm/mixin/injection/callback/CallbackInfo;)V has 0 override(s) in child classes
[21:39:49] [main/DEBUG] (FabricLoader/Mixin) fabric-biome-api-v1.mixins.json:TheEndBiomeSourceMixin from mod fabric-biome-api-v1->@Inject::init(Lnet/minecraft/core/Holder;Lnet/minecraft/core/Holder;Lnet/minecraft/core/Holder;Lnet/minecraft/core/Holder;Lnet/minecraft/core/Holder;Lorg/spongepowered/asm/mixin/injection/callback/CallbackInfo;)V won't be passed a CallbackInfo as a result
[21:39:49] [main/DEBUG] (FabricLoader/Mixin) fabric-biome-api-v1.mixins.json:TheEndBiomeSourceMixin from mod fabric-biome-api-v1->@Inject::getWeightedEndBiome(IIILnet/minecraft/world/level/biome/Climate$Sampler;Lorg/spongepowered/asm/mixin/injection/callback/CallbackInfoReturnable;)V does use it's CallbackInfoReturnable
[21:39:49] [main/DEBUG] (FabricLoader/Mixin) fabric-biome-api-v1.mixins.json:TheEndBiomeSourceMixin from mod fabric-biome-api-v1->@Inject::getWeightedEndBiome(IIILnet/minecraft/world/level/biome/Climate$Sampler;Lorg/spongepowered/asm/mixin/injection/callback/CallbackInfoReturnable;)V does use it's CallbackInfoReturnable
[21:39:49] [main/DEBUG] (FabricLoader/Mixin) fabric-biome-api-v1.mixins.json:TheEndBiomeSourceMixin from mod fabric-biome-api-v1->@Inject::getWeightedEndBiome(IIILnet/minecraft/world/level/biome/Climate$Sampler;Lorg/spongepowered/asm/mixin/injection/callback/CallbackInfoReturnable;)V does use it's CallbackInfoReturnable
[21:39:49] [main/DEBUG] (FabricLoader/Mixin) fabric-biome-api-v1.mixins.json:TheEndBiomeSourceMixin from mod fabric-biome-api-v1->@Inject::getWeightedEndBiome(IIILnet/minecraft/world/level/biome/Climate$Sampler;Lorg/spongepowered/asm/mixin/injection/callback/CallbackInfoReturnable;)V does use it's CallbackInfoReturnable
[21:39:49] [main/DEBUG] (FabricLoader/Mixin) fabric-biome-api-v1.mixins.json:TheEndBiomeSourceMixin from mod fabric-biome-api-v1->@Inject::getWeightedEndBiome(IIILnet/minecraft/world/level/biome/Climate$Sampler;Lorg/spongepowered/asm/mixin/injection/callback/CallbackInfoReturnable;)V does use it's CallbackInfoReturnable
[21:39:49] [main/DEBUG] (FabricLoader/Mixin) Mixing DebugLevelSourceAccessor from fabric-registry-sync-v0.mixins.json into net.minecraft.world.level.levelgen.DebugLevelSource
[21:39:49] [main/DEBUG] (FabricLoader/Mixin) Renaming @Accessor method setALL_BLOCKS(Ljava/util/List;)V to setALL_BLOCKS$fabric-registry-sync-v0_$md$17564f$0 in fabric-registry-sync-v0.mixins.json:DebugLevelSourceAccessor from mod fabric-registry-sync-v0
[21:39:49] [main/DEBUG] (FabricLoader/Mixin) Renaming @Accessor method setGRID_WIDTH(I)V to setGRID_WIDTH$fabric-registry-sync-v0_$md$17564f$1 in fabric-registry-sync-v0.mixins.json:DebugLevelSourceAccessor from mod fabric-registry-sync-v0
[21:39:49] [main/DEBUG] (FabricLoader/Mixin) Renaming @Accessor method setGRID_HEIGHT(I)V to setGRID_HEIGHT$fabric-registry-sync-v0_$md$17564f$2 in fabric-registry-sync-v0.mixins.json:DebugLevelSourceAccessor from mod fabric-registry-sync-v0
[21:39:49] [main/DEBUG] (FabricLoader/Mixin) Mixing GameRulesServiceGameRuleUpdateMixin from fabric-game-rule-api-v1.mixins.json into net.minecraft.server.jsonrpc.methods.GameRulesService$GameRuleUpdate
[21:39:49] [main/DEBUG] (FabricLoader/Mixin) Renaming synthetic method lambda$fabric_createTypedCodec$0(Lnet/minecraft/world/level/gamerules/GameRule;Lcom/mojang/serialization/codecs/RecordCodecBuilder$Instance;)Lcom/mojang/datafixers/kinds/App; to md17564f$fabric-game-rule-api-v1$lambda$fabric_createTypedCodec$0$0 in fabric-game-rule-api-v1.mixins.json:GameRulesServiceGameRuleUpdateMixin from mod fabric-game-rule-api-v1
[21:39:49] [main/DEBUG] (FabricLoader/Mixin) Renaming synthetic method lambda$fabric_createTypedCodec$2(Lnet/minecraft/world/level/gamerules/GameRule;Lnet/fabricmc/fabric/impl/gamerule/rpc/FabricGameRuleType;Ljava/lang/Object;)Lnet/minecraft/server/jsonrpc/methods/GameRulesService$GameRuleUpdate; to md17564f$fabric-game-rule-api-v1$lambda$fabric_createTypedCodec$2$1 in fabric-game-rule-api-v1.mixins.json:GameRulesServiceGameRuleUpdateMixin from mod fabric-game-rule-api-v1
[21:39:49] [main/DEBUG] (FabricLoader/Mixin) Renaming synthetic method lambda$fabric_createTypedCodec$1(Lnet/minecraft/server/jsonrpc/methods/GameRulesService$GameRuleUpdate;)Lnet/fabricmc/fabric/impl/gamerule/rpc/FabricGameRuleType; to md17564f$fabric-game-rule-api-v1$lambda$fabric_createTypedCodec$1$2 in fabric-game-rule-api-v1.mixins.json:GameRulesServiceGameRuleUpdateMixin from mod fabric-game-rule-api-v1
[21:39:49] [main/DEBUG] (FabricLoader/Mixin) Renaming synthetic method lambda$getValueAndFabricTypeCodec$1(Lnet/minecraft/server/jsonrpc/methods/GameRulesService$GameRuleUpdate;)Lcom/mojang/datafixers/util/Either; to md17564f$fabric-game-rule-api-v1$lambda$getValueAndFabricTypeCodec$1$3 in fabric-game-rule-api-v1.mixins.json:GameRulesServiceGameRuleUpdateMixin from mod fabric-game-rule-api-v1
[21:39:49] [main/DEBUG] (FabricLoader/Mixin) Renaming synthetic method lambda$getValueAndFabricTypeCodec$0(Lcom/mojang/datafixers/util/Either;)Lnet/minecraft/server/jsonrpc/methods/GameRulesService$GameRuleUpdate; to md17564f$fabric-game-rule-api-v1$lambda$getValueAndFabricTypeCodec$0$4 in fabric-game-rule-api-v1.mixins.json:GameRulesServiceGameRuleUpdateMixin from mod fabric-game-rule-api-v1
[21:39:49] [main/DEBUG] (FabricLoader/Mixin) fabric-game-rule-api-v1.mixins.json:GameRulesServiceGameRuleUpdateMixin from mod fabric-game-rule-api-v1->@Inject::updateFabricType(Lnet/minecraft/world/level/gamerules/GameRule;Ljava/lang/Object;Lorg/spongepowered/asm/mixin/injection/callback/CallbackInfo;)V doesn't use it's CallbackInfo
[21:39:50] [main/DEBUG] (FabricLoader/Mixin) Mixing item.CuboidItemModelWrapperMixin from fabric-renderer-api-v1.mixins.json into net.minecraft.client.renderer.item.CuboidItemModelWrapper
[21:39:50] [main/DEBUG] (FabricLoader/Mixin) fabric-renderer-api-v1.mixins.json:item.CuboidItemModelWrapperMixin from mod fabric-renderer-api-v1->@Inject::onReturnInit(Ljava/util/List;Lnet/minecraft/client/resources/model/geometry/QuadCollection;Lnet/minecraft/client/renderer/item/ModelRenderProperties;Lorg/joml/Matrix4fc;Lorg/spongepowered/asm/mixin/injection/callback/CallbackInfo;)V doesn't use it's CallbackInfo
[21:39:50] [main/DEBUG] (FabricLoader/Mixin) fabric-renderer-api-v1.mixins.json:item.CuboidItemModelWrapperMixin from mod fabric-renderer-api-v1->@Inject::onReturnInit(Ljava/util/List;Lnet/minecraft/client/resources/model/geometry/QuadCollection;Lnet/minecraft/client/renderer/item/ModelRenderProperties;Lorg/joml/Matrix4fc;Lorg/spongepowered/asm/mixin/injection/callback/CallbackInfo;)V has 0 override(s) in child classes
[21:39:50] [main/DEBUG] (FabricLoader/Mixin) fabric-renderer-api-v1.mixins.json:item.CuboidItemModelWrapperMixin from mod fabric-renderer-api-v1->@Inject::onReturnInit(Ljava/util/List;Lnet/minecraft/client/resources/model/geometry/QuadCollection;Lnet/minecraft/client/renderer/item/ModelRenderProperties;Lorg/joml/Matrix4fc;Lorg/spongepowered/asm/mixin/injection/callback/CallbackInfo;)V won't be passed a CallbackInfo as a result
[21:39:50] [main/DEBUG] (FabricLoader/Mixin) fabric-renderer-api-v1.mixins.json:item.CuboidItemModelWrapperMixin from mod fabric-renderer-api-v1->@Inject::onReturnUpdate(Lnet/minecraft/client/renderer/item/ItemStackRenderState;Lnet/minecraft/world/item/ItemStack;Lnet/minecraft/client/renderer/item/ItemModelResolver;Lnet/minecraft/world/item/ItemDisplayContext;Lnet/minecraft/client/multiplayer/ClientLevel;Lnet/minecraft/world/entity/ItemOwner;ILorg/spongepowered/asm/mixin/injection/callback/CallbackInfo;)V doesn't use it's CallbackInfo
[21:39:50] [main/DEBUG] (FabricLoader/Mixin) fabric-renderer-api-v1.mixins.json:item.CuboidItemModelWrapperMixin from mod fabric-renderer-api-v1->@Inject::onReturnUpdate(Lnet/minecraft/client/renderer/item/ItemStackRenderState;Lnet/minecraft/world/item/ItemStack;Lnet/minecraft/client/renderer/item/ItemModelResolver;Lnet/minecraft/world/item/ItemDisplayContext;Lnet/minecraft/client/multiplayer/ClientLevel;Lnet/minecraft/world/entity/ItemOwner;ILorg/spongepowered/asm/mixin/injection/callback/CallbackInfo;)V has 0 override(s) in child classes
[21:39:50] [main/DEBUG] (FabricLoader/Mixin) fabric-renderer-api-v1.mixins.json:item.CuboidItemModelWrapperMixin from mod fabric-renderer-api-v1->@Inject::onReturnUpdate(Lnet/minecraft/client/renderer/item/ItemStackRenderState;Lnet/minecraft/world/item/ItemStack;Lnet/minecraft/client/renderer/item/ItemModelResolver;Lnet/minecraft/world/item/ItemDisplayContext;Lnet/minecraft/client/multiplayer/ClientLevel;Lnet/minecraft/world/entity/ItemOwner;ILorg/spongepowered/asm/mixin/injection/callback/CallbackInfo;)V won't be passed a CallbackInfo as a result
[21:39:50] [main/DEBUG] (FabricLoader/Mixin) Mixing ModelMixin from fabric-rendering-v1.mixins.json into net.minecraft.client.model.Model
[21:39:50] [main/DEBUG] (FabricLoader/Mixin) Renaming synthetic method lambda$copyTransforms$0(Ljava/lang/String;Lnet/minecraft/client/model/geom/ModelPart;)V to md17564f$fabric-rendering-v1$lambda$copyTransforms$0$0 in fabric-rendering-v1.mixins.json:ModelMixin from mod fabric-rendering-v1
[21:39:50] [main/DEBUG] (FabricLoader/Mixin) fabric-rendering-v1.mixins.json:ModelMixin from mod fabric-rendering-v1->@Inject::fillChildPartMap(Lnet/minecraft/client/model/geom/ModelPart;Ljava/util/function/Function;Lorg/spongepowered/asm/mixin/injection/callback/CallbackInfo;)V doesn't use it's CallbackInfo
[21:39:50] [main/DEBUG] (FabricLoader/Mixin) fabric-rendering-v1.mixins.json:ModelMixin from mod fabric-rendering-v1->@Inject::fillChildPartMap(Lnet/minecraft/client/model/geom/ModelPart;Ljava/util/function/Function;Lorg/spongepowered/asm/mixin/injection/callback/CallbackInfo;)V has 0 override(s) in child classes
[21:39:50] [main/DEBUG] (FabricLoader/Mixin) fabric-rendering-v1.mixins.json:ModelMixin from mod fabric-rendering-v1->@Inject::fillChildPartMap(Lnet/minecraft/client/model/geom/ModelPart;Ljava/util/function/Function;Lorg/spongepowered/asm/mixin/injection/callback/CallbackInfo;)V won't be passed a CallbackInfo as a result
[21:39:50] [main/DEBUG] (FabricLoader/Mixin) Mixing KeyMappingAccessor from fabric-key-mapping-api-v1.mixins.json into net.minecraft.client.KeyMapping
[21:39:50] [main/DEBUG] (FabricLoader/Mixin) Mixing KeyMappingAccessor from fabric-events-interaction-v0.client.mixins.json into net.minecraft.client.KeyMapping
[21:39:50] [main/DEBUG] (FabricLoader/Mixin) Mixing SpriteSourcesAccessor from fabric-rendering-v1.mixins.json into net.minecraft.client.renderer.texture.atlas.SpriteSources
[21:39:50] [main/DEBUG] (FabricLoader/Mixin) Renaming @Accessor method getSpriteSourceCodecs()Lnet/minecraft/util/ExtraCodecs$LateBoundIdMapper; to getSpriteSourceCodecs$fabric-rendering-v1_$md$17564f$0 in fabric-rendering-v1.mixins.json:SpriteSourcesAccessor from mod fabric-rendering-v1
[21:39:50] [main/DEBUG] (FabricLoader/Mixin) Mixing ScreenAccessor from fabric-screen-api-v1.mixins.json into net.minecraft.client.gui.screens.Screen
[21:39:50] [main/DEBUG] (FabricLoader/Mixin) Mixing ScreenMixin from fabric-screen-api-v1.mixins.json into net.minecraft.client.gui.screens.Screen
[21:39:50] [main/DEBUG] (FabricLoader/Mixin) fabric-screen-api-v1.mixins.json:ScreenMixin from mod fabric-screen-api-v1->@Inject::extractBackground(Lnet/minecraft/client/gui/GuiGraphicsExtractor;IIFLorg/spongepowered/asm/mixin/injection/callback/CallbackInfo;)V doesn't use it's CallbackInfo
[21:39:50] [main/DEBUG] (FabricLoader/Mixin) fabric-screen-api-v1.mixins.json:ScreenMixin from mod fabric-screen-api-v1->@Inject::extractForeground(Lnet/minecraft/client/gui/GuiGraphicsExtractor;IIFLorg/spongepowered/asm/mixin/injection/callback/CallbackInfo;)V doesn't use it's CallbackInfo
[21:39:50] [main/DEBUG] (FabricLoader/Mixin) fabric-screen-api-v1.mixins.json:ScreenMixin from mod fabric-screen-api-v1->@Inject::beforeInitScreen(IILorg/spongepowered/asm/mixin/injection/callback/CallbackInfo;)V doesn't use it's CallbackInfo
[21:39:50] [main/DEBUG] (FabricLoader/Mixin) fabric-screen-api-v1.mixins.json:ScreenMixin from mod fabric-screen-api-v1->@Inject::beforeInitScreen(IILorg/spongepowered/asm/mixin/injection/callback/CallbackInfo;)V has 0 override(s) in child classes
[21:39:50] [main/DEBUG] (FabricLoader/Mixin) fabric-screen-api-v1.mixins.json:ScreenMixin from mod fabric-screen-api-v1->@Inject::beforeInitScreen(IILorg/spongepowered/asm/mixin/injection/callback/CallbackInfo;)V won't be passed a CallbackInfo as a result
[21:39:50] [main/DEBUG] (FabricLoader/Mixin) fabric-screen-api-v1.mixins.json:ScreenMixin from mod fabric-screen-api-v1->@Inject::afterInitScreen(IILorg/spongepowered/asm/mixin/injection/callback/CallbackInfo;)V doesn't use it's CallbackInfo
[21:39:50] [main/DEBUG] (FabricLoader/Mixin) fabric-screen-api-v1.mixins.json:ScreenMixin from mod fabric-screen-api-v1->@Inject::afterInitScreen(IILorg/spongepowered/asm/mixin/injection/callback/CallbackInfo;)V has 0 override(s) in child classes
[21:39:50] [main/DEBUG] (FabricLoader/Mixin) fabric-screen-api-v1.mixins.json:ScreenMixin from mod fabric-screen-api-v1->@Inject::afterInitScreen(IILorg/spongepowered/asm/mixin/injection/callback/CallbackInfo;)V won't be passed a CallbackInfo as a result
[21:39:50] [main/DEBUG] (FabricLoader/Mixin) fabric-screen-api-v1.mixins.json:ScreenMixin from mod fabric-screen-api-v1->@Inject::beforeResizeScreen(IILorg/spongepowered/asm/mixin/injection/callback/CallbackInfo;)V doesn't use it's CallbackInfo
[21:39:50] [main/DEBUG] (FabricLoader/Mixin) fabric-screen-api-v1.mixins.json:ScreenMixin from mod fabric-screen-api-v1->@Inject::beforeResizeScreen(IILorg/spongepowered/asm/mixin/injection/callback/CallbackInfo;)V has 0 override(s) in child classes
[21:39:50] [main/DEBUG] (FabricLoader/Mixin) fabric-screen-api-v1.mixins.json:ScreenMixin from mod fabric-screen-api-v1->@Inject::beforeResizeScreen(IILorg/spongepowered/asm/mixin/injection/callback/CallbackInfo;)V won't be passed a CallbackInfo as a result
[21:39:50] [main/DEBUG] (FabricLoader/Mixin) fabric-screen-api-v1.mixins.json:ScreenMixin from mod fabric-screen-api-v1->@Inject::afterResizeScreen(IILorg/spongepowered/asm/mixin/injection/callback/CallbackInfo;)V doesn't use it's CallbackInfo
[21:39:50] [main/DEBUG] (FabricLoader/Mixin) fabric-screen-api-v1.mixins.json:ScreenMixin from mod fabric-screen-api-v1->@Inject::afterResizeScreen(IILorg/spongepowered/asm/mixin/injection/callback/CallbackInfo;)V has 0 override(s) in child classes
[21:39:50] [main/DEBUG] (FabricLoader/Mixin) fabric-screen-api-v1.mixins.json:ScreenMixin from mod fabric-screen-api-v1->@Inject::afterResizeScreen(IILorg/spongepowered/asm/mixin/injection/callback/CallbackInfo;)V won't be passed a CallbackInfo as a result
[21:39:50] [main/DEBUG] (FabricLoader/Mixin) Mixing ClientLevelMixin from fabric-data-attachment-api-v1.client.mixins.json into net.minecraft.client.multiplayer.ClientLevel
[21:39:50] [main/DEBUG] (FabricLoader/Mixin) Mixing ClientLevelMixin from fabric-lifecycle-events-v1.client.mixins.json into net.minecraft.client.multiplayer.ClientLevel
[21:39:50] [main/DEBUG] (FabricLoader/Mixin) Mixing ClientLevelMixin from fabric-rendering-v1.mixins.json into net.minecraft.client.multiplayer.ClientLevel
[21:39:50] [main/DEBUG] (FabricLoader/Mixin) Renaming synthetic method lambda$new$0(Lnet/minecraft/world/level/ColorResolver;)Lnet/minecraft/client/color/block/BlockTintCache; to md17564f$fabric-rendering-v1$lambda$new$0$0 in fabric-rendering-v1.mixins.json:ClientLevelMixin from mod fabric-rendering-v1
[21:39:50] [main/DEBUG] (FabricLoader/Mixin) Renaming synthetic method lambda$new$1(Lnet/minecraft/world/level/ColorResolver;Lnet/minecraft/core/BlockPos;)I to md17564f$fabric-rendering-v1$lambda$new$1$1 in fabric-rendering-v1.mixins.json:ClientLevelMixin from mod fabric-rendering-v1
[21:39:50] [main/DEBUG] (FabricLoader/Mixin) fabric-lifecycle-events-v1.client.mixins.json:ClientLevelMixin from mod fabric-lifecycle-events-v1->@Inject::startLevelTick(Lorg/spongepowered/asm/mixin/injection/callback/CallbackInfo;)V doesn't use it's CallbackInfo
[21:39:50] [main/DEBUG] (FabricLoader/Mixin) fabric-lifecycle-events-v1.client.mixins.json:ClientLevelMixin from mod fabric-lifecycle-events-v1->@Inject::startLevelTick(Lorg/spongepowered/asm/mixin/injection/callback/CallbackInfo;)V has 0 override(s) in child classes
[21:39:50] [main/DEBUG] (FabricLoader/Mixin) fabric-lifecycle-events-v1.client.mixins.json:ClientLevelMixin from mod fabric-lifecycle-events-v1->@Inject::startLevelTick(Lorg/spongepowered/asm/mixin/injection/callback/CallbackInfo;)V won't be passed a CallbackInfo as a result
[21:39:50] [main/DEBUG] (FabricLoader/Mixin) fabric-lifecycle-events-v1.client.mixins.json:ClientLevelMixin from mod fabric-lifecycle-events-v1->@Inject::endLevelTick(Lorg/spongepowered/asm/mixin/injection/callback/CallbackInfo;)V doesn't use it's CallbackInfo
[21:39:50] [main/DEBUG] (FabricLoader/Mixin) fabric-lifecycle-events-v1.client.mixins.json:ClientLevelMixin from mod fabric-lifecycle-events-v1->@Inject::endLevelTick(Lorg/spongepowered/asm/mixin/injection/callback/CallbackInfo;)V has 0 override(s) in child classes
[21:39:50] [main/DEBUG] (FabricLoader/Mixin) fabric-lifecycle-events-v1.client.mixins.json:ClientLevelMixin from mod fabric-lifecycle-events-v1->@Inject::endLevelTick(Lorg/spongepowered/asm/mixin/injection/callback/CallbackInfo;)V won't be passed a CallbackInfo as a result
[21:39:50] [main/DEBUG] (FabricLoader/Mixin) fabric-rendering-v1.mixins.json:ClientLevelMixin from mod fabric-rendering-v1->@Inject::onResetChunkColor(Lnet/minecraft/world/level/ChunkPos;Lorg/spongepowered/asm/mixin/injection/callback/CallbackInfo;)V doesn't use it's CallbackInfo
[21:39:50] [main/DEBUG] (FabricLoader/Mixin) fabric-rendering-v1.mixins.json:ClientLevelMixin from mod fabric-rendering-v1->@Inject::onResetChunkColor(Lnet/minecraft/world/level/ChunkPos;Lorg/spongepowered/asm/mixin/injection/callback/CallbackInfo;)V has 0 override(s) in child classes
[21:39:50] [main/DEBUG] (FabricLoader/Mixin) fabric-rendering-v1.mixins.json:ClientLevelMixin from mod fabric-rendering-v1->@Inject::onResetChunkColor(Lnet/minecraft/world/level/ChunkPos;Lorg/spongepowered/asm/mixin/injection/callback/CallbackInfo;)V won't be passed a CallbackInfo as a result
[21:39:50] [main/DEBUG] (FabricLoader/Mixin) fabric-rendering-v1.mixins.json:ClientLevelMixin from mod fabric-rendering-v1->@Inject::onReloadColor(Lorg/spongepowered/asm/mixin/injection/callback/CallbackInfo;)V doesn't use it's CallbackInfo
[21:39:50] [main/DEBUG] (FabricLoader/Mixin) fabric-rendering-v1.mixins.json:ClientLevelMixin from mod fabric-rendering-v1->@Inject::onReloadColor(Lorg/spongepowered/asm/mixin/injection/callback/CallbackInfo;)V has 0 override(s) in child classes
[21:39:50] [main/DEBUG] (FabricLoader/Mixin) fabric-rendering-v1.mixins.json:ClientLevelMixin from mod fabric-rendering-v1->@Inject::onReloadColor(Lorg/spongepowered/asm/mixin/injection/callback/CallbackInfo;)V won't be passed a CallbackInfo as a result
[21:39:50] [main/DEBUG] (FabricLoader/Mixin) Mixing LocalPlayerMixin from fabric-networking-api-v1.client.mixins.json into net.minecraft.client.player.LocalPlayer
[21:39:50] [main/DEBUG] (FabricLoader/Mixin) Mixing LocalPlayerMixin from fabric-content-registries-v0.client.mixins.json into net.minecraft.client.player.LocalPlayer
[21:39:51] [main/DEBUG] (FabricLoader/Mixin) Mixing DefaultAttributesAccessor from fabric-object-builder-v1.mixins.json into net.minecraft.world.entity.ai.attributes.DefaultAttributes
[21:39:51] [main/DEBUG] (FabricLoader/Mixin) Renaming @Accessor method getRegistry()Ljava/util/Map; to getRegistry$fabric-object-builder-api-v1_$md$17564f$0 in fabric-object-builder-v1.mixins.json:DefaultAttributesAccessor from mod fabric-object-builder-api-v1
[21:39:51] [main/DEBUG] (FabricLoader/Mixin) Mixing DefaultAttributesMixin from fabric-object-builder-v1.mixins.json into net.minecraft.world.entity.ai.attributes.DefaultAttributes
[21:39:51] [main/DEBUG] (FabricLoader/Mixin) fabric-object-builder-v1.mixins.json:DefaultAttributesMixin from mod fabric-object-builder-api-v1->@Inject::injectAttributes(Lorg/spongepowered/asm/mixin/injection/callback/CallbackInfo;)V doesn't use it's CallbackInfo
[21:39:51] [main/DEBUG] (FabricLoader/Mixin) Mixing AttributeSupplierAccessor from fabric-object-builder-v1.mixins.json into net.minecraft.world.entity.ai.attributes.AttributeSupplier
[21:39:51] [main/DEBUG] (FabricLoader/Mixin) Mixing AttributeSupplierBuilderAccessor from fabric-object-builder-v1.mixins.json into net.minecraft.world.entity.ai.attributes.AttributeSupplier$Builder
[21:39:51] [Render thread/DEBUG] (FabricLoader/Mixin) Mixing MinecraftMixin from fabric-data-generation-api-v1.client.mixins.json into net.minecraft.client.Minecraft
[21:39:51] [Render thread/DEBUG] (FabricLoader/Mixin) Mixing MinecraftMixin from fabric-events-interaction-v0.client.mixins.json into net.minecraft.client.Minecraft
[21:39:51] [Render thread/DEBUG] (FabricLoader/Mixin) Mixing MinecraftMixin from fabric-lifecycle-events-v1.client.mixins.json into net.minecraft.client.Minecraft
[21:39:51] [Render thread/DEBUG] (FabricLoader/Mixin) Mixing MinecraftMixin from fabric-registry-sync-v0.client.mixins.json into net.minecraft.client.Minecraft
[21:39:51] [Render thread/DEBUG] (FabricLoader/Mixin) Mixing accessor.MinecraftAccessor from fabric-networking-api-v1.client.mixins.json into net.minecraft.client.Minecraft
[21:39:51] [Render thread/DEBUG] (FabricLoader/Mixin) Mixing MinecraftMixin from fabric-screen-api-v1.mixins.json into net.minecraft.client.Minecraft
[21:39:51] [Render thread/DEBUG] (FabricLoader/Mixin) fabric-data-generation-api-v1.client.mixins.json:MinecraftMixin from mod fabric-data-generation-api-v1->@Inject::main(Lorg/spongepowered/asm/mixin/injection/callback/CallbackInfo;)V doesn't use it's CallbackInfo
[21:39:51] [Render thread/DEBUG] (FabricLoader/Mixin) fabric-data-generation-api-v1.client.mixins.json:MinecraftMixin from mod fabric-data-generation-api-v1->@Inject::main(Lorg/spongepowered/asm/mixin/injection/callback/CallbackInfo;)V has 0 override(s) in child classes
[21:39:51] [Render thread/DEBUG] (FabricLoader/Mixin) fabric-data-generation-api-v1.client.mixins.json:MinecraftMixin from mod fabric-data-generation-api-v1->@Inject::main(Lorg/spongepowered/asm/mixin/injection/callback/CallbackInfo;)V won't be passed a CallbackInfo as a result
[21:39:51] [Render thread/DEBUG] (FabricLoader/Mixin) fabric-events-interaction-v0.client.mixins.json:MinecraftMixin from mod fabric-events-interaction-v0->@Inject::injectUseEntityCallback(Lorg/spongepowered/asm/mixin/injection/callback/CallbackInfo;)V does use it's CallbackInfo
[21:39:51] [Render thread/DEBUG] (FabricLoader/Mixin) fabric-events-interaction-v0.client.mixins.json:MinecraftMixin from mod fabric-events-interaction-v0->@Inject::injectHandleInputEventsForPreAttackCallback(Lorg/spongepowered/asm/mixin/injection/callback/CallbackInfo;)V doesn't use it's CallbackInfo
[21:39:51] [Render thread/DEBUG] (FabricLoader/Mixin) fabric-events-interaction-v0.client.mixins.json:MinecraftMixin from mod fabric-events-interaction-v0->@Inject::injectHandleInputEventsForPreAttackCallback(Lorg/spongepowered/asm/mixin/injection/callback/CallbackInfo;)V has 0 override(s) in child classes
[21:39:51] [Render thread/DEBUG] (FabricLoader/Mixin) fabric-events-interaction-v0.client.mixins.json:MinecraftMixin from mod fabric-events-interaction-v0->@Inject::injectHandleInputEventsForPreAttackCallback(Lorg/spongepowered/asm/mixin/injection/callback/CallbackInfo;)V won't be passed a CallbackInfo as a result
[21:39:51] [Render thread/DEBUG] (FabricLoader/Mixin) fabric-events-interaction-v0.client.mixins.json:MinecraftMixin from mod fabric-events-interaction-v0->@Inject::injectDoAttackForCancelling(Lorg/spongepowered/asm/mixin/injection/callback/CallbackInfoReturnable;)V does use it's CallbackInfoReturnable
[21:39:51] [Render thread/DEBUG] (FabricLoader/Mixin) fabric-events-interaction-v0.client.mixins.json:MinecraftMixin from mod fabric-events-interaction-v0->@Inject::injectHandleBlockBreakingForCancelling(ZLorg/spongepowered/asm/mixin/injection/callback/CallbackInfo;)V does use it's CallbackInfo
[21:39:51] [Render thread/DEBUG] (FabricLoader/Mixin) fabric-lifecycle-events-v1.client.mixins.json:MinecraftMixin from mod fabric-lifecycle-events-v1->@Inject::onStartTick(Lorg/spongepowered/asm/mixin/injection/callback/CallbackInfo;)V doesn't use it's CallbackInfo
[21:39:51] [Render thread/DEBUG] (FabricLoader/Mixin) fabric-lifecycle-events-v1.client.mixins.json:MinecraftMixin from mod fabric-lifecycle-events-v1->@Inject::onStartTick(Lorg/spongepowered/asm/mixin/injection/callback/CallbackInfo;)V has 0 override(s) in child classes
[21:39:51] [Render thread/DEBUG] (FabricLoader/Mixin) fabric-lifecycle-events-v1.client.mixins.json:MinecraftMixin from mod fabric-lifecycle-events-v1->@Inject::onStartTick(Lorg/spongepowered/asm/mixin/injection/callback/CallbackInfo;)V won't be passed a CallbackInfo as a result
[21:39:51] [Render thread/DEBUG] (FabricLoader/Mixin) fabric-lifecycle-events-v1.client.mixins.json:MinecraftMixin from mod fabric-lifecycle-events-v1->@Inject::onEndTick(Lorg/spongepowered/asm/mixin/injection/callback/CallbackInfo;)V doesn't use it's CallbackInfo
[21:39:51] [Render thread/DEBUG] (FabricLoader/Mixin) fabric-lifecycle-events-v1.client.mixins.json:MinecraftMixin from mod fabric-lifecycle-events-v1->@Inject::onEndTick(Lorg/spongepowered/asm/mixin/injection/callback/CallbackInfo;)V has 0 override(s) in child classes
[21:39:51] [Render thread/DEBUG] (FabricLoader/Mixin) fabric-lifecycle-events-v1.client.mixins.json:MinecraftMixin from mod fabric-lifecycle-events-v1->@Inject::onEndTick(Lorg/spongepowered/asm/mixin/injection/callback/CallbackInfo;)V won't be passed a CallbackInfo as a result
[21:39:51] [Render thread/DEBUG] (FabricLoader/Mixin) fabric-lifecycle-events-v1.client.mixins.json:MinecraftMixin from mod fabric-lifecycle-events-v1->@Inject::onStopping(Lorg/spongepowered/asm/mixin/injection/callback/CallbackInfo;)V doesn't use it's CallbackInfo
[21:39:51] [Render thread/DEBUG] (FabricLoader/Mixin) fabric-lifecycle-events-v1.client.mixins.json:MinecraftMixin from mod fabric-lifecycle-events-v1->@Inject::onStopping(Lorg/spongepowered/asm/mixin/injection/callback/CallbackInfo;)V has 0 override(s) in child classes
[21:39:51] [Render thread/DEBUG] (FabricLoader/Mixin) fabric-lifecycle-events-v1.client.mixins.json:MinecraftMixin from mod fabric-lifecycle-events-v1->@Inject::onStopping(Lorg/spongepowered/asm/mixin/injection/callback/CallbackInfo;)V won't be passed a CallbackInfo as a result
[21:39:51] [Render thread/DEBUG] (FabricLoader/Mixin) fabric-lifecycle-events-v1.client.mixins.json:MinecraftMixin from mod fabric-lifecycle-events-v1->@Inject::onStart(Lorg/spongepowered/asm/mixin/injection/callback/CallbackInfo;)V doesn't use it's CallbackInfo
[21:39:51] [Render thread/DEBUG] (FabricLoader/Mixin) fabric-lifecycle-events-v1.client.mixins.json:MinecraftMixin from mod fabric-lifecycle-events-v1->@Inject::onStart(Lorg/spongepowered/asm/mixin/injection/callback/CallbackInfo;)V has 0 override(s) in child classes
[21:39:51] [Render thread/DEBUG] (FabricLoader/Mixin) fabric-lifecycle-events-v1.client.mixins.json:MinecraftMixin from mod fabric-lifecycle-events-v1->@Inject::onStart(Lorg/spongepowered/asm/mixin/injection/callback/CallbackInfo;)V won't be passed a CallbackInfo as a result
[21:39:51] [Render thread/DEBUG] (FabricLoader/Mixin) fabric-lifecycle-events-v1.client.mixins.json:MinecraftMixin from mod fabric-lifecycle-events-v1->@Inject::afterClientLevelChange(Lnet/minecraft/client/multiplayer/ClientLevel;ZLorg/spongepowered/asm/mixin/injection/callback/CallbackInfo;)V doesn't use it's CallbackInfo
[21:39:51] [Render thread/DEBUG] (FabricLoader/Mixin) fabric-lifecycle-events-v1.client.mixins.json:MinecraftMixin from mod fabric-lifecycle-events-v1->@Inject::afterClientLevelChange(Lnet/minecraft/client/multiplayer/ClientLevel;ZLorg/spongepowered/asm/mixin/injection/callback/CallbackInfo;)V has 0 override(s) in child classes
[21:39:51] [Render thread/DEBUG] (FabricLoader/Mixin) fabric-lifecycle-events-v1.client.mixins.json:MinecraftMixin from mod fabric-lifecycle-events-v1->@Inject::afterClientLevelChange(Lnet/minecraft/client/multiplayer/ClientLevel;ZLorg/spongepowered/asm/mixin/injection/callback/CallbackInfo;)V won't be passed a CallbackInfo as a result
[21:39:51] [Render thread/DEBUG] (FabricLoader/Mixin) fabric-registry-sync-v0.client.mixins.json:MinecraftMixin from mod fabric-registry-sync-v0->@Inject::disconnectAfter(Lnet/minecraft/client/gui/screens/Screen;ZZLorg/spongepowered/asm/mixin/injection/callback/CallbackInfo;)V doesn't use it's CallbackInfo
[21:39:51] [Render thread/DEBUG] (FabricLoader/Mixin) fabric-registry-sync-v0.client.mixins.json:MinecraftMixin from mod fabric-registry-sync-v0->@Inject::disconnectAfter(Lnet/minecraft/client/gui/screens/Screen;ZZLorg/spongepowered/asm/mixin/injection/callback/CallbackInfo;)V has 0 override(s) in child classes
[21:39:51] [Render thread/DEBUG] (FabricLoader/Mixin) fabric-registry-sync-v0.client.mixins.json:MinecraftMixin from mod fabric-registry-sync-v0->@Inject::disconnectAfter(Lnet/minecraft/client/gui/screens/Screen;ZZLorg/spongepowered/asm/mixin/injection/callback/CallbackInfo;)V won't be passed a CallbackInfo as a result
[21:39:51] [Render thread/DEBUG] (FabricLoader/Mixin) fabric-registry-sync-v0.client.mixins.json:MinecraftMixin from mod fabric-registry-sync-v0->@Inject::afterModInit(Lorg/spongepowered/asm/mixin/injection/callback/CallbackInfo;)V doesn't use it's CallbackInfo
[21:39:51] [Render thread/DEBUG] (FabricLoader/Mixin) fabric-registry-sync-v0.client.mixins.json:MinecraftMixin from mod fabric-registry-sync-v0->@Inject::afterModInit(Lorg/spongepowered/asm/mixin/injection/callback/CallbackInfo;)V has 0 override(s) in child classes
[21:39:51] [Render thread/DEBUG] (FabricLoader/Mixin) fabric-registry-sync-v0.client.mixins.json:MinecraftMixin from mod fabric-registry-sync-v0->@Inject::afterModInit(Lorg/spongepowered/asm/mixin/injection/callback/CallbackInfo;)V won't be passed a CallbackInfo as a result
[21:39:51] [Render thread/DEBUG] (FabricLoader/Mixin) fabric-screen-api-v1.mixins.json:MinecraftMixin from mod fabric-screen-api-v1->@Inject::onInit(Lorg/spongepowered/asm/mixin/injection/callback/CallbackInfo;)V doesn't use it's CallbackInfo
[21:39:51] [Render thread/DEBUG] (FabricLoader/Mixin) fabric-screen-api-v1.mixins.json:MinecraftMixin from mod fabric-screen-api-v1->@Inject::onInit(Lorg/spongepowered/asm/mixin/injection/callback/CallbackInfo;)V has 0 override(s) in child classes
[21:39:51] [Render thread/DEBUG] (FabricLoader/Mixin) fabric-screen-api-v1.mixins.json:MinecraftMixin from mod fabric-screen-api-v1->@Inject::onInit(Lorg/spongepowered/asm/mixin/injection/callback/CallbackInfo;)V won't be passed a CallbackInfo as a result
[21:39:51] [Render thread/DEBUG] (FabricLoader/Mixin) fabric-screen-api-v1.mixins.json:MinecraftMixin from mod fabric-screen-api-v1->@Inject::onScreenRemoveBecauseStopping(Lorg/spongepowered/asm/mixin/injection/callback/CallbackInfo;)V doesn't use it's CallbackInfo
[21:39:51] [Render thread/DEBUG] (FabricLoader/Mixin) fabric-screen-api-v1.mixins.json:MinecraftMixin from mod fabric-screen-api-v1->@Inject::onScreenRemoveBecauseStopping(Lorg/spongepowered/asm/mixin/injection/callback/CallbackInfo;)V has 0 override(s) in child classes
[21:39:51] [Render thread/DEBUG] (FabricLoader/Mixin) fabric-screen-api-v1.mixins.json:MinecraftMixin from mod fabric-screen-api-v1->@Inject::onScreenRemoveBecauseStopping(Lorg/spongepowered/asm/mixin/injection/callback/CallbackInfo;)V won't be passed a CallbackInfo as a result
[21:39:51] [Render thread/DEBUG] (FabricLoader/Mixin) fabric-screen-api-v1.mixins.json:MinecraftMixin from mod fabric-screen-api-v1->@Inject::beforeLoadingScreenTick(Lorg/spongepowered/asm/mixin/injection/callback/CallbackInfo;)V doesn't use it's CallbackInfo
[21:39:51] [Render thread/DEBUG] (FabricLoader/Mixin) fabric-screen-api-v1.mixins.json:MinecraftMixin from mod fabric-screen-api-v1->@Inject::beforeLoadingScreenTick(Lorg/spongepowered/asm/mixin/injection/callback/CallbackInfo;)V has 0 override(s) in child classes
[21:39:51] [Render thread/DEBUG] (FabricLoader/Mixin) fabric-screen-api-v1.mixins.json:MinecraftMixin from mod fabric-screen-api-v1->@Inject::beforeLoadingScreenTick(Lorg/spongepowered/asm/mixin/injection/callback/CallbackInfo;)V won't be passed a CallbackInfo as a result
[21:39:51] [Render thread/DEBUG] (FabricLoader/Mixin) fabric-screen-api-v1.mixins.json:MinecraftMixin from mod fabric-screen-api-v1->@Inject::afterLoadingScreenTick(Lorg/spongepowered/asm/mixin/injection/callback/CallbackInfo;)V doesn't use it's CallbackInfo
[21:39:51] [Render thread/DEBUG] (FabricLoader/Mixin) fabric-screen-api-v1.mixins.json:MinecraftMixin from mod fabric-screen-api-v1->@Inject::afterLoadingScreenTick(Lorg/spongepowered/asm/mixin/injection/callback/CallbackInfo;)V has 0 override(s) in child classes
[21:39:51] [Render thread/DEBUG] (FabricLoader/Mixin) fabric-screen-api-v1.mixins.json:MinecraftMixin from mod fabric-screen-api-v1->@Inject::afterLoadingScreenTick(Lorg/spongepowered/asm/mixin/injection/callback/CallbackInfo;)V won't be passed a CallbackInfo as a result
[21:39:51] [Render thread/DEBUG] (FabricLoader/Mixin) Mixing AbstractRecipeBookScreenMixin from fabric-screen-api-v1.mixins.json into net.minecraft.client.gui.screens.inventory.AbstractRecipeBookScreen
[21:39:51] [Render thread/DEBUG] (FabricLoader/Mixin) fabric-screen-api-v1.mixins.json:AbstractRecipeBookScreenMixin from mod fabric-screen-api-v1->@Inject::extractRenderState(Lnet/minecraft/client/gui/GuiGraphicsExtractor;IIFLorg/spongepowered/asm/mixin/injection/callback/CallbackInfo;)V doesn't use it's CallbackInfo
[21:39:51] [Render thread/DEBUG] (FabricLoader/Mixin) fabric-screen-api-v1.mixins.json:AbstractRecipeBookScreenMixin from mod fabric-screen-api-v1->@Inject::extractRenderState(Lnet/minecraft/client/gui/GuiGraphicsExtractor;IIFLorg/spongepowered/asm/mixin/injection/callback/CallbackInfo;)V has 0 override(s) in child classes
[21:39:51] [Render thread/DEBUG] (FabricLoader/Mixin) fabric-screen-api-v1.mixins.json:AbstractRecipeBookScreenMixin from mod fabric-screen-api-v1->@Inject::extractRenderState(Lnet/minecraft/client/gui/GuiGraphicsExtractor;IIFLorg/spongepowered/asm/mixin/injection/callback/CallbackInfo;)V won't be passed a CallbackInfo as a result
[21:39:51] [Render thread/DEBUG] (FabricLoader/Mixin) Mixing AbstractContainerScreenMixin from fabric-screen-api-v1.mixins.json into net.minecraft.client.gui.screens.inventory.AbstractContainerScreen
[21:39:51] [Render thread/DEBUG] (FabricLoader/Mixin) fabric-screen-api-v1.mixins.json:AbstractContainerScreenMixin from mod fabric-screen-api-v1->@Inject::extractRenderState(Lnet/minecraft/client/gui/GuiGraphicsExtractor;IIFLorg/spongepowered/asm/mixin/injection/callback/CallbackInfo;)V doesn't use it's CallbackInfo
[21:39:51] [Render thread/DEBUG] (FabricLoader/Mixin) fabric-screen-api-v1.mixins.json:AbstractContainerScreenMixin from mod fabric-screen-api-v1->@Inject::extractRenderState(Lnet/minecraft/client/gui/GuiGraphicsExtractor;IIFLorg/spongepowered/asm/mixin/injection/callback/CallbackInfo;)V has 0 override(s) in child classes
[21:39:51] [Render thread/DEBUG] (FabricLoader/Mixin) fabric-screen-api-v1.mixins.json:AbstractContainerScreenMixin from mod fabric-screen-api-v1->@Inject::extractRenderState(Lnet/minecraft/client/gui/GuiGraphicsExtractor;IIFLorg/spongepowered/asm/mixin/injection/callback/CallbackInfo;)V won't be passed a CallbackInfo as a result
[21:39:51] [Render thread/DEBUG] (FabricLoader/Mixin) fabric-screen-api-v1.mixins.json:AbstractContainerScreenMixin from mod fabric-screen-api-v1->@Inject::callSuperMouseReleased(Lnet/minecraft/client/input/MouseButtonEvent;Lorg/spongepowered/asm/mixin/injection/callback/CallbackInfoReturnable;)V does use it's CallbackInfoReturnable
[21:39:51] [Render thread/DEBUG] (FabricLoader/Mixin) fabric-screen-api-v1.mixins.json:AbstractContainerScreenMixin from mod fabric-screen-api-v1->@Inject::callSuperMouseReleased(Lnet/minecraft/client/input/MouseButtonEvent;DDLorg/spongepowered/asm/mixin/injection/callback/CallbackInfoReturnable;)V does use it's CallbackInfoReturnable
[21:39:51] [Render thread/DEBUG] (FabricLoader/Mixin) Mixing KeyedClientResourceReloadListenerMixin from fabric-resource-loader-v1.client.mixins.json into net.minecraft.client.PeriodicNotificationManager
[21:39:51] [Render thread/DEBUG] (FabricLoader/Mixin) Mixing BuiltInPackSourceMixin from fabric-resource-loader-v1.client.mixins.json into net.minecraft.server.packs.repository.BuiltInPackSource
[21:39:51] [Render thread/DEBUG] (FabricLoader/Mixin) fabric-resource-loader-v1.client.mixins.json:BuiltInPackSourceMixin from mod fabric-resource-loader-v1->@Inject::addBuiltinResourcePacks(Ljava/util/function/Consumer;Lorg/spongepowered/asm/mixin/injection/callback/CallbackInfo;)V doesn't use it's CallbackInfo
[21:39:51] [Render thread/DEBUG] (FabricLoader/Mixin) fabric-resource-loader-v1.client.mixins.json:BuiltInPackSourceMixin from mod fabric-resource-loader-v1->@Inject::addBuiltinResourcePacks(Ljava/util/function/Consumer;Lorg/spongepowered/asm/mixin/injection/callback/CallbackInfo;)V has 0 override(s) in child classes
[21:39:51] [Render thread/DEBUG] (FabricLoader/Mixin) fabric-resource-loader-v1.client.mixins.json:BuiltInPackSourceMixin from mod fabric-resource-loader-v1->@Inject::addBuiltinResourcePacks(Ljava/util/function/Consumer;Lorg/spongepowered/asm/mixin/injection/callback/CallbackInfo;)V won't be passed a CallbackInfo as a result
[21:39:51] [Render thread/DEBUG] (FabricLoader/Mixin) Mixing PackRepositoryMixin from fabric-resource-loader-v1.mixins.json into net.minecraft.server.packs.repository.PackRepository
[21:39:51] [Render thread/DEBUG] (FabricLoader/Mixin) Renaming synthetic method lambda$handleAutoDisable$0(Ljava/util/Set;Lnet/minecraft/server/packs/repository/Pack;)Z to md17564f$fabric-resource-loader-v1$lambda$handleAutoDisable$0$0 in fabric-resource-loader-v1.mixins.json:PackRepositoryMixin from mod fabric-resource-loader-v1
[21:39:51] [Render thread/DEBUG] (FabricLoader/Mixin) fabric-resource-loader-v1.mixins.json:PackRepositoryMixin from mod fabric-resource-loader-v1->@Inject::construct([Lnet/minecraft/server/packs/repository/RepositorySource;Lorg/spongepowered/asm/mixin/injection/callback/CallbackInfo;)V doesn't use it's CallbackInfo
[21:39:51] [Render thread/DEBUG] (FabricLoader/Mixin) fabric-resource-loader-v1.mixins.json:PackRepositoryMixin from mod fabric-resource-loader-v1->@Inject::construct([Lnet/minecraft/server/packs/repository/RepositorySource;Lorg/spongepowered/asm/mixin/injection/callback/CallbackInfo;)V has 0 override(s) in child classes
[21:39:51] [Render thread/DEBUG] (FabricLoader/Mixin) fabric-resource-loader-v1.mixins.json:PackRepositoryMixin from mod fabric-resource-loader-v1->@Inject::construct([Lnet/minecraft/server/packs/repository/RepositorySource;Lorg/spongepowered/asm/mixin/injection/callback/CallbackInfo;)V won't be passed a CallbackInfo as a result
[21:39:51] [Render thread/DEBUG] (FabricLoader/Mixin) fabric-resource-loader-v1.mixins.json:PackRepositoryMixin from mod fabric-resource-loader-v1->@Inject::handleAutoEnableDisable(Ljava/util/Collection;Lorg/spongepowered/asm/mixin/injection/callback/CallbackInfoReturnable;)V doesn't use it's CallbackInfoReturnable
[21:39:51] [Render thread/DEBUG] (FabricLoader/Mixin) fabric-resource-loader-v1.mixins.json:PackRepositoryMixin from mod fabric-resource-loader-v1->@Inject::handleAutoEnableDisable(Ljava/util/Collection;Lorg/spongepowered/asm/mixin/injection/callback/CallbackInfoReturnable;)V has 0 override(s) in child classes
[21:39:51] [Render thread/DEBUG] (FabricLoader/Mixin) fabric-resource-loader-v1.mixins.json:PackRepositoryMixin from mod fabric-resource-loader-v1->@Inject::handleAutoEnableDisable(Ljava/util/Collection;Lorg/spongepowered/asm/mixin/injection/callback/CallbackInfoReturnable;)V won't be passed a CallbackInfoReturnable as a result
[21:39:51] [Render thread/DEBUG] (FabricLoader/Mixin) fabric-resource-loader-v1.mixins.json:PackRepositoryMixin from mod fabric-resource-loader-v1->@Inject::handleAutoEnable(Ljava/lang/String;Lorg/spongepowered/asm/mixin/injection/callback/CallbackInfoReturnable;)V doesn't use it's CallbackInfoReturnable
[21:39:51] [Render thread/DEBUG] (FabricLoader/Mixin) fabric-resource-loader-v1.mixins.json:PackRepositoryMixin from mod fabric-resource-loader-v1->@Inject::handleAutoEnable(Ljava/lang/String;Lorg/spongepowered/asm/mixin/injection/callback/CallbackInfoReturnable;)V has 0 override(s) in child classes
[21:39:51] [Render thread/DEBUG] (FabricLoader/Mixin) fabric-resource-loader-v1.mixins.json:PackRepositoryMixin from mod fabric-resource-loader-v1->@Inject::handleAutoEnable(Ljava/lang/String;Lorg/spongepowered/asm/mixin/injection/callback/CallbackInfoReturnable;)V won't be passed a CallbackInfoReturnable as a result
[21:39:51] [Render thread/DEBUG] (FabricLoader/Mixin) fabric-resource-loader-v1.mixins.json:PackRepositoryMixin from mod fabric-resource-loader-v1->@Inject::handleAutoDisable(Ljava/lang/String;Lorg/spongepowered/asm/mixin/injection/callback/CallbackInfoReturnable;)V doesn't use it's CallbackInfoReturnable
[21:39:51] [Render thread/DEBUG] (FabricLoader/Mixin) fabric-resource-loader-v1.mixins.json:PackRepositoryMixin from mod fabric-resource-loader-v1->@Inject::handleAutoDisable(Ljava/lang/String;Lorg/spongepowered/asm/mixin/injection/callback/CallbackInfoReturnable;)V has 0 override(s) in child classes
[21:39:51] [Render thread/DEBUG] (FabricLoader/Mixin) fabric-resource-loader-v1.mixins.json:PackRepositoryMixin from mod fabric-resource-loader-v1->@Inject::handleAutoDisable(Ljava/lang/String;Lorg/spongepowered/asm/mixin/injection/callback/CallbackInfoReturnable;)V won't be passed a CallbackInfoReturnable as a result
[21:39:51] [Render thread/INFO] (com.mojang.authlib.services.MinecraftServicesDiscoveryService) Environment: Environment[discoveryUrl=https://discovery.minecraftservices.com/minecraft/client, name=PROD]
[21:39:51] [Minecraft Services Discovery/DEBUG] (com.mojang.authlib.minecraft.client.MinecraftClient) Connecting to https://discovery.minecraftservices.com/minecraft/client
[21:39:52] [Render thread/INFO] (net.minecraft.client.Minecraft) Setting user: Player570
[21:39:52] [Render thread/DEBUG] (FabricLoader/Entrypoint) Iterating over entrypoint 'main'
[21:39:52] [Render thread/DEBUG] (FabricLoader/Mixin) Mixing MinecraftServerMixin from fabric-game-rule-api-v1.mixins.json into net.minecraft.server.MinecraftServer
[21:39:52] [Render thread/DEBUG] (FabricLoader/Mixin) Mixing MinecraftServerMixin from fabric-data-attachment-api-v1.mixins.json into net.minecraft.server.MinecraftServer
[21:39:52] [Render thread/DEBUG] (FabricLoader/Mixin) Renaming synthetic method lambda$initGlobalAttachments$0()Lnet/fabricmc/fabric/impl/attachment/AttachmentSavedData; to md17564f$fabric-data-attachment-api-v1$lambda$initGlobalAttachments$0$0 in fabric-data-attachment-api-v1.mixins.json:MinecraftServerMixin from mod fabric-data-attachment-api-v1
[21:39:52] [Render thread/DEBUG] (FabricLoader/Mixin) Mixing MinecraftServerMixin from fabric-resource-loader-v1.mixins.json into net.minecraft.server.MinecraftServer
[21:39:52] [Render thread/DEBUG] (FabricLoader/Mixin) Renaming synthetic method lambda$init$0(Lnet/minecraft/server/packs/PackResources;)Ljava/util/stream/Stream; to md17564f$fabric-resource-loader-v1$lambda$init$0$1 in fabric-resource-loader-v1.mixins.json:MinecraftServerMixin from mod fabric-resource-loader-v1
[21:39:52] [Render thread/DEBUG] (FabricLoader/Mixin) Mixing MinecraftServerMixin from fabric-lifecycle-events-v1.mixins.json into net.minecraft.server.MinecraftServer
[21:39:52] [Render thread/DEBUG] (FabricLoader/Mixin) Renaming synthetic method lambda$endResourceReload$0(Ljava/lang/Void;Ljava/lang/Throwable;)Ljava/lang/Void; to md17564f$fabric-lifecycle-events-v1$lambda$endResourceReload$0$2 in fabric-lifecycle-events-v1.mixins.json:MinecraftServerMixin from mod fabric-lifecycle-events-v1
[21:39:52] [Render thread/DEBUG] (FabricLoader/Mixin) Mixing MinecraftServerMixin from fabric-registry-sync-v0.mixins.json into net.minecraft.server.MinecraftServer
[21:39:52] [Render thread/DEBUG] (FabricLoader/Mixin) Mixing modification.MinecraftServerMixin from fabric-biome-api-v1.mixins.json into net.minecraft.server.MinecraftServer
[21:39:52] [Render thread/DEBUG] (FabricLoader/Mixin) Mixing MinecraftServerMixin from fabric-message-api-v1.mixins.json into net.minecraft.server.MinecraftServer
[21:39:52] [Render thread/DEBUG] (FabricLoader/Mixin) Renaming synthetic method lambda$onGetChatDecorator$0(Lnet/minecraft/server/level/ServerPlayer;Lnet/minecraft/network/chat/Component;)Lnet/minecraft/network/chat/Component; to md17564f$fabric-message-api-v1$lambda$onGetChatDecorator$0$3 in fabric-message-api-v1.mixins.json:MinecraftServerMixin from mod fabric-message-api-v1
[21:39:52] [Render thread/DEBUG] (FabricLoader/Mixin) fabric-game-rule-api-v1.mixins.json:MinecraftServerMixin from mod fabric-game-rule-api-v1->@Inject::handleGameRuleUpdate(Lnet/minecraft/world/level/gamerules/GameRule;Ljava/lang/Object;Lorg/spongepowered/asm/mixin/injection/callback/CallbackInfo;)V doesn't use it's CallbackInfo
[21:39:52] [Render thread/DEBUG] (FabricLoader/Mixin) fabric-game-rule-api-v1.mixins.json:MinecraftServerMixin from mod fabric-game-rule-api-v1->@Inject::handleGameRuleUpdate(Lnet/minecraft/world/level/gamerules/GameRule;Ljava/lang/Object;Lorg/spongepowered/asm/mixin/injection/callback/CallbackInfo;)V has 0 override(s) in child classes
[21:39:52] [Render thread/DEBUG] (FabricLoader/Mixin) fabric-game-rule-api-v1.mixins.json:MinecraftServerMixin from mod fabric-game-rule-api-v1->@Inject::handleGameRuleUpdate(Lnet/minecraft/world/level/gamerules/GameRule;Ljava/lang/Object;Lorg/spongepowered/asm/mixin/injection/callback/CallbackInfo;)V won't be passed a CallbackInfo as a result
[21:39:52] [Render thread/DEBUG] (FabricLoader/Mixin) fabric-data-attachment-api-v1.mixins.json:MinecraftServerMixin from mod fabric-data-attachment-api-v1->@Inject::initGlobalAttachments(Lorg/spongepowered/asm/mixin/injection/callback/CallbackInfo;)V doesn't use it's CallbackInfo
[21:39:52] [Render thread/DEBUG] (FabricLoader/Mixin) fabric-data-attachment-api-v1.mixins.json:MinecraftServerMixin from mod fabric-data-attachment-api-v1->@Inject::initGlobalAttachments(Lorg/spongepowered/asm/mixin/injection/callback/CallbackInfo;)V has 0 override(s) in child classes
[21:39:52] [Render thread/DEBUG] (FabricLoader/Mixin) fabric-data-attachment-api-v1.mixins.json:MinecraftServerMixin from mod fabric-data-attachment-api-v1->@Inject::initGlobalAttachments(Lorg/spongepowered/asm/mixin/injection/callback/CallbackInfo;)V won't be passed a CallbackInfo as a result
[21:39:52] [Render thread/DEBUG] (FabricLoader/Mixin) fabric-resource-loader-v1.mixins.json:MinecraftServerMixin from mod fabric-resource-loader-v1->@Inject::init(Ljava/lang/Thread;Lnet/minecraft/world/level/storage/LevelStorageSource$LevelStorageAccess;Lnet/minecraft/server/packs/repository/PackRepository;Lnet/minecraft/server/WorldStem;Ljava/util/Optional;Ljava/net/Proxy;Lcom/mojang/datafixers/DataFixer;Lnet/minecraft/server/Services;Lnet/minecraft/server/level/progress/LevelLoadListener;ZLnet/minecraft/server/notifications/NotificationManager;Lorg/spongepowered/asm/mixin/injection/callback/CallbackInfo;)V doesn't use it's CallbackInfo
[21:39:52] [Render thread/DEBUG] (FabricLoader/Mixin) fabric-resource-loader-v1.mixins.json:MinecraftServerMixin from mod fabric-resource-loader-v1->@Inject::init(Ljava/lang/Thread;Lnet/minecraft/world/level/storage/LevelStorageSource$LevelStorageAccess;Lnet/minecraft/server/packs/repository/PackRepository;Lnet/minecraft/server/WorldStem;Ljava/util/Optional;Ljava/net/Proxy;Lcom/mojang/datafixers/DataFixer;Lnet/minecraft/server/Services;Lnet/minecraft/server/level/progress/LevelLoadListener;ZLnet/minecraft/server/notifications/NotificationManager;Lorg/spongepowered/asm/mixin/injection/callback/CallbackInfo;)V has 0 override(s) in child classes
[21:39:52] [Render thread/DEBUG] (FabricLoader/Mixin) fabric-resource-loader-v1.mixins.json:MinecraftServerMixin from mod fabric-resource-loader-v1->@Inject::init(Ljava/lang/Thread;Lnet/minecraft/world/level/storage/LevelStorageSource$LevelStorageAccess;Lnet/minecraft/server/packs/repository/PackRepository;Lnet/minecraft/server/WorldStem;Ljava/util/Optional;Ljava/net/Proxy;Lcom/mojang/datafixers/DataFixer;Lnet/minecraft/server/Services;Lnet/minecraft/server/level/progress/LevelLoadListener;ZLnet/minecraft/server/notifications/NotificationManager;Lorg/spongepowered/asm/mixin/injection/callback/CallbackInfo;)V won't be passed a CallbackInfo as a result
[21:39:52] [Render thread/DEBUG] (FabricLoader/Mixin) fabric-lifecycle-events-v1.mixins.json:MinecraftServerMixin from mod fabric-lifecycle-events-v1->@Inject::beforeSetupServer(Lorg/spongepowered/asm/mixin/injection/callback/CallbackInfo;)V doesn't use it's CallbackInfo
[21:39:52] [Render thread/DEBUG] (FabricLoader/Mixin) fabric-lifecycle-events-v1.mixins.json:MinecraftServerMixin from mod fabric-lifecycle-events-v1->@Inject::beforeSetupServer(Lorg/spongepowered/asm/mixin/injection/callback/CallbackInfo;)V has 0 override(s) in child classes
[21:39:52] [Render thread/DEBUG] (FabricLoader/Mixin) fabric-lifecycle-events-v1.mixins.json:MinecraftServerMixin from mod fabric-lifecycle-events-v1->@Inject::beforeSetupServer(Lorg/spongepowered/asm/mixin/injection/callback/CallbackInfo;)V won't be passed a CallbackInfo as a result
[21:39:52] [Render thread/DEBUG] (FabricLoader/Mixin) fabric-lifecycle-events-v1.mixins.json:MinecraftServerMixin from mod fabric-lifecycle-events-v1->@Inject::afterSetupServer(Lorg/spongepowered/asm/mixin/injection/callback/CallbackInfo;)V doesn't use it's CallbackInfo
[21:39:52] [Render thread/DEBUG] (FabricLoader/Mixin) fabric-lifecycle-events-v1.mixins.json:MinecraftServerMixin from mod fabric-lifecycle-events-v1->@Inject::afterSetupServer(Lorg/spongepowered/asm/mixin/injection/callback/CallbackInfo;)V has 0 override(s) in child classes
[21:39:52] [Render thread/DEBUG] (FabricLoader/Mixin) fabric-lifecycle-events-v1.mixins.json:MinecraftServerMixin from mod fabric-lifecycle-events-v1->@Inject::afterSetupServer(Lorg/spongepowered/asm/mixin/injection/callback/CallbackInfo;)V won't be passed a CallbackInfo as a result
[21:39:52] [Render thread/DEBUG] (FabricLoader/Mixin) fabric-lifecycle-events-v1.mixins.json:MinecraftServerMixin from mod fabric-lifecycle-events-v1->@Inject::beforeShutdownServer(Lorg/spongepowered/asm/mixin/injection/callback/CallbackInfo;)V doesn't use it's CallbackInfo
[21:39:52] [Render thread/DEBUG] (FabricLoader/Mixin) fabric-lifecycle-events-v1.mixins.json:MinecraftServerMixin from mod fabric-lifecycle-events-v1->@Inject::beforeShutdownServer(Lorg/spongepowered/asm/mixin/injection/callback/CallbackInfo;)V has 0 override(s) in child classes
[21:39:52] [Render thread/DEBUG] (FabricLoader/Mixin) fabric-lifecycle-events-v1.mixins.json:MinecraftServerMixin from mod fabric-lifecycle-events-v1->@Inject::beforeShutdownServer(Lorg/spongepowered/asm/mixin/injection/callback/CallbackInfo;)V won't be passed a CallbackInfo as a result
[21:39:52] [Render thread/DEBUG] (FabricLoader/Mixin) fabric-lifecycle-events-v1.mixins.json:MinecraftServerMixin from mod fabric-lifecycle-events-v1->@Inject::afterShutdownServer(Lorg/spongepowered/asm/mixin/injection/callback/CallbackInfo;)V doesn't use it's CallbackInfo
[21:39:52] [Render thread/DEBUG] (FabricLoader/Mixin) fabric-lifecycle-events-v1.mixins.json:MinecraftServerMixin from mod fabric-lifecycle-events-v1->@Inject::afterShutdownServer(Lorg/spongepowered/asm/mixin/injection/callback/CallbackInfo;)V has 0 override(s) in child classes
[21:39:52] [Render thread/DEBUG] (FabricLoader/Mixin) fabric-lifecycle-events-v1.mixins.json:MinecraftServerMixin from mod fabric-lifecycle-events-v1->@Inject::afterShutdownServer(Lorg/spongepowered/asm/mixin/injection/callback/CallbackInfo;)V won't be passed a CallbackInfo as a result
[21:39:52] [Render thread/DEBUG] (FabricLoader/Mixin) fabric-lifecycle-events-v1.mixins.json:MinecraftServerMixin from mod fabric-lifecycle-events-v1->@Inject::onStartTick(Ljava/util/function/BooleanSupplier;Lorg/spongepowered/asm/mixin/injection/callback/CallbackInfo;)V doesn't use it's CallbackInfo
[21:39:52] [Render thread/DEBUG] (FabricLoader/Mixin) fabric-lifecycle-events-v1.mixins.json:MinecraftServerMixin from mod fabric-lifecycle-events-v1->@Inject::onStartTick(Ljava/util/function/BooleanSupplier;Lorg/spongepowered/asm/mixin/injection/callback/CallbackInfo;)V has 0 override(s) in child classes
[21:39:52] [Render thread/DEBUG] (FabricLoader/Mixin) fabric-lifecycle-events-v1.mixins.json:MinecraftServerMixin from mod fabric-lifecycle-events-v1->@Inject::onStartTick(Ljava/util/function/BooleanSupplier;Lorg/spongepowered/asm/mixin/injection/callback/CallbackInfo;)V won't be passed a CallbackInfo as a result
[21:39:52] [Render thread/DEBUG] (FabricLoader/Mixin) fabric-lifecycle-events-v1.mixins.json:MinecraftServerMixin from mod fabric-lifecycle-events-v1->@Inject::onEndTick(Ljava/util/function/BooleanSupplier;Lorg/spongepowered/asm/mixin/injection/callback/CallbackInfo;)V doesn't use it's CallbackInfo
[21:39:52] [Render thread/DEBUG] (FabricLoader/Mixin) fabric-lifecycle-events-v1.mixins.json:MinecraftServerMixin from mod fabric-lifecycle-events-v1->@Inject::onEndTick(Ljava/util/function/BooleanSupplier;Lorg/spongepowered/asm/mixin/injection/callback/CallbackInfo;)V has 0 override(s) in child classes
[21:39:52] [Render thread/DEBUG] (FabricLoader/Mixin) fabric-lifecycle-events-v1.mixins.json:MinecraftServerMixin from mod fabric-lifecycle-events-v1->@Inject::onEndTick(Ljava/util/function/BooleanSupplier;Lorg/spongepowered/asm/mixin/injection/callback/CallbackInfo;)V won't be passed a CallbackInfo as a result
[21:39:52] [Render thread/DEBUG] (FabricLoader/Mixin) fabric-lifecycle-events-v1.mixins.json:MinecraftServerMixin from mod fabric-lifecycle-events-v1->@Inject::onUnloadWorldAtShutdown(Lorg/spongepowered/asm/mixin/injection/callback/CallbackInfo;)V doesn't use it's CallbackInfo
[21:39:52] [Render thread/DEBUG] (FabricLoader/Mixin) fabric-lifecycle-events-v1.mixins.json:MinecraftServerMixin from mod fabric-lifecycle-events-v1->@Inject::onUnloadWorldAtShutdown(Lorg/spongepowered/asm/mixin/injection/callback/CallbackInfo;)V has 0 override(s) in child classes
[21:39:52] [Render thread/DEBUG] (FabricLoader/Mixin) fabric-lifecycle-events-v1.mixins.json:MinecraftServerMixin from mod fabric-lifecycle-events-v1->@Inject::onUnloadWorldAtShutdown(Lorg/spongepowered/asm/mixin/injection/callback/CallbackInfo;)V won't be passed a CallbackInfo as a result
[21:39:52] [Render thread/DEBUG] (FabricLoader/Mixin) fabric-lifecycle-events-v1.mixins.json:MinecraftServerMixin from mod fabric-lifecycle-events-v1->@Inject::startResourceReload(Ljava/util/Collection;Lorg/spongepowered/asm/mixin/injection/callback/CallbackInfoReturnable;)V doesn't use it's CallbackInfoReturnable
[21:39:52] [Render thread/DEBUG] (FabricLoader/Mixin) fabric-lifecycle-events-v1.mixins.json:MinecraftServerMixin from mod fabric-lifecycle-events-v1->@Inject::startResourceReload(Ljava/util/Collection;Lorg/spongepowered/asm/mixin/injection/callback/CallbackInfoReturnable;)V has 0 override(s) in child classes
[21:39:52] [Render thread/DEBUG] (FabricLoader/Mixin) fabric-lifecycle-events-v1.mixins.json:MinecraftServerMixin from mod fabric-lifecycle-events-v1->@Inject::startResourceReload(Ljava/util/Collection;Lorg/spongepowered/asm/mixin/injection/callback/CallbackInfoReturnable;)V won't be passed a CallbackInfoReturnable as a result
[21:39:52] [Render thread/DEBUG] (FabricLoader/Mixin) fabric-lifecycle-events-v1.mixins.json:MinecraftServerMixin from mod fabric-lifecycle-events-v1->@Inject::endResourceReload(Ljava/util/Collection;Lorg/spongepowered/asm/mixin/injection/callback/CallbackInfoReturnable;)V does use it's CallbackInfoReturnable
[21:39:52] [Render thread/DEBUG] (FabricLoader/Mixin) fabric-lifecycle-events-v1.mixins.json:MinecraftServerMixin from mod fabric-lifecycle-events-v1->@Inject::startSave(ZZZLorg/spongepowered/asm/mixin/injection/callback/CallbackInfoReturnable;)V doesn't use it's CallbackInfoReturnable
[21:39:52] [Render thread/DEBUG] (FabricLoader/Mixin) fabric-lifecycle-events-v1.mixins.json:MinecraftServerMixin from mod fabric-lifecycle-events-v1->@Inject::startSave(ZZZLorg/spongepowered/asm/mixin/injection/callback/CallbackInfoReturnable;)V has 0 override(s) in child classes
[21:39:52] [Render thread/DEBUG] (FabricLoader/Mixin) fabric-lifecycle-events-v1.mixins.json:MinecraftServerMixin from mod fabric-lifecycle-events-v1->@Inject::startSave(ZZZLorg/spongepowered/asm/mixin/injection/callback/CallbackInfoReturnable;)V won't be passed a CallbackInfoReturnable as a result
[21:39:52] [Render thread/DEBUG] (FabricLoader/Mixin) fabric-lifecycle-events-v1.mixins.json:MinecraftServerMixin from mod fabric-lifecycle-events-v1->@Inject::endSave(ZZZLorg/spongepowered/asm/mixin/injection/callback/CallbackInfoReturnable;)V doesn't use it's CallbackInfoReturnable
[21:39:52] [Render thread/DEBUG] (FabricLoader/Mixin) fabric-lifecycle-events-v1.mixins.json:MinecraftServerMixin from mod fabric-lifecycle-events-v1->@Inject::endSave(ZZZLorg/spongepowered/asm/mixin/injection/callback/CallbackInfoReturnable;)V has 0 override(s) in child classes
[21:39:52] [Render thread/DEBUG] (FabricLoader/Mixin) fabric-lifecycle-events-v1.mixins.json:MinecraftServerMixin from mod fabric-lifecycle-events-v1->@Inject::endSave(ZZZLorg/spongepowered/asm/mixin/injection/callback/CallbackInfoReturnable;)V won't be passed a CallbackInfoReturnable as a result
[21:39:52] [Render thread/DEBUG] (FabricLoader/Mixin) fabric-registry-sync-v0.mixins.json:MinecraftServerMixin from mod fabric-registry-sync-v0->@Inject::saveRegistryEntryInfo(Ljava/lang/Thread;Lnet/minecraft/world/level/storage/LevelStorageSource$LevelStorageAccess;Lnet/minecraft/server/packs/repository/PackRepository;Lnet/minecraft/server/WorldStem;Ljava/util/Optional;Ljava/net/Proxy;Lcom/mojang/datafixers/DataFixer;Lnet/minecraft/server/Services;Lnet/minecraft/server/level/progress/LevelLoadListener;ZLnet/minecraft/server/notifications/NotificationManager;Lorg/spongepowered/asm/mixin/injection/callback/CallbackInfo;)V doesn't use it's CallbackInfo
[21:39:52] [Render thread/DEBUG] (FabricLoader/Mixin) fabric-registry-sync-v0.mixins.json:MinecraftServerMixin from mod fabric-registry-sync-v0->@Inject::saveRegistryEntryInfo(Ljava/lang/Thread;Lnet/minecraft/world/level/storage/LevelStorageSource$LevelStorageAccess;Lnet/minecraft/server/packs/repository/PackRepository;Lnet/minecraft/server/WorldStem;Ljava/util/Optional;Ljava/net/Proxy;Lcom/mojang/datafixers/DataFixer;Lnet/minecraft/server/Services;Lnet/minecraft/server/level/progress/LevelLoadListener;ZLnet/minecraft/server/notifications/NotificationManager;Lorg/spongepowered/asm/mixin/injection/callback/CallbackInfo;)V has 0 override(s) in child classes
[21:39:52] [Render thread/DEBUG] (FabricLoader/Mixin) fabric-registry-sync-v0.mixins.json:MinecraftServerMixin from mod fabric-registry-sync-v0->@Inject::saveRegistryEntryInfo(Ljava/lang/Thread;Lnet/minecraft/world/level/storage/LevelStorageSource$LevelStorageAccess;Lnet/minecraft/server/packs/repository/PackRepository;Lnet/minecraft/server/WorldStem;Ljava/util/Optional;Ljava/net/Proxy;Lcom/mojang/datafixers/DataFixer;Lnet/minecraft/server/Services;Lnet/minecraft/server/level/progress/LevelLoadListener;ZLnet/minecraft/server/notifications/NotificationManager;Lorg/spongepowered/asm/mixin/injection/callback/CallbackInfo;)V won't be passed a CallbackInfo as a result
[21:39:52] [Render thread/DEBUG] (FabricLoader/Mixin) fabric-biome-api-v1.mixins.json:modification.MinecraftServerMixin from mod fabric-biome-api-v1->@Inject::finalizeWorldGen(Lorg/spongepowered/asm/mixin/injection/callback/CallbackInfo;)V doesn't use it's CallbackInfo
[21:39:52] [Render thread/DEBUG] (FabricLoader/Mixin) fabric-biome-api-v1.mixins.json:modification.MinecraftServerMixin from mod fabric-biome-api-v1->@Inject::finalizeWorldGen(Lorg/spongepowered/asm/mixin/injection/callback/CallbackInfo;)V has 0 override(s) in child classes
[21:39:52] [Render thread/DEBUG] (FabricLoader/Mixin) fabric-biome-api-v1.mixins.json:modification.MinecraftServerMixin from mod fabric-biome-api-v1->@Inject::finalizeWorldGen(Lorg/spongepowered/asm/mixin/injection/callback/CallbackInfo;)V won't be passed a CallbackInfo as a result
[21:39:52] [Render thread/DEBUG] (FabricLoader/Mixin) fabric-message-api-v1.mixins.json:MinecraftServerMixin from mod fabric-message-api-v1->@Inject::onGetChatDecorator(Lorg/spongepowered/asm/mixin/injection/callback/CallbackInfoReturnable;)V does use it's CallbackInfoReturnable
[21:39:52] [Render thread/DEBUG] (io.netty.util.internal.InternalThreadLocalMap) -Dio.netty.threadLocalMap.stringBuilder.initialSize: 1024
[21:39:52] [Render thread/DEBUG] (io.netty.util.internal.InternalThreadLocalMap) -Dio.netty.threadLocalMap.stringBuilder.maxSize: 4096
[21:39:52] [Render thread/DEBUG] (io.netty.util.internal.PlatformDependent0) Java version: 25
[21:39:52] [Render thread/DEBUG] (io.netty.util.internal.PlatformDependent0) -Dio.netty.noUnsafe: false
[21:39:52] [Render thread/DEBUG] (io.netty.util.internal.PlatformDependent0) sun.misc.Unsafe.theUnsafe: available
[21:39:52] [Render thread/DEBUG] (io.netty.util.internal.PlatformDependent0) sun.misc.Unsafe base methods: all available
[21:39:52] [Render thread/DEBUG] (io.netty.util.internal.PlatformDependent0) java.nio.Buffer.address: available
[21:39:52] [Render thread/DEBUG] (io.netty.util.internal.PlatformDependent0) direct buffer constructor: unavailable: Reflective setAccessible(true) disabled
[21:39:52] [Render thread/DEBUG] (io.netty.util.internal.PlatformDependent0) java.nio.Bits.unaligned: available, true
[21:39:52] [Render thread/DEBUG] (io.netty.util.internal.PlatformDependent0) jdk.internal.misc.Unsafe.allocateUninitializedArray(int): unavailable: symbolic reference class is not accessible: class jdk.internal.misc.Unsafe, from class io.netty.util.internal.PlatformDependent0 (unnamed module @65e98b1c)
[21:39:52] [Render thread/DEBUG] (io.netty.util.internal.PlatformDependent0) java.nio.DirectByteBuffer.<init>(long, {int,long}): unavailable
[21:39:52] [Render thread/DEBUG] (io.netty.util.internal.PlatformDependent) sun.misc.Unsafe: available
[21:39:52] [Render thread/DEBUG] (io.netty.util.internal.PlatformDependent) -Dio.netty.tmpdir: C:\Users\1111\AppData\Local\Temp (java.io.tmpdir)
[21:39:52] [Render thread/DEBUG] (io.netty.util.internal.PlatformDependent) -Dio.netty.bitMode: 64 (sun.arch.data.model)
[21:39:52] [Render thread/DEBUG] (io.netty.util.internal.PlatformDependent) Platform: Windows
[21:39:52] [Render thread/DEBUG] (io.netty.util.internal.PlatformDependent) -Dio.netty.maxDirectMemory: 3711959040 bytes
[21:39:52] [Render thread/DEBUG] (io.netty.util.internal.CleanerJava9) java.nio.ByteBuffer.cleaner(): available
[21:39:52] [Render thread/DEBUG] (io.netty.util.internal.PlatformDependent) -Dio.netty.noPreferDirect: false
[21:39:52] [Render thread/DEBUG] (io.netty.util.internal.PlatformDependent) -Dio.netty.ignoreExpensiveClean: false
[21:39:52] [Render thread/DEBUG] (io.netty.util.internal.PlatformDependent) -Dio.netty.jfr.enabled: true
[21:39:52] [Render thread/DEBUG] (io.netty.buffer.AdaptiveByteBufAllocator) -Dio.netty.allocator.useCachedMagazinesForNonEventLoopThreads: false
[21:39:52] [Render thread/DEBUG] (io.netty.util.Recycler) -Dio.netty.recycler.maxCapacityPerThread: 4096
[21:39:52] [Render thread/DEBUG] (io.netty.util.Recycler) -Dio.netty.recycler.ratio: 8
[21:39:52] [Render thread/DEBUG] (io.netty.util.Recycler) -Dio.netty.recycler.chunkSize: 32
[21:39:52] [Render thread/DEBUG] (io.netty.util.Recycler) -Dio.netty.recycler.blocking: false
[21:39:52] [Render thread/DEBUG] (io.netty.util.Recycler) -Dio.netty.recycler.batchFastThreadLocalOnly: true
[21:39:52] [Render thread/DEBUG] (io.netty.buffer.ByteBufUtil) -Dio.netty.allocator.type: adaptive
[21:39:52] [Render thread/DEBUG] (io.netty.buffer.ByteBufUtil) -Dio.netty.threadLocalDirectBufferSize: 0
[21:39:52] [Render thread/DEBUG] (io.netty.buffer.ByteBufUtil) -Dio.netty.maxThreadLocalCharBufferSize: 16384
[21:39:52] [Render thread/DEBUG] (FabricLoader/Mixin) Mixing VarIntAccessor from fabric-data-attachment-api-v1.mixins.json into net.minecraft.network.VarInt
[21:39:52] [Render thread/DEBUG] (FabricLoader/Mixin) Renaming @Accessor method getMaxByteSize()I to getMaxByteSize$fabric-data-attachment-api-v1_$md$17564f$0 in fabric-data-attachment-api-v1.mixins.json:VarIntAccessor from mod fabric-data-attachment-api-v1
[21:39:52] [Render thread/DEBUG] (FabricLoader/Mixin) Mixing ClientboundCustomPayloadPacketAccessor from fabric-data-attachment-api-v1.mixins.json into net.minecraft.network.protocol.common.ClientboundCustomPayloadPacket
[21:39:52] [Render thread/DEBUG] (FabricLoader/Mixin) Mixing ClientboundCustomPayloadPacketMixin from fabric-networking-api-v1.mixins.json into net.minecraft.network.protocol.common.ClientboundCustomPayloadPacket
[21:39:52] [Render thread/DEBUG] (FabricLoader/Mixin) Renaming synthetic method lambda$wrapConfigCodec$0(Lnet/minecraft/network/FriendlyByteBuf;Lnet/minecraft/resources/Identifier;)Lnet/minecraft/network/protocol/common/custom/CustomPacketPayload$TypeAndCodec; to md17564f$fabric-networking-api-v1$lambda$wrapConfigCodec$0$0 in fabric-networking-api-v1.mixins.json:ClientboundCustomPayloadPacketMixin from mod fabric-networking-api-v1
[21:39:52] [Render thread/DEBUG] (FabricLoader/Mixin) Renaming synthetic method lambda$wrapPlayCodec$0(Lnet/minecraft/network/RegistryFriendlyByteBuf;Lnet/minecraft/resources/Identifier;)Lnet/minecraft/network/protocol/common/custom/CustomPacketPayload$TypeAndCodec; to md17564f$fabric-networking-api-v1$lambda$wrapPlayCodec$0$1 in fabric-networking-api-v1.mixins.json:ClientboundCustomPayloadPacketMixin from mod fabric-networking-api-v1
[21:39:52] [Render thread/DEBUG] (FabricLoader/Mixin) Mixing CustomPayloadStreamCodecMixin from fabric-networking-api-v1.mixins.json into net.minecraft.network.protocol.common.custom.CustomPacketPayload$1
[21:39:52] [Render thread/DEBUG] (FabricLoader/Mixin) Mixing ServerConfigurationPacketListenerImplMixin from fabric-networking-api-v1.mixins.json into net.minecraft.server.network.ServerConfigurationPacketListenerImpl
[21:39:52] [Render thread/DEBUG] (FabricLoader/Mixin) Renaming synthetic method lambda$bindChannelInfo$0(Lnet/minecraft/network/RegistryFriendlyByteBuf;)Lnet/minecraft/network/RegistryFriendlyByteBuf; to md17564f$fabric-networking-api-v1$lambda$bindChannelInfo$0$0 in fabric-networking-api-v1.mixins.json:ServerConfigurationPacketListenerImplMixin from mod fabric-networking-api-v1
[21:39:52] [Render thread/DEBUG] (FabricLoader/Mixin) Mixing ServerConfigurationPacketListenerImplMixin from fabric-resource-loader-v1.mixins.json into net.minecraft.server.network.ServerConfigurationPacketListenerImpl
[21:39:52] [Render thread/DEBUG] (FabricLoader/Mixin) fabric-networking-api-v1.mixins.json:ServerConfigurationPacketListenerImplMixin from mod fabric-networking-api-v1->@Inject::initAddon(Lorg/spongepowered/asm/mixin/injection/callback/CallbackInfo;)V doesn't use it's CallbackInfo
[21:39:52] [Render thread/DEBUG] (FabricLoader/Mixin) fabric-networking-api-v1.mixins.json:ServerConfigurationPacketListenerImplMixin from mod fabric-networking-api-v1->@Inject::initAddon(Lorg/spongepowered/asm/mixin/injection/callback/CallbackInfo;)V has 0 override(s) in child classes
[21:39:52] [Render thread/DEBUG] (FabricLoader/Mixin) fabric-networking-api-v1.mixins.json:ServerConfigurationPacketListenerImplMixin from mod fabric-networking-api-v1->@Inject::initAddon(Lorg/spongepowered/asm/mixin/injection/callback/CallbackInfo;)V won't be passed a CallbackInfo as a result
[21:39:52] [Render thread/DEBUG] (FabricLoader/Mixin) fabric-networking-api-v1.mixins.json:ServerConfigurationPacketListenerImplMixin from mod fabric-networking-api-v1->@Inject::onClientReady(Lorg/spongepowered/asm/mixin/injection/callback/CallbackInfo;)V does use it's CallbackInfo
[21:39:52] [Render thread/DEBUG] (FabricLoader/Mixin) Mixing sync.ServerCommonPacketListenerImplAccessor from fabric-recipe-api-v1.mixins.json into net.minecraft.server.network.ServerCommonPacketListenerImpl
[21:39:52] [Render thread/DEBUG] (FabricLoader/Mixin) Mixing ServerCommonPacketListenerImplMixin from fabric-networking-api-v1.mixins.json into net.minecraft.server.network.ServerCommonPacketListenerImpl
[21:39:52] [Render thread/DEBUG] (FabricLoader/Mixin) Mixing accessor.ServerCommonPacketListenerImplAccessor from fabric-networking-api-v1.mixins.json into net.minecraft.server.network.ServerCommonPacketListenerImpl
[21:39:52] [Render thread/DEBUG] (FabricLoader/Mixin) fabric-networking-api-v1.mixins.json:ServerCommonPacketListenerImplMixin from mod fabric-networking-api-v1->@Inject::handleCustomPayloadReceivedAsync(Lnet/minecraft/network/protocol/common/ServerboundCustomPayloadPacket;Lorg/spongepowered/asm/mixin/injection/callback/CallbackInfo;)V does use it's CallbackInfo
[21:39:52] [Render thread/DEBUG] (FabricLoader/Mixin) fabric-networking-api-v1.mixins.json:ServerCommonPacketListenerImplMixin from mod fabric-networking-api-v1->@Inject::onPlayPong(Lnet/minecraft/network/protocol/common/ServerboundPongPacket;Lorg/spongepowered/asm/mixin/injection/callback/CallbackInfo;)V doesn't use it's CallbackInfo
[21:39:52] [Render thread/DEBUG] (FabricLoader/Mixin) fabric-networking-api-v1.mixins.json:ServerCommonPacketListenerImplMixin from mod fabric-networking-api-v1->@Inject::onPlayPong(Lnet/minecraft/network/protocol/common/ServerboundPongPacket;Lorg/spongepowered/asm/mixin/injection/callback/CallbackInfo;)V has 0 override(s) in child classes
[21:39:52] [Render thread/DEBUG] (FabricLoader/Mixin) fabric-networking-api-v1.mixins.json:ServerCommonPacketListenerImplMixin from mod fabric-networking-api-v1->@Inject::onPlayPong(Lnet/minecraft/network/protocol/common/ServerboundPongPacket;Lorg/spongepowered/asm/mixin/injection/callback/CallbackInfo;)V won't be passed a CallbackInfo as a result
[21:39:52] [Render thread/DEBUG] (FabricLoader/Mixin) Unexpected: Registered method getConnection()Lnet/minecraft/network/Connection; in net.minecraft.server.network.ServerCommonPacketListenerImpl was not merged
[21:39:52] [Render thread/INFO] (net.minecraft.server.LoggedPrintStream) [STDOUT]: [AspenGrove] Successfully added signs to BlockEntityType.SIGN
[21:39:52] [Render thread/INFO] (net.minecraft.server.LoggedPrintStream) [STDOUT]: [AspenGrove] Successfully added hanging signs to BlockEntityType.HANGING_SIGN
[21:39:52] [Render thread/INFO] (net.minecraft.server.LoggedPrintStream) [STDOUT]: [AspenGrove] Successfully added shelves to BlockEntityType.SHELF
[21:39:52] [Render thread/INFO] (aspengrove) Aspen Grove Initialized!
[21:39:52] [Render thread/DEBUG] (FabricLoader/Mixin) Mixing FileToIdConverterAccessor from fabric-resource-conditions-api-v1.mixins.json into net.minecraft.resources.FileToIdConverter
[21:39:52] [Render thread/DEBUG] (FabricLoader/Entrypoint) Iterating over entrypoint 'client'
[21:39:52] [Render thread/DEBUG] (FabricLoader/Mixin) Mixing ModelLayersAccessor from fabric-rendering-v1.mixins.json into net.minecraft.client.model.geom.ModelLayers
[21:39:52] [Render thread/DEBUG] (FabricLoader/Mixin) Mixing BlockStateModelUnbakedMixin from fabric-model-loading-api-v1.mixins.json into net.minecraft.client.renderer.block.dispatch.BlockStateModel$Unbaked
[21:39:52] [Render thread/DEBUG] (FabricLoader/Mixin) Mixing block.model.BlockStateModelMixin from fabric-renderer-api-v1.mixins.json into net.minecraft.client.renderer.block.dispatch.BlockStateModel
[21:39:52] [Render thread/DEBUG] (FabricLoader/Mixin) Mixing block.model.SingleVariantMixin from fabric-renderer-api-v1.mixins.json into net.minecraft.client.renderer.block.dispatch.SingleVariant
[21:39:52] [Render thread/DEBUG] (FabricLoader/Mixin) Renaming synthetic method lambda$emitQuads$0(Lnet/fabricmc/fabric/api/client/renderer/v1/mesh/MutableQuadView;)Z to md17564f$fabric-renderer-api-v1$lambda$emitQuads$0$0 in fabric-renderer-api-v1.mixins.json:block.model.SingleVariantMixin from mod fabric-renderer-api-v1
[21:39:52] [Render thread/INFO] (net.fabricmc.fabric.impl.client.indigo.Indigo) [Indigo] Registering Indigo renderer!
[21:39:52] [Render thread/DEBUG] (FabricLoader/Mixin) Mixing ClientPacketListenerMixin from fabric-message-api-v1.client.mixins.json into net.minecraft.client.multiplayer.ClientPacketListener
[21:39:52] [Render thread/DEBUG] (FabricLoader/Mixin) Mixing ClientPacketListenerMixin from fabric-networking-api-v1.client.mixins.json into net.minecraft.client.multiplayer.ClientPacketListener
[21:39:52] [Render thread/DEBUG] (FabricLoader/Mixin) Mixing ClientPacketListenerMixin from fabric-data-attachment-api-v1.client.mixins.json into net.minecraft.client.multiplayer.ClientPacketListener
[21:39:52] [Render thread/DEBUG] (FabricLoader/Mixin) Mixing sync.ClientPacketListenerMixin from fabric-recipe-api-v1.client.mixins.json into net.minecraft.client.multiplayer.ClientPacketListener
[21:39:52] [Render thread/DEBUG] (FabricLoader/Mixin) Mixing ClientPacketListenerAccessor from fabric-command-api-v2.client.mixins.json into net.minecraft.client.multiplayer.ClientPacketListener
[21:39:52] [Render thread/DEBUG] (FabricLoader/Mixin) Renaming @Invoker method invokeIsValidCommand(Lcom/mojang/brigadier/ParseResults;)Z to invokeIsValidCommand$fabric-command-api-v2_$md$17564f$0 in fabric-command-api-v2.client.mixins.json:ClientPacketListenerAccessor from mod fabric-command-api-v2
[21:39:52] [Render thread/DEBUG] (FabricLoader/Mixin) Mixing ClientPacketListenerMixin from fabric-command-api-v2.client.mixins.json into net.minecraft.client.multiplayer.ClientPacketListener
[21:39:52] [Render thread/DEBUG] (FabricLoader/Mixin) Mixing ClientPacketListenerMixin from fabric-lifecycle-events-v1.client.mixins.json into net.minecraft.client.multiplayer.ClientPacketListener
[21:39:52] [Render thread/DEBUG] (FabricLoader/Mixin) fabric-message-api-v1.client.mixins.json:ClientPacketListenerMixin from mod fabric-message-api-v1->@Inject::fabric_allowSendChatMessage(Ljava/lang/String;Lorg/spongepowered/asm/mixin/injection/callback/CallbackInfo;)V does use it's CallbackInfo
[21:39:52] [Render thread/DEBUG] (FabricLoader/Mixin) fabric-message-api-v1.client.mixins.json:ClientPacketListenerMixin from mod fabric-message-api-v1->@Inject::fabric_allowSendCommandMessage(Ljava/lang/String;Lorg/spongepowered/asm/mixin/injection/callback/CallbackInfo;)V does use it's CallbackInfo
[21:39:52] [Render thread/DEBUG] (FabricLoader/Mixin) fabric-networking-api-v1.client.mixins.json:ClientPacketListenerMixin from mod fabric-networking-api-v1->@Inject::initAddon(Lorg/spongepowered/asm/mixin/injection/callback/CallbackInfo;)V doesn't use it's CallbackInfo
[21:39:52] [Render thread/DEBUG] (FabricLoader/Mixin) fabric-networking-api-v1.client.mixins.json:ClientPacketListenerMixin from mod fabric-networking-api-v1->@Inject::initAddon(Lorg/spongepowered/asm/mixin/injection/callback/CallbackInfo;)V has 0 override(s) in child classes
[21:39:52] [Render thread/DEBUG] (FabricLoader/Mixin) fabric-networking-api-v1.client.mixins.json:ClientPacketListenerMixin from mod fabric-networking-api-v1->@Inject::initAddon(Lorg/spongepowered/asm/mixin/injection/callback/CallbackInfo;)V won't be passed a CallbackInfo as a result
[21:39:52] [Render thread/DEBUG] (FabricLoader/Mixin) fabric-networking-api-v1.client.mixins.json:ClientPacketListenerMixin from mod fabric-networking-api-v1->@Inject::handleServerPlayReady(Lnet/minecraft/network/protocol/game/ClientboundLoginPacket;Lorg/spongepowered/asm/mixin/injection/callback/CallbackInfo;)V doesn't use it's CallbackInfo
[21:39:52] [Render thread/DEBUG] (FabricLoader/Mixin) fabric-networking-api-v1.client.mixins.json:ClientPacketListenerMixin from mod fabric-networking-api-v1->@Inject::handleServerPlayReady(Lnet/minecraft/network/protocol/game/ClientboundLoginPacket;Lorg/spongepowered/asm/mixin/injection/callback/CallbackInfo;)V has 0 override(s) in child classes
[21:39:52] [Render thread/DEBUG] (FabricLoader/Mixin) fabric-networking-api-v1.client.mixins.json:ClientPacketListenerMixin from mod fabric-networking-api-v1->@Inject::handleServerPlayReady(Lnet/minecraft/network/protocol/game/ClientboundLoginPacket;Lorg/spongepowered/asm/mixin/injection/callback/CallbackInfo;)V won't be passed a CallbackInfo as a result
[21:39:52] [Render thread/DEBUG] (FabricLoader/Mixin) fabric-data-attachment-api-v1.client.mixins.json:ClientPacketListenerMixin from mod fabric-data-attachment-api-v1->@Inject::initGlobalAttachments(Lorg/spongepowered/asm/mixin/injection/callback/CallbackInfo;)V doesn't use it's CallbackInfo
[21:39:52] [Render thread/DEBUG] (FabricLoader/Mixin) fabric-data-attachment-api-v1.client.mixins.json:ClientPacketListenerMixin from mod fabric-data-attachment-api-v1->@Inject::initGlobalAttachments(Lorg/spongepowered/asm/mixin/injection/callback/CallbackInfo;)V has 0 override(s) in child classes
[21:39:52] [Render thread/DEBUG] (FabricLoader/Mixin) fabric-data-attachment-api-v1.client.mixins.json:ClientPacketListenerMixin from mod fabric-data-attachment-api-v1->@Inject::initGlobalAttachments(Lorg/spongepowered/asm/mixin/injection/callback/CallbackInfo;)V won't be passed a CallbackInfo as a result
[21:39:52] [Render thread/DEBUG] (FabricLoader/Mixin) fabric-command-api-v2.client.mixins.json:ClientPacketListenerMixin from mod fabric-command-api-v2->@Inject::init(Lnet/minecraft/client/Minecraft;Lnet/minecraft/network/Connection;Lnet/minecraft/client/multiplayer/CommonListenerCookie;Lorg/spongepowered/asm/mixin/injection/callback/CallbackInfo;)V doesn't use it's CallbackInfo
[21:39:52] [Render thread/DEBUG] (FabricLoader/Mixin) fabric-command-api-v2.client.mixins.json:ClientPacketListenerMixin from mod fabric-command-api-v2->@Inject::init(Lnet/minecraft/client/Minecraft;Lnet/minecraft/network/Connection;Lnet/minecraft/client/multiplayer/CommonListenerCookie;Lorg/spongepowered/asm/mixin/injection/callback/CallbackInfo;)V has 0 override(s) in child classes
[21:39:52] [Render thread/DEBUG] (FabricLoader/Mixin) fabric-command-api-v2.client.mixins.json:ClientPacketListenerMixin from mod fabric-command-api-v2->@Inject::init(Lnet/minecraft/client/Minecraft;Lnet/minecraft/network/Connection;Lnet/minecraft/client/multiplayer/CommonListenerCookie;Lorg/spongepowered/asm/mixin/injection/callback/CallbackInfo;)V won't be passed a CallbackInfo as a result
[21:39:52] [Render thread/DEBUG] (FabricLoader/Mixin) fabric-command-api-v2.client.mixins.json:ClientPacketListenerMixin from mod fabric-command-api-v2->@Inject::onGameJoin(Lnet/minecraft/network/protocol/game/ClientboundLoginPacket;Lorg/spongepowered/asm/mixin/injection/callback/CallbackInfo;)V doesn't use it's CallbackInfo
[21:39:52] [Render thread/DEBUG] (FabricLoader/Mixin) fabric-command-api-v2.client.mixins.json:ClientPacketListenerMixin from mod fabric-command-api-v2->@Inject::onGameJoin(Lnet/minecraft/network/protocol/game/ClientboundLoginPacket;Lorg/spongepowered/asm/mixin/injection/callback/CallbackInfo;)V has 0 override(s) in child classes
[21:39:52] [Render thread/DEBUG] (FabricLoader/Mixin) fabric-command-api-v2.client.mixins.json:ClientPacketListenerMixin from mod fabric-command-api-v2->@Inject::onGameJoin(Lnet/minecraft/network/protocol/game/ClientboundLoginPacket;Lorg/spongepowered/asm/mixin/injection/callback/CallbackInfo;)V won't be passed a CallbackInfo as a result
[21:39:52] [Render thread/DEBUG] (FabricLoader/Mixin) fabric-command-api-v2.client.mixins.json:ClientPacketListenerMixin from mod fabric-command-api-v2->@Inject::onOnCommandTree(Lnet/minecraft/network/protocol/game/ClientboundCommandsPacket;Lorg/spongepowered/asm/mixin/injection/callback/CallbackInfo;)V doesn't use it's CallbackInfo
[21:39:52] [Render thread/DEBUG] (FabricLoader/Mixin) fabric-command-api-v2.client.mixins.json:ClientPacketListenerMixin from mod fabric-command-api-v2->@Inject::onOnCommandTree(Lnet/minecraft/network/protocol/game/ClientboundCommandsPacket;Lorg/spongepowered/asm/mixin/injection/callback/CallbackInfo;)V has 0 override(s) in child classes
[21:39:52] [Render thread/DEBUG] (FabricLoader/Mixin) fabric-command-api-v2.client.mixins.json:ClientPacketListenerMixin from mod fabric-command-api-v2->@Inject::onOnCommandTree(Lnet/minecraft/network/protocol/game/ClientboundCommandsPacket;Lorg/spongepowered/asm/mixin/injection/callback/CallbackInfo;)V won't be passed a CallbackInfo as a result
[21:39:52] [Render thread/DEBUG] (FabricLoader/Mixin) fabric-command-api-v2.client.mixins.json:ClientPacketListenerMixin from mod fabric-command-api-v2->@Inject::setLastReceivedCommandsPacket(Lnet/minecraft/network/protocol/game/ClientboundCommandsPacket;Lorg/spongepowered/asm/mixin/injection/callback/CallbackInfo;)V doesn't use it's CallbackInfo
[21:39:52] [Render thread/DEBUG] (FabricLoader/Mixin) fabric-command-api-v2.client.mixins.json:ClientPacketListenerMixin from mod fabric-command-api-v2->@Inject::setLastReceivedCommandsPacket(Lnet/minecraft/network/protocol/game/ClientboundCommandsPacket;Lorg/spongepowered/asm/mixin/injection/callback/CallbackInfo;)V has 0 override(s) in child classes
[21:39:52] [Render thread/DEBUG] (FabricLoader/Mixin) fabric-command-api-v2.client.mixins.json:ClientPacketListenerMixin from mod fabric-command-api-v2->@Inject::setLastReceivedCommandsPacket(Lnet/minecraft/network/protocol/game/ClientboundCommandsPacket;Lorg/spongepowered/asm/mixin/injection/callback/CallbackInfo;)V won't be passed a CallbackInfo as a result
[21:39:52] [Render thread/DEBUG] (FabricLoader/Mixin) fabric-command-api-v2.client.mixins.json:ClientPacketListenerMixin from mod fabric-command-api-v2->@Inject::onSendCommand(Ljava/lang/String;Lnet/minecraft/client/gui/screens/Screen;Lorg/spongepowered/asm/mixin/injection/callback/CallbackInfo;)V does use it's CallbackInfo
[21:39:52] [Render thread/DEBUG] (FabricLoader/Mixin) fabric-command-api-v2.client.mixins.json:ClientPacketListenerMixin from mod fabric-command-api-v2->@Inject::onSendCommand(Ljava/lang/String;Lorg/spongepowered/asm/mixin/injection/callback/CallbackInfo;)V does use it's CallbackInfo
[21:39:52] [Render thread/DEBUG] (FabricLoader/Mixin) fabric-lifecycle-events-v1.client.mixins.json:ClientPacketListenerMixin from mod fabric-lifecycle-events-v1->@Inject::onPlayerRespawn(Lnet/minecraft/network/protocol/game/ClientboundRespawnPacket;Lorg/spongepowered/asm/mixin/injection/callback/CallbackInfo;)V doesn't use it's CallbackInfo
[21:39:52] [Render thread/DEBUG] (FabricLoader/Mixin) fabric-lifecycle-events-v1.client.mixins.json:ClientPacketListenerMixin from mod fabric-lifecycle-events-v1->@Inject::onPlayerRespawn(Lnet/minecraft/network/protocol/game/ClientboundRespawnPacket;Lorg/spongepowered/asm/mixin/injection/callback/CallbackInfo;)V has 0 override(s) in child classes
[21:39:52] [Render thread/DEBUG] (FabricLoader/Mixin) fabric-lifecycle-events-v1.client.mixins.json:ClientPacketListenerMixin from mod fabric-lifecycle-events-v1->@Inject::onPlayerRespawn(Lnet/minecraft/network/protocol/game/ClientboundRespawnPacket;Lorg/spongepowered/asm/mixin/injection/callback/CallbackInfo;)V won't be passed a CallbackInfo as a result
[21:39:52] [Render thread/DEBUG] (FabricLoader/Mixin) fabric-lifecycle-events-v1.client.mixins.json:ClientPacketListenerMixin from mod fabric-lifecycle-events-v1->@Inject::onGameJoin(Lnet/minecraft/network/protocol/game/ClientboundLoginPacket;Lorg/spongepowered/asm/mixin/injection/callback/CallbackInfo;)V doesn't use it's CallbackInfo
[21:39:52] [Render thread/DEBUG] (FabricLoader/Mixin) fabric-lifecycle-events-v1.client.mixins.json:ClientPacketListenerMixin from mod fabric-lifecycle-events-v1->@Inject::onGameJoin(Lnet/minecraft/network/protocol/game/ClientboundLoginPacket;Lorg/spongepowered/asm/mixin/injection/callback/CallbackInfo;)V has 0 override(s) in child classes
[21:39:52] [Render thread/DEBUG] (FabricLoader/Mixin) fabric-lifecycle-events-v1.client.mixins.json:ClientPacketListenerMixin from mod fabric-lifecycle-events-v1->@Inject::onGameJoin(Lnet/minecraft/network/protocol/game/ClientboundLoginPacket;Lorg/spongepowered/asm/mixin/injection/callback/CallbackInfo;)V won't be passed a CallbackInfo as a result
[21:39:52] [Render thread/DEBUG] (FabricLoader/Mixin) fabric-lifecycle-events-v1.client.mixins.json:ClientPacketListenerMixin from mod fabric-lifecycle-events-v1->@Inject::onClearLevel(Lorg/spongepowered/asm/mixin/injection/callback/CallbackInfo;)V doesn't use it's CallbackInfo
[21:39:52] [Render thread/DEBUG] (FabricLoader/Mixin) fabric-lifecycle-events-v1.client.mixins.json:ClientPacketListenerMixin from mod fabric-lifecycle-events-v1->@Inject::onClearLevel(Lorg/spongepowered/asm/mixin/injection/callback/CallbackInfo;)V has 0 override(s) in child classes
[21:39:52] [Render thread/DEBUG] (FabricLoader/Mixin) fabric-lifecycle-events-v1.client.mixins.json:ClientPacketListenerMixin from mod fabric-lifecycle-events-v1->@Inject::onClearLevel(Lorg/spongepowered/asm/mixin/injection/callback/CallbackInfo;)V won't be passed a CallbackInfo as a result
[21:39:52] [Render thread/DEBUG] (FabricLoader/Mixin) fabric-lifecycle-events-v1.client.mixins.json:ClientPacketListenerMixin from mod fabric-lifecycle-events-v1->@Inject::invokeTagsLoaded(Lnet/minecraft/network/protocol/common/ClientboundUpdateTagsPacket;Lorg/spongepowered/asm/mixin/injection/callback/CallbackInfo;)V doesn't use it's CallbackInfo
[21:39:52] [Render thread/DEBUG] (FabricLoader/Mixin) fabric-lifecycle-events-v1.client.mixins.json:ClientPacketListenerMixin from mod fabric-lifecycle-events-v1->@Inject::invokeTagsLoaded(Lnet/minecraft/network/protocol/common/ClientboundUpdateTagsPacket;Lorg/spongepowered/asm/mixin/injection/callback/CallbackInfo;)V has 0 override(s) in child classes
[21:39:52] [Render thread/DEBUG] (FabricLoader/Mixin) fabric-lifecycle-events-v1.client.mixins.json:ClientPacketListenerMixin from mod fabric-lifecycle-events-v1->@Inject::invokeTagsLoaded(Lnet/minecraft/network/protocol/common/ClientboundUpdateTagsPacket;Lorg/spongepowered/asm/mixin/injection/callback/CallbackInfo;)V won't be passed a CallbackInfo as a result
[21:39:52] [Render thread/DEBUG] (FabricLoader/Mixin) Mixing accessor.ClientCommonPacketListenerImplAccessor from fabric-networking-api-v1.client.mixins.json into net.minecraft.client.multiplayer.ClientCommonPacketListenerImpl
[21:39:52] [Render thread/DEBUG] (FabricLoader/Mixin) Mixing ClientCommonPacketListenerImplMixin from fabric-networking-api-v1.client.mixins.json into net.minecraft.client.multiplayer.ClientCommonPacketListenerImpl
[21:39:52] [Render thread/DEBUG] (FabricLoader/Mixin) fabric-networking-api-v1.client.mixins.json:ClientCommonPacketListenerImplMixin from mod fabric-networking-api-v1->@Inject::onCustomPayload(Lnet/minecraft/network/protocol/common/ClientboundCustomPayloadPacket;Lorg/spongepowered/asm/mixin/injection/callback/CallbackInfo;)V does use it's CallbackInfo
[21:39:52] [Render thread/DEBUG] (FabricLoader/Mixin) Mixing accessor.ClientHandshakePacketListenerImplAccessor from fabric-networking-api-v1.client.mixins.json into net.minecraft.client.multiplayer.ClientHandshakePacketListenerImpl
[21:39:52] [Render thread/DEBUG] (FabricLoader/Mixin) Mixing ClientHandshakePacketListenerImplMixin from fabric-networking-api-v1.client.mixins.json into net.minecraft.client.multiplayer.ClientHandshakePacketListenerImpl
[21:39:52] [Render thread/DEBUG] (FabricLoader/Mixin) Renaming synthetic method lambda$handleQueryRequest$0(Lnet/minecraft/network/protocol/login/ClientboundCustomQueryPacket;)Ljava/lang/Boolean; to md17564f$fabric-networking-api-v1$lambda$handleQueryRequest$0$0 in fabric-networking-api-v1.client.mixins.json:ClientHandshakePacketListenerImplMixin from mod fabric-networking-api-v1
[21:39:52] [Render thread/DEBUG] (FabricLoader/Mixin) fabric-networking-api-v1.client.mixins.json:ClientHandshakePacketListenerImplMixin from mod fabric-networking-api-v1->@Inject::initAddon(Lorg/spongepowered/asm/mixin/injection/callback/CallbackInfo;)V doesn't use it's CallbackInfo
[21:39:52] [Render thread/DEBUG] (FabricLoader/Mixin) fabric-networking-api-v1.client.mixins.json:ClientHandshakePacketListenerImplMixin from mod fabric-networking-api-v1->@Inject::initAddon(Lorg/spongepowered/asm/mixin/injection/callback/CallbackInfo;)V has 0 override(s) in child classes
[21:39:52] [Render thread/DEBUG] (FabricLoader/Mixin) fabric-networking-api-v1.client.mixins.json:ClientHandshakePacketListenerImplMixin from mod fabric-networking-api-v1->@Inject::initAddon(Lorg/spongepowered/asm/mixin/injection/callback/CallbackInfo;)V won't be passed a CallbackInfo as a result
[21:39:52] [Render thread/DEBUG] (FabricLoader/Mixin) fabric-networking-api-v1.client.mixins.json:ClientHandshakePacketListenerImplMixin from mod fabric-networking-api-v1->@Inject::handleQueryRequest(Lnet/minecraft/network/protocol/login/ClientboundCustomQueryPacket;Lorg/spongepowered/asm/mixin/injection/callback/CallbackInfo;)V does use it's CallbackInfo
[21:39:52] [Render thread/DEBUG] (FabricLoader/Mixin) fabric-networking-api-v1.client.mixins.json:ClientHandshakePacketListenerImplMixin from mod fabric-networking-api-v1->@Inject::setGameProfileContext(Lnet/minecraft/network/protocol/login/ClientboundLoginFinishedPacket;Lorg/spongepowered/asm/mixin/injection/callback/CallbackInfo;)V doesn't use it's CallbackInfo
[21:39:52] [Render thread/DEBUG] (FabricLoader/Mixin) fabric-networking-api-v1.client.mixins.json:ClientHandshakePacketListenerImplMixin from mod fabric-networking-api-v1->@Inject::setGameProfileContext(Lnet/minecraft/network/protocol/login/ClientboundLoginFinishedPacket;Lorg/spongepowered/asm/mixin/injection/callback/CallbackInfo;)V has 0 override(s) in child classes
[21:39:52] [Render thread/DEBUG] (FabricLoader/Mixin) fabric-networking-api-v1.client.mixins.json:ClientHandshakePacketListenerImplMixin from mod fabric-networking-api-v1->@Inject::setGameProfileContext(Lnet/minecraft/network/protocol/login/ClientboundLoginFinishedPacket;Lorg/spongepowered/asm/mixin/injection/callback/CallbackInfo;)V won't be passed a CallbackInfo as a result
[21:39:52] [Render thread/DEBUG] (FabricLoader/Mixin) Mixing ClientConfigurationPacketListenerImplMixin from fabric-networking-api-v1.client.mixins.json into net.minecraft.client.multiplayer.ClientConfigurationPacketListenerImpl
[21:39:52] [Render thread/DEBUG] (FabricLoader/Mixin) Mixing sync.ClientConfigurationPacketListenerImplMixin from fabric-recipe-api-v1.client.mixins.json into net.minecraft.client.multiplayer.ClientConfigurationPacketListenerImpl
[21:39:52] [Render thread/DEBUG] (FabricLoader/Mixin) Mixing ClientConfigurationPacketListenerImplMixin from fabric-lifecycle-events-v1.client.mixins.json into net.minecraft.client.multiplayer.ClientConfigurationPacketListenerImpl
[21:39:52] [Render thread/DEBUG] (FabricLoader/Mixin) Mixing accessor.ClientConfigurationPacketListenerImplAccessor from fabric-networking-api-v1.client.mixins.json into net.minecraft.client.multiplayer.ClientConfigurationPacketListenerImpl
[21:39:52] [Render thread/DEBUG] (FabricLoader/Mixin) fabric-networking-api-v1.client.mixins.json:ClientConfigurationPacketListenerImplMixin from mod fabric-networking-api-v1->@Inject::initAddon(Lorg/spongepowered/asm/mixin/injection/callback/CallbackInfo;)V doesn't use it's CallbackInfo
[21:39:52] [Render thread/DEBUG] (FabricLoader/Mixin) fabric-networking-api-v1.client.mixins.json:ClientConfigurationPacketListenerImplMixin from mod fabric-networking-api-v1->@Inject::initAddon(Lorg/spongepowered/asm/mixin/injection/callback/CallbackInfo;)V has 0 override(s) in child classes
[21:39:52] [Render thread/DEBUG] (FabricLoader/Mixin) fabric-networking-api-v1.client.mixins.json:ClientConfigurationPacketListenerImplMixin from mod fabric-networking-api-v1->@Inject::initAddon(Lorg/spongepowered/asm/mixin/injection/callback/CallbackInfo;)V won't be passed a CallbackInfo as a result
[21:39:52] [Render thread/DEBUG] (FabricLoader/Mixin) fabric-networking-api-v1.client.mixins.json:ClientConfigurationPacketListenerImplMixin from mod fabric-networking-api-v1->@Inject::handleComplete(Lnet/minecraft/network/protocol/configuration/ClientboundFinishConfigurationPacket;Lorg/spongepowered/asm/mixin/injection/callback/CallbackInfo;)V doesn't use it's CallbackInfo
[21:39:52] [Render thread/DEBUG] (FabricLoader/Mixin) fabric-networking-api-v1.client.mixins.json:ClientConfigurationPacketListenerImplMixin from mod fabric-networking-api-v1->@Inject::handleComplete(Lnet/minecraft/network/protocol/configuration/ClientboundFinishConfigurationPacket;Lorg/spongepowered/asm/mixin/injection/callback/CallbackInfo;)V has 0 override(s) in child classes
[21:39:52] [Render thread/DEBUG] (FabricLoader/Mixin) fabric-networking-api-v1.client.mixins.json:ClientConfigurationPacketListenerImplMixin from mod fabric-networking-api-v1->@Inject::handleComplete(Lnet/minecraft/network/protocol/configuration/ClientboundFinishConfigurationPacket;Lorg/spongepowered/asm/mixin/injection/callback/CallbackInfo;)V won't be passed a CallbackInfo as a result
[21:39:52] [Render thread/DEBUG] (FabricLoader/Mixin) fabric-recipe-api-v1.client.mixins.json:sync.ClientConfigurationPacketListenerImplMixin from mod fabric-recipe-api-v1->@Inject::sendSupportedRecipeSerializers(Lnet/minecraft/network/protocol/configuration/ClientboundSelectKnownPacks;Lorg/spongepowered/asm/mixin/injection/callback/CallbackInfo;)V doesn't use it's CallbackInfo
[21:39:52] [Render thread/DEBUG] (FabricLoader/Mixin) fabric-recipe-api-v1.client.mixins.json:sync.ClientConfigurationPacketListenerImplMixin from mod fabric-recipe-api-v1->@Inject::sendSupportedRecipeSerializers(Lnet/minecraft/network/protocol/configuration/ClientboundSelectKnownPacks;Lorg/spongepowered/asm/mixin/injection/callback/CallbackInfo;)V has 0 override(s) in child classes
[21:39:52] [Render thread/DEBUG] (FabricLoader/Mixin) fabric-recipe-api-v1.client.mixins.json:sync.ClientConfigurationPacketListenerImplMixin from mod fabric-recipe-api-v1->@Inject::sendSupportedRecipeSerializers(Lnet/minecraft/network/protocol/configuration/ClientboundSelectKnownPacks;Lorg/spongepowered/asm/mixin/injection/callback/CallbackInfo;)V won't be passed a CallbackInfo as a result
[21:39:52] [Render thread/DEBUG] (FabricLoader/Mixin) fabric-lifecycle-events-v1.client.mixins.json:ClientConfigurationPacketListenerImplMixin from mod fabric-lifecycle-events-v1->@Inject::invokeTagsLoaded(Lnet/minecraft/network/protocol/configuration/ClientboundFinishConfigurationPacket;Lorg/spongepowered/asm/mixin/injection/callback/CallbackInfo;)V doesn't use it's CallbackInfo
[21:39:52] [Render thread/DEBUG] (FabricLoader/Mixin) fabric-lifecycle-events-v1.client.mixins.json:ClientConfigurationPacketListenerImplMixin from mod fabric-lifecycle-events-v1->@Inject::invokeTagsLoaded(Lnet/minecraft/network/protocol/configuration/ClientboundFinishConfigurationPacket;Lorg/spongepowered/asm/mixin/injection/callback/CallbackInfo;)V has 0 override(s) in child classes
[21:39:52] [Render thread/DEBUG] (FabricLoader/Mixin) fabric-lifecycle-events-v1.client.mixins.json:ClientConfigurationPacketListenerImplMixin from mod fabric-lifecycle-events-v1->@Inject::invokeTagsLoaded(Lnet/minecraft/network/protocol/configuration/ClientboundFinishConfigurationPacket;Lorg/spongepowered/asm/mixin/injection/callback/CallbackInfo;)V won't be passed a CallbackInfo as a result
[21:39:52] [Render thread/DEBUG] (FabricLoader/Mixin) Mixing sync.ConnectionMixin from fabric-recipe-api-v1.mixins.json into net.minecraft.network.Connection
[21:39:52] [Render thread/DEBUG] (FabricLoader/Mixin) Mixing ConnectionMixin from fabric-networking-api-v1.mixins.json into net.minecraft.network.Connection
[21:39:52] [Render thread/DEBUG] (FabricLoader/Mixin) Renaming synthetic method lambda$fabric_getPendingChannelsNames$0(Lnet/minecraft/network/ConnectionProtocol;)Ljava/util/Collection; to md17564f$fabric-networking-api-v1$lambda$fabric_getPendingChannelsNames$0$0 in fabric-networking-api-v1.mixins.json:ConnectionMixin from mod fabric-networking-api-v1
[21:39:52] [Render thread/DEBUG] (FabricLoader/Mixin) Renaming synthetic method lambda$injectFabricPacketSlitterHandlerOutbound$1(Lnet/fabricmc/fabric/impl/networking/PayloadTypeRegistryImpl;Lio/netty/channel/ChannelHandlerContext;)V to md17564f$fabric-networking-api-v1$lambda$injectFabricPacketSlitterHandlerOutbound$1$1 in fabric-networking-api-v1.mixins.json:ConnectionMixin from mod fabric-networking-api-v1
[21:39:52] [Render thread/DEBUG] (FabricLoader/Mixin) Renaming synthetic method lambda$injectFabricPacketSlitterHandlerOutbound$0(Lio/netty/channel/ChannelHandlerContext;)V to md17564f$fabric-networking-api-v1$lambda$injectFabricPacketSlitterHandlerOutbound$0$2 in fabric-networking-api-v1.mixins.json:ConnectionMixin from mod fabric-networking-api-v1
[21:39:52] [Render thread/DEBUG] (FabricLoader/Mixin) Renaming synthetic method lambda$injectFabricPacketSlitterHandlerInbound$1(Lnet/fabricmc/fabric/impl/networking/PayloadTypeRegistryImpl;Lnet/minecraft/network/ProtocolInfo;Lio/netty/channel/ChannelHandlerContext;)V to md17564f$fabric-networking-api-v1$lambda$injectFabricPacketSlitterHandlerInbound$1$3 in fabric-networking-api-v1.mixins.json:ConnectionMixin from mod fabric-networking-api-v1
[21:39:52] [Render thread/DEBUG] (FabricLoader/Mixin) Renaming synthetic method lambda$injectFabricPacketSlitterHandlerInbound$0(Lio/netty/channel/ChannelHandlerContext;)V to md17564f$fabric-networking-api-v1$lambda$injectFabricPacketSlitterHandlerInbound$0$4 in fabric-networking-api-v1.mixins.json:ConnectionMixin from mod fabric-networking-api-v1
[21:39:52] [Render thread/DEBUG] (FabricLoader/Mixin) fabric-networking-api-v1.mixins.json:ConnectionMixin from mod fabric-networking-api-v1->@Inject::initAddedFields(Lnet/minecraft/network/protocol/PacketFlow;Lorg/spongepowered/asm/mixin/injection/callback/CallbackInfo;)V doesn't use it's CallbackInfo
[21:39:52] [Render thread/DEBUG] (FabricLoader/Mixin) fabric-networking-api-v1.mixins.json:ConnectionMixin from mod fabric-networking-api-v1->@Inject::initAddedFields(Lnet/minecraft/network/protocol/PacketFlow;Lorg/spongepowered/asm/mixin/injection/callback/CallbackInfo;)V has 0 override(s) in child classes
[21:39:52] [Render thread/DEBUG] (FabricLoader/Mixin) fabric-networking-api-v1.mixins.json:ConnectionMixin from mod fabric-networking-api-v1->@Inject::initAddedFields(Lnet/minecraft/network/protocol/PacketFlow;Lorg/spongepowered/asm/mixin/injection/callback/CallbackInfo;)V won't be passed a CallbackInfo as a result
[21:39:52] [Render thread/DEBUG] (FabricLoader/Mixin) fabric-networking-api-v1.mixins.json:ConnectionMixin from mod fabric-networking-api-v1->@Inject::checkPacket(Lnet/minecraft/network/protocol/Packet;Lio/netty/channel/ChannelFutureListener;ZLorg/spongepowered/asm/mixin/injection/callback/CallbackInfo;)V doesn't use it's CallbackInfo
[21:39:52] [Render thread/DEBUG] (FabricLoader/Mixin) fabric-networking-api-v1.mixins.json:ConnectionMixin from mod fabric-networking-api-v1->@Inject::checkPacket(Lnet/minecraft/network/protocol/Packet;Lio/netty/channel/ChannelFutureListener;ZLorg/spongepowered/asm/mixin/injection/callback/CallbackInfo;)V has 0 override(s) in child classes
[21:39:52] [Render thread/DEBUG] (FabricLoader/Mixin) fabric-networking-api-v1.mixins.json:ConnectionMixin from mod fabric-networking-api-v1->@Inject::checkPacket(Lnet/minecraft/network/protocol/Packet;Lio/netty/channel/ChannelFutureListener;ZLorg/spongepowered/asm/mixin/injection/callback/CallbackInfo;)V won't be passed a CallbackInfo as a result
[21:39:52] [Render thread/DEBUG] (FabricLoader/Mixin) fabric-networking-api-v1.mixins.json:ConnectionMixin from mod fabric-networking-api-v1->@Inject::unwatchAddon(Lnet/minecraft/network/ProtocolInfo;Lnet/minecraft/network/PacketListener;Lorg/spongepowered/asm/mixin/injection/callback/CallbackInfo;)V doesn't use it's CallbackInfo
[21:39:52] [Render thread/DEBUG] (FabricLoader/Mixin) fabric-networking-api-v1.mixins.json:ConnectionMixin from mod fabric-networking-api-v1->@Inject::unwatchAddon(Lnet/minecraft/network/ProtocolInfo;Lnet/minecraft/network/PacketListener;Lorg/spongepowered/asm/mixin/injection/callback/CallbackInfo;)V has 0 override(s) in child classes
[21:39:52] [Render thread/DEBUG] (FabricLoader/Mixin) fabric-networking-api-v1.mixins.json:ConnectionMixin from mod fabric-networking-api-v1->@Inject::unwatchAddon(Lnet/minecraft/network/ProtocolInfo;Lnet/minecraft/network/PacketListener;Lorg/spongepowered/asm/mixin/injection/callback/CallbackInfo;)V won't be passed a CallbackInfo as a result
[21:39:52] [Render thread/DEBUG] (FabricLoader/Mixin) fabric-networking-api-v1.mixins.json:ConnectionMixin from mod fabric-networking-api-v1->@Inject::disconnectAddon(Lio/netty/channel/ChannelHandlerContext;Lorg/spongepowered/asm/mixin/injection/callback/CallbackInfo;)V doesn't use it's CallbackInfo
[21:39:52] [Render thread/DEBUG] (FabricLoader/Mixin) fabric-networking-api-v1.mixins.json:ConnectionMixin from mod fabric-networking-api-v1->@Inject::disconnectAddon(Lio/netty/channel/ChannelHandlerContext;Lorg/spongepowered/asm/mixin/injection/callback/CallbackInfo;)V has 0 override(s) in child classes
[21:39:52] [Render thread/DEBUG] (FabricLoader/Mixin) fabric-networking-api-v1.mixins.json:ConnectionMixin from mod fabric-networking-api-v1->@Inject::disconnectAddon(Lio/netty/channel/ChannelHandlerContext;Lorg/spongepowered/asm/mixin/injection/callback/CallbackInfo;)V won't be passed a CallbackInfo as a result
[21:39:52] [Render thread/DEBUG] (FabricLoader/Mixin) fabric-networking-api-v1.mixins.json:ConnectionMixin from mod fabric-networking-api-v1->@Inject::disconnectAddon(Lorg/spongepowered/asm/mixin/injection/callback/CallbackInfo;)V doesn't use it's CallbackInfo
[21:39:52] [Render thread/DEBUG] (FabricLoader/Mixin) fabric-networking-api-v1.mixins.json:ConnectionMixin from mod fabric-networking-api-v1->@Inject::disconnectAddon(Lorg/spongepowered/asm/mixin/injection/callback/CallbackInfo;)V has 0 override(s) in child classes
[21:39:52] [Render thread/DEBUG] (FabricLoader/Mixin) fabric-networking-api-v1.mixins.json:ConnectionMixin from mod fabric-networking-api-v1->@Inject::disconnectAddon(Lorg/spongepowered/asm/mixin/injection/callback/CallbackInfo;)V won't be passed a CallbackInfo as a result
[21:39:52] [Render thread/DEBUG] (FabricLoader/Mixin) Mixing MappedRegistryTagSet2Accessor from fabric-tag-api-v1.mixins.json into net.minecraft.core.MappedRegistry$TagSet$2
[21:39:52] [Render thread/DEBUG] (FabricLoader/Mixin) Mixing OptionsMixin from fabric-key-mapping-api-v1.mixins.json into net.minecraft.client.Options
[21:39:52] [Render thread/DEBUG] (FabricLoader/Mixin) Mixing OptionsMixin from fabric-resource-loader-v1.client.mixins.json into net.minecraft.client.Options
[21:39:52] [Render thread/DEBUG] (FabricLoader/Mixin) fabric-key-mapping-api-v1.mixins.json:OptionsMixin from mod fabric-key-mapping-api-v1->@Inject::loadHook(Lorg/spongepowered/asm/mixin/injection/callback/CallbackInfo;)V doesn't use it's CallbackInfo
[21:39:52] [Render thread/DEBUG] (FabricLoader/Mixin) fabric-key-mapping-api-v1.mixins.json:OptionsMixin from mod fabric-key-mapping-api-v1->@Inject::loadHook(Lorg/spongepowered/asm/mixin/injection/callback/CallbackInfo;)V has 0 override(s) in child classes
[21:39:52] [Render thread/DEBUG] (FabricLoader/Mixin) fabric-key-mapping-api-v1.mixins.json:OptionsMixin from mod fabric-key-mapping-api-v1->@Inject::loadHook(Lorg/spongepowered/asm/mixin/injection/callback/CallbackInfo;)V won't be passed a CallbackInfo as a result
[21:39:52] [Render thread/DEBUG] (FabricLoader/Mixin) fabric-resource-loader-v1.client.mixins.json:OptionsMixin from mod fabric-resource-loader-v1->@Inject::onLoad(Lorg/spongepowered/asm/mixin/injection/callback/CallbackInfo;)V doesn't use it's CallbackInfo
[21:39:52] [Render thread/DEBUG] (FabricLoader/Mixin) fabric-resource-loader-v1.client.mixins.json:OptionsMixin from mod fabric-resource-loader-v1->@Inject::onLoad(Lorg/spongepowered/asm/mixin/injection/callback/CallbackInfo;)V has 0 override(s) in child classes
[21:39:52] [Render thread/DEBUG] (FabricLoader/Mixin) fabric-resource-loader-v1.client.mixins.json:OptionsMixin from mod fabric-resource-loader-v1->@Inject::onLoad(Lorg/spongepowered/asm/mixin/injection/callback/CallbackInfo;)V won't be passed a CallbackInfo as a result
[21:39:52] [Render thread/DEBUG] (FabricLoader/Mixin) fabric-resource-loader-v1.client.mixins.json:OptionsMixin from mod fabric-resource-loader-v1->@Inject::onLoad(Lorg/spongepowered/asm/mixin/injection/callback/CallbackInfo;)V doesn't use it's CallbackInfo
[21:39:52] [Render thread/DEBUG] (FabricLoader/Mixin) fabric-resource-loader-v1.client.mixins.json:OptionsMixin from mod fabric-resource-loader-v1->@Inject::onLoad(Lorg/spongepowered/asm/mixin/injection/callback/CallbackInfo;)V has 0 override(s) in child classes
[21:39:52] [Render thread/DEBUG] (FabricLoader/Mixin) fabric-resource-loader-v1.client.mixins.json:OptionsMixin from mod fabric-resource-loader-v1->@Inject::onLoad(Lorg/spongepowered/asm/mixin/injection/callback/CallbackInfo;)V won't be passed a CallbackInfo as a result
[21:39:52] [Render thread/DEBUG] (FabricLoader/Mixin) Mixing SoundInstanceMixin from fabric-sound-api-v1.mixins.json into net.minecraft.client.resources.sounds.SoundInstance
[21:39:53] [Render thread/DEBUG] (FabricLoader/Mixin) Mixing KeyMappingCategoryMixin from fabric-key-mapping-api-v1.mixins.json into net.minecraft.client.KeyMapping$Category
[21:39:53] [Render thread/DEBUG] (FabricLoader/Mixin) fabric-key-mapping-api-v1.mixins.json:KeyMappingCategoryMixin from mod fabric-key-mapping-api-v1->@Inject::onReturnRegister(Lnet/minecraft/resources/Identifier;Lorg/spongepowered/asm/mixin/injection/callback/CallbackInfoReturnable;)V doesn't use it's CallbackInfoReturnable
[21:39:53] [Render thread/DEBUG] (FabricLoader/Mixin) Mixing PackMixin from fabric-resource-loader-v1.mixins.json into net.minecraft.server.packs.repository.Pack
[21:39:53] [Render thread/DEBUG] (FabricLoader/Mixin) Renaming synthetic method lambda$onCreateResourcePack$0(Lnet/minecraft/server/packs/PackResources;)V to md17564f$fabric-resource-loader-v1$lambda$onCreateResourcePack$0$0 in fabric-resource-loader-v1.mixins.json:PackMixin from mod fabric-resource-loader-v1
[21:39:53] [Render thread/DEBUG] (FabricLoader/Mixin) Renaming synthetic method lambda$static$0(Ljava/util/Set;)Z to md17564f$fabric-resource-loader-v1$lambda$static$0$1 in fabric-resource-loader-v1.mixins.json:PackMixin from mod fabric-resource-loader-v1
[21:39:53] [Render thread/DEBUG] (FabricLoader/Mixin) Mixing PackMixin from fabric-resource-conditions-api-v1.mixins.json into net.minecraft.server.packs.repository.Pack
[21:39:53] [Render thread/DEBUG] (FabricLoader/Mixin) Mixing GameOptionsWriteVisitorMixin from fabric-resource-loader-v1.client.mixins.json into net.minecraft.client.Options$3
[21:39:53] [Render thread/INFO] (net.minecraft.client.Minecraft) Backend library: LWJGL version 3.4.3-snapshot
[21:39:53] [Render thread/WARN] (net.minecraft.client.Minecraft) Detected unexpected shutdown during last game startup: resetting fullscreen mode
[21:39:53] [Render thread/INFO] (com.mojang.blaze3d.platform.SdlDebug) SDL [SYSTEM]: App name: Minecraft
[21:39:53] [Render thread/INFO] (com.mojang.blaze3d.platform.SdlDebug) SDL [SYSTEM]: App version: 26.3 Release Candidate 1
[21:39:53] [Render thread/INFO] (com.mojang.blaze3d.platform.SdlDebug) SDL [SYSTEM]: App ID: com.mojang.minecraft
[21:39:53] [Render thread/INFO] (com.mojang.blaze3d.platform.SdlDebug) SDL [SYSTEM]: SDL revision: SDL-3.4.14-62f10da
[21:39:53] [Render thread/DEBUG] (com.mojang.blaze3d.platform.SdlDebug) SDL [SYSTEM]: SDL chose video backend 'windows'
[21:39:53] [Render thread/WARN] (net.minecraft.client.Minecraft) Detected unexpected shutdown during last game startup: forcing preferred graphics API to OpenGL
[21:39:53] [Download-2/DEBUG] (com.mojang.authlib.minecraft.client.MinecraftClient) Connecting to https://api.minecraftservices.com/player/attributes
[21:39:53] [Minecraft Services Discovery/DEBUG] (com.mojang.authlib.minecraft.client.MinecraftClient) Connecting to https://api.minecraftservices.com/publickeys
[21:39:53] [Download-1/DEBUG] (com.mojang.authlib.minecraft.client.MinecraftClient) Connecting to https://sessionserver.mojang.com/session/minecraft/profile/130bfefbac8d3a05b27c6205f9d12a06?unsigned=false
[21:39:53] [Render thread/INFO] (net.minecraft.client.Minecraft) Using graphics backend OpenGL, using drivers: 3.3.0 Core Profile Context 26.8.1.260806
[21:39:53] [Render thread/INFO] (net.minecraft.client.Minecraft) Using graphics device: AMD Radeon(TM) 610M (ATI Technologies Inc.)
[21:39:53] [Render thread/INFO] (net.minecraft.client.Minecraft) Using graphics device extensions: GL_ARB_multi_draw_indirect, GL_ARB_buffer_storage, GL_ARB_shader_draw_parameters, GL_ARB_base_instance, GL_KHR_debug, GL_ARB_draw_indirect, GL_ARB_clip_control, GL_ARB_vertex_attrib_binding, GL_ARB_direct_state_access, GL_EXT_texture_filter_anisotropic
[21:39:53] [Render thread/INFO] (com.mojang.blaze3d.platform.Window) Created window using SDL video driver: windows
[21:39:54] [Minecraft Services Discovery/DEBUG] (com.mojang.authlib.minecraft.client.MinecraftClient) Connecting to https://api.minecraftservices.com/publickeys
[21:39:54] [Render thread/DEBUG] (FabricLoader/Mixin) Mixing MouseHandlerMixin from fabric-events-interaction-v0.client.mixins.json into net.minecraft.client.MouseHandler
[21:39:54] [Render thread/DEBUG] (FabricLoader/Mixin) Mixing MouseHandlerMixin from fabric-screen-api-v1.mixins.json into net.minecraft.client.MouseHandler
[21:39:54] [Download-2/ERROR] (net.minecraft.client.Minecraft) Failed to fetch user properties
com.mojang.authlib.exceptions.InvalidCredentialsException: Status: 401
	at knot//com.mojang.authlib.exceptions.MinecraftClientHttpException.toAuthenticationException(MinecraftClientHttpException.java:70)
	at knot//com.mojang.authlib.services.MinecraftServicesUserApiService.fetchProperties(MinecraftServicesUserApiService.java:168)
	at knot//net.minecraft.client.Minecraft.lambda$new$1(Minecraft.java:451)
	at java.base/java.util.concurrent.CompletableFuture$AsyncSupply.run(CompletableFuture.java:1789)
	at java.base/java.util.concurrent.ThreadPoolExecutor.runWorker(ThreadPoolExecutor.java:1090)
	at java.base/java.util.concurrent.ThreadPoolExecutor$Worker.run(ThreadPoolExecutor.java:614)
	at java.base/java.lang.Thread.run(Thread.java:1474)
Caused by: MinecraftClientHttpException[type=HTTP_ERROR, status=401, response=ErrorResponse[path=/player/attributes, error=null, errorMessage=null, details=null]]
	at knot//com.mojang.authlib.minecraft.client.MinecraftClient.buildHttpException(MinecraftClient.java:170)
	at knot//com.mojang.authlib.minecraft.client.MinecraftClient.readServiceResponse(MinecraftClient.java:147)
	at knot//com.mojang.authlib.minecraft.client.MinecraftClient.getWithEtag(MinecraftClient.java:81)
	at knot//com.mojang.authlib.minecraft.client.MinecraftClient.get(MinecraftClient.java:65)
	at knot//com.mojang.authlib.services.MinecraftServicesUserApiService.fetchProperties(MinecraftServicesUserApiService.java:118)
	... 5 more
[21:39:54] [Render thread/DEBUG] (FabricLoader/Mixin) Mixing KeyboardHandlerMixin from fabric-screen-api-v1.mixins.json into net.minecraft.client.KeyboardHandler
[21:39:54] [Render thread/DEBUG] (FabricLoader/Mixin) Mixing MultiPackResourceManagerMixin from fabric-resource-loader-v1.mixins.json into net.minecraft.server.packs.resources.MultiPackResourceManager
[21:39:54] [Download-1/DEBUG] (com.mojang.authlib.services.MinecraftServicesSessionService) Couldn't fetch profile properties for 130bfefb-ac8d-3a05-b27c-6205f9d12a06 as the profile does not exist
[21:39:54] [Render thread/DEBUG] (FabricLoader/Mixin) fabric-resource-loader-v1.mixins.json:MultiPackResourceManagerMixin from mod fabric-resource-loader-v1->@Inject::init(Lnet/minecraft/server/packs/PackType;Ljava/util/List;Lorg/spongepowered/asm/mixin/injection/callback/CallbackInfo;)V doesn't use it's CallbackInfo
[21:39:54] [Render thread/DEBUG] (FabricLoader/Mixin) fabric-resource-loader-v1.mixins.json:MultiPackResourceManagerMixin from mod fabric-resource-loader-v1->@Inject::init(Lnet/minecraft/server/packs/PackType;Ljava/util/List;Lorg/spongepowered/asm/mixin/injection/callback/CallbackInfo;)V has 0 override(s) in child classes
[21:39:54] [Render thread/DEBUG] (FabricLoader/Mixin) fabric-resource-loader-v1.mixins.json:MultiPackResourceManagerMixin from mod fabric-resource-loader-v1->@Inject::init(Lnet/minecraft/server/packs/PackType;Ljava/util/List;Lorg/spongepowered/asm/mixin/injection/callback/CallbackInfo;)V won't be passed a CallbackInfo as a result
[21:39:54] [Render thread/DEBUG] (net.fabricmc.fabric.impl.resource.pack.ModPackResourcesUtil) [Fabric] Starting internal pack sorting with: [vanilla, aspengrove, fabric-api, fabric-api-base, fabric-api-lookup-api-v1, fabric-biome-api-v1, fabric-block-api-v1, fabric-block-getter-api-v2, fabric-client-gametest-api-v1, fabric-command-api-v2, fabric-content-registries-v0, fabric-convention-tags-v2, fabric-crash-report-info-v1, fabric-creative-tab-api-v1, fabric-creative-tab-api-v1_programmer_art, fabric-data-attachment-api-v1, fabric-data-generation-api-v1, fabric-debug-api-v1, fabric-dimensions-v1, fabric-entity-events-v1, fabric-events-interaction-v0, fabric-game-rule-api-v1, fabric-gametest-api-v1, fabric-item-api-v1, fabric-key-mapping-api-v1, fabric-lifecycle-events-v1, fabric-loot-api-v3, fabric-menu-api-v1, fabric-message-api-v1, fabric-model-loading-api-v1, fabric-networking-api-v1, fabric-object-builder-api-v1, fabric-particles-v1, fabric-permission-api-v1, fabric-recipe-api-v1, fabric-registry-sync-v0, fabric-renderer-api-v1, fabric-renderer-indigo, fabric-rendering-fluids-v1, fabric-rendering-v1, fabric-resource-conditions-api-v1, fabric-resource-loader-v0, fabric-resource-loader-v1, fabric-screen-api-v1, fabric-serialization-api-v1, fabric-sound-api-v1, fabric-tag-api-v1, fabric-transfer-api-v1, fabric-transitive-access-wideners-v1, fabricloader]
[21:39:54] [Render thread/DEBUG] (net.fabricmc.fabric.impl.resource.pack.ModPackResourcesUtil) [Fabric] Removed all internal packs, result: [vanilla]
[21:39:54] [Render thread/DEBUG] (net.fabricmc.fabric.impl.resource.pack.ModPackResourcesUtil) [Fabric] cur @ vanilla, auto-enabled aspengrove, currently enabled: [vanilla, aspengrove]
[21:39:54] [Render thread/DEBUG] (net.fabricmc.fabric.impl.resource.pack.ModPackResourcesUtil) [Fabric] cur @ vanilla, auto-enabled fabric-api, currently enabled: [vanilla, aspengrove, fabric-api]
[21:39:54] [Render thread/DEBUG] (net.fabricmc.fabric.impl.resource.pack.ModPackResourcesUtil) [Fabric] cur @ vanilla, auto-enabled fabric-api-base, currently enabled: [vanilla, aspengrove, fabric-api, fabric-api-base]
[21:39:54] [Render thread/DEBUG] (net.fabricmc.fabric.impl.resource.pack.ModPackResourcesUtil) [Fabric] cur @ vanilla, auto-enabled fabric-api-lookup-api-v1, currently enabled: [vanilla, aspengrove, fabric-api, fabric-api-base, fabric-api-lookup-api-v1]
[21:39:54] [Render thread/DEBUG] (net.fabricmc.fabric.impl.resource.pack.ModPackResourcesUtil) [Fabric] cur @ vanilla, auto-enabled fabric-biome-api-v1, currently enabled: [vanilla, aspengrove, fabric-api, fabric-api-base, fabric-api-lookup-api-v1, fabric-biome-api-v1]
[21:39:54] [Render thread/DEBUG] (net.fabricmc.fabric.impl.resource.pack.ModPackResourcesUtil) [Fabric] cur @ vanilla, auto-enabled fabric-block-api-v1, currently enabled: [vanilla, aspengrove, fabric-api, fabric-api-base, fabric-api-lookup-api-v1, fabric-biome-api-v1, fabric-block-api-v1]
[21:39:54] [Render thread/DEBUG] (net.fabricmc.fabric.impl.resource.pack.ModPackResourcesUtil) [Fabric] cur @ vanilla, auto-enabled fabric-block-getter-api-v2, currently enabled: [vanilla, aspengrove, fabric-api, fabric-api-base, fabric-api-lookup-api-v1, fabric-biome-api-v1, fabric-block-api-v1, fabric-block-getter-api-v2]
[21:39:54] [Render thread/DEBUG] (net.fabricmc.fabric.impl.resource.pack.ModPackResourcesUtil) [Fabric] cur @ vanilla, auto-enabled fabric-client-gametest-api-v1, currently enabled: [vanilla, aspengrove, fabric-api, fabric-api-base, fabric-api-lookup-api-v1, fabric-biome-api-v1, fabric-block-api-v1, fabric-block-getter-api-v2, fabric-client-gametest-api-v1]
[21:39:54] [Render thread/DEBUG] (net.fabricmc.fabric.impl.resource.pack.ModPackResourcesUtil) [Fabric] cur @ vanilla, auto-enabled fabric-command-api-v2, currently enabled: [vanilla, aspengrove, fabric-api, fabric-api-base, fabric-api-lookup-api-v1, fabric-biome-api-v1, fabric-block-api-v1, fabric-block-getter-api-v2, fabric-client-gametest-api-v1, fabric-command-api-v2]
[21:39:54] [Render thread/DEBUG] (net.fabricmc.fabric.impl.resource.pack.ModPackResourcesUtil) [Fabric] cur @ vanilla, auto-enabled fabric-content-registries-v0, currently enabled: [vanilla, aspengrove, fabric-api, fabric-api-base, fabric-api-lookup-api-v1, fabric-biome-api-v1, fabric-block-api-v1, fabric-block-getter-api-v2, fabric-client-gametest-api-v1, fabric-command-api-v2, fabric-content-registries-v0]
[21:39:54] [Render thread/DEBUG] (net.fabricmc.fabric.impl.resource.pack.ModPackResourcesUtil) [Fabric] cur @ vanilla, auto-enabled fabric-convention-tags-v2, currently enabled: [vanilla, aspengrove, fabric-api, fabric-api-base, fabric-api-lookup-api-v1, fabric-biome-api-v1, fabric-block-api-v1, fabric-block-getter-api-v2, fabric-client-gametest-api-v1, fabric-command-api-v2, fabric-content-registries-v0, fabric-convention-tags-v2]
[21:39:54] [Render thread/DEBUG] (net.fabricmc.fabric.impl.resource.pack.ModPackResourcesUtil) [Fabric] cur @ vanilla, auto-enabled fabric-crash-report-info-v1, currently enabled: [vanilla, aspengrove, fabric-api, fabric-api-base, fabric-api-lookup-api-v1, fabric-biome-api-v1, fabric-block-api-v1, fabric-block-getter-api-v2, fabric-client-gametest-api-v1, fabric-command-api-v2, fabric-content-registries-v0, fabric-convention-tags-v2, fabric-crash-report-info-v1]
[21:39:54] [Render thread/DEBUG] (net.fabricmc.fabric.impl.resource.pack.ModPackResourcesUtil) [Fabric] cur @ vanilla, auto-enabled fabric-creative-tab-api-v1, currently enabled: [vanilla, aspengrove, fabric-api, fabric-api-base, fabric-api-lookup-api-v1, fabric-biome-api-v1, fabric-block-api-v1, fabric-block-getter-api-v2, fabric-client-gametest-api-v1, fabric-command-api-v2, fabric-content-registries-v0, fabric-convention-tags-v2, fabric-crash-report-info-v1, fabric-creative-tab-api-v1]
[21:39:54] [Render thread/DEBUG] (net.fabricmc.fabric.impl.resource.pack.ModPackResourcesUtil) [Fabric] cur @ vanilla, auto-enabled fabric-data-attachment-api-v1, currently enabled: [vanilla, aspengrove, fabric-api, fabric-api-base, fabric-api-lookup-api-v1, fabric-biome-api-v1, fabric-block-api-v1, fabric-block-getter-api-v2, fabric-client-gametest-api-v1, fabric-command-api-v2, fabric-content-registries-v0, fabric-convention-tags-v2, fabric-crash-report-info-v1, fabric-creative-tab-api-v1, fabric-data-attachment-api-v1]
[21:39:54] [Render thread/DEBUG] (net.fabricmc.fabric.impl.resource.pack.ModPackResourcesUtil) [Fabric] cur @ vanilla, auto-enabled fabric-data-generation-api-v1, currently enabled: [vanilla, aspengrove, fabric-api, fabric-api-base, fabric-api-lookup-api-v1, fabric-biome-api-v1, fabric-block-api-v1, fabric-block-getter-api-v2, fabric-client-gametest-api-v1, fabric-command-api-v2, fabric-content-registries-v0, fabric-convention-tags-v2, fabric-crash-report-info-v1, fabric-creative-tab-api-v1, fabric-data-attachment-api-v1, fabric-data-generation-api-v1]
[21:39:54] [Render thread/DEBUG] (net.fabricmc.fabric.impl.resource.pack.ModPackResourcesUtil) [Fabric] cur @ vanilla, auto-enabled fabric-debug-api-v1, currently enabled: [vanilla, aspengrove, fabric-api, fabric-api-base, fabric-api-lookup-api-v1, fabric-biome-api-v1, fabric-block-api-v1, fabric-block-getter-api-v2, fabric-client-gametest-api-v1, fabric-command-api-v2, fabric-content-registries-v0, fabric-convention-tags-v2, fabric-crash-report-info-v1, fabric-creative-tab-api-v1, fabric-data-attachment-api-v1, fabric-data-generation-api-v1, fabric-debug-api-v1]
[21:39:54] [Render thread/DEBUG] (net.fabricmc.fabric.impl.resource.pack.ModPackResourcesUtil) [Fabric] cur @ vanilla, auto-enabled fabric-dimensions-v1, currently enabled: [vanilla, aspengrove, fabric-api, fabric-api-base, fabric-api-lookup-api-v1, fabric-biome-api-v1, fabric-block-api-v1, fabric-block-getter-api-v2, fabric-client-gametest-api-v1, fabric-command-api-v2, fabric-content-registries-v0, fabric-convention-tags-v2, fabric-crash-report-info-v1, fabric-creative-tab-api-v1, fabric-data-attachment-api-v1, fabric-data-generation-api-v1, fabric-debug-api-v1, fabric-dimensions-v1]
[21:39:54] [Render thread/DEBUG] (net.fabricmc.fabric.impl.resource.pack.ModPackResourcesUtil) [Fabric] cur @ vanilla, auto-enabled fabric-entity-events-v1, currently enabled: [vanilla, aspengrove, fabric-api, fabric-api-base, fabric-api-lookup-api-v1, fabric-biome-api-v1, fabric-block-api-v1, fabric-block-getter-api-v2, fabric-client-gametest-api-v1, fabric-command-api-v2, fabric-content-registries-v0, fabric-convention-tags-v2, fabric-crash-report-info-v1, fabric-creative-tab-api-v1, fabric-data-attachment-api-v1, fabric-data-generation-api-v1, fabric-debug-api-v1, fabric-dimensions-v1, fabric-entity-events-v1]
[21:39:54] [Render thread/DEBUG] (net.fabricmc.fabric.impl.resource.pack.ModPackResourcesUtil) [Fabric] cur @ vanilla, auto-enabled fabric-events-interaction-v0, currently enabled: [vanilla, aspengrove, fabric-api, fabric-api-base, fabric-api-lookup-api-v1, fabric-biome-api-v1, fabric-block-api-v1, fabric-block-getter-api-v2, fabric-client-gametest-api-v1, fabric-command-api-v2, fabric-content-registries-v0, fabric-convention-tags-v2, fabric-crash-report-info-v1, fabric-creative-tab-api-v1, fabric-data-attachment-api-v1, fabric-data-generation-api-v1, fabric-debug-api-v1, fabric-dimensions-v1, fabric-entity-events-v1, fabric-events-interaction-v0]
[21:39:54] [Render thread/DEBUG] (net.fabricmc.fabric.impl.resource.pack.ModPackResourcesUtil) [Fabric] cur @ vanilla, auto-enabled fabric-game-rule-api-v1, currently enabled: [vanilla, aspengrove, fabric-api, fabric-api-base, fabric-api-lookup-api-v1, fabric-biome-api-v1, fabric-block-api-v1, fabric-block-getter-api-v2, fabric-client-gametest-api-v1, fabric-command-api-v2, fabric-content-registries-v0, fabric-convention-tags-v2, fabric-crash-report-info-v1, fabric-creative-tab-api-v1, fabric-data-attachment-api-v1, fabric-data-generation-api-v1, fabric-debug-api-v1, fabric-dimensions-v1, fabric-entity-events-v1, fabric-events-interaction-v0, fabric-game-rule-api-v1]
[21:39:54] [Render thread/DEBUG] (net.fabricmc.fabric.impl.resource.pack.ModPackResourcesUtil) [Fabric] cur @ vanilla, auto-enabled fabric-gametest-api-v1, currently enabled: [vanilla, aspengrove, fabric-api, fabric-api-base, fabric-api-lookup-api-v1, fabric-biome-api-v1, fabric-block-api-v1, fabric-block-getter-api-v2, fabric-client-gametest-api-v1, fabric-command-api-v2, fabric-content-registries-v0, fabric-convention-tags-v2, fabric-crash-report-info-v1, fabric-creative-tab-api-v1, fabric-data-attachment-api-v1, fabric-data-generation-api-v1, fabric-debug-api-v1, fabric-dimensions-v1, fabric-entity-events-v1, fabric-events-interaction-v0, fabric-game-rule-api-v1, fabric-gametest-api-v1]
[21:39:54] [Render thread/DEBUG] (net.fabricmc.fabric.impl.resource.pack.ModPackResourcesUtil) [Fabric] cur @ vanilla, auto-enabled fabric-item-api-v1, currently enabled: [vanilla, aspengrove, fabric-api, fabric-api-base, fabric-api-lookup-api-v1, fabric-biome-api-v1, fabric-block-api-v1, fabric-block-getter-api-v2, fabric-client-gametest-api-v1, fabric-command-api-v2, fabric-content-registries-v0, fabric-convention-tags-v2, fabric-crash-report-info-v1, fabric-creative-tab-api-v1, fabric-data-attachment-api-v1, fabric-data-generation-api-v1, fabric-debug-api-v1, fabric-dimensions-v1, fabric-entity-events-v1, fabric-events-interaction-v0, fabric-game-rule-api-v1, fabric-gametest-api-v1, fabric-item-api-v1]
[21:39:54] [Render thread/DEBUG] (net.fabricmc.fabric.impl.resource.pack.ModPackResourcesUtil) [Fabric] cur @ vanilla, auto-enabled fabric-key-mapping-api-v1, currently enabled: [vanilla, aspengrove, fabric-api, fabric-api-base, fabric-api-lookup-api-v1, fabric-biome-api-v1, fabric-block-api-v1, fabric-block-getter-api-v2, fabric-client-gametest-api-v1, fabric-command-api-v2, fabric-content-registries-v0, fabric-convention-tags-v2, fabric-crash-report-info-v1, fabric-creative-tab-api-v1, fabric-data-attachment-api-v1, fabric-data-generation-api-v1, fabric-debug-api-v1, fabric-dimensions-v1, fabric-entity-events-v1, fabric-events-interaction-v0, fabric-game-rule-api-v1, fabric-gametest-api-v1, fabric-item-api-v1, fabric-key-mapping-api-v1]
[21:39:54] [Render thread/DEBUG] (net.fabricmc.fabric.impl.resource.pack.ModPackResourcesUtil) [Fabric] cur @ vanilla, auto-enabled fabric-lifecycle-events-v1, currently enabled: [vanilla, aspengrove, fabric-api, fabric-api-base, fabric-api-lookup-api-v1, fabric-biome-api-v1, fabric-block-api-v1, fabric-block-getter-api-v2, fabric-client-gametest-api-v1, fabric-command-api-v2, fabric-content-registries-v0, fabric-convention-tags-v2, fabric-crash-report-info-v1, fabric-creative-tab-api-v1, fabric-data-attachment-api-v1, fabric-data-generation-api-v1, fabric-debug-api-v1, fabric-dimensions-v1, fabric-entity-events-v1, fabric-events-interaction-v0, fabric-game-rule-api-v1, fabric-gametest-api-v1, fabric-item-api-v1, fabric-key-mapping-api-v1, fabric-lifecycle-events-v1]
[21:39:54] [Render thread/DEBUG] (net.fabricmc.fabric.impl.resource.pack.ModPackResourcesUtil) [Fabric] cur @ vanilla, auto-enabled fabric-loot-api-v3, currently enabled: [vanilla, aspengrove, fabric-api, fabric-api-base, fabric-api-lookup-api-v1, fabric-biome-api-v1, fabric-block-api-v1, fabric-block-getter-api-v2, fabric-client-gametest-api-v1, fabric-command-api-v2, fabric-content-registries-v0, fabric-convention-tags-v2, fabric-crash-report-info-v1, fabric-creative-tab-api-v1, fabric-data-attachment-api-v1, fabric-data-generation-api-v1, fabric-debug-api-v1, fabric-dimensions-v1, fabric-entity-events-v1, fabric-events-interaction-v0, fabric-game-rule-api-v1, fabric-gametest-api-v1, fabric-item-api-v1, fabric-key-mapping-api-v1, fabric-lifecycle-events-v1, fabric-loot-api-v3]
[21:39:54] [Render thread/DEBUG] (net.fabricmc.fabric.impl.resource.pack.ModPackResourcesUtil) [Fabric] cur @ vanilla, auto-enabled fabric-menu-api-v1, currently enabled: [vanilla, aspengrove, fabric-api, fabric-api-base, fabric-api-lookup-api-v1, fabric-biome-api-v1, fabric-block-api-v1, fabric-block-getter-api-v2, fabric-client-gametest-api-v1, fabric-command-api-v2, fabric-content-registries-v0, fabric-convention-tags-v2, fabric-crash-report-info-v1, fabric-creative-tab-api-v1, fabric-data-attachment-api-v1, fabric-data-generation-api-v1, fabric-debug-api-v1, fabric-dimensions-v1, fabric-entity-events-v1, fabric-events-interaction-v0, fabric-game-rule-api-v1, fabric-gametest-api-v1, fabric-item-api-v1, fabric-key-mapping-api-v1, fabric-lifecycle-events-v1, fabric-loot-api-v3, fabric-menu-api-v1]
[21:39:54] [Render thread/DEBUG] (net.fabricmc.fabric.impl.resource.pack.ModPackResourcesUtil) [Fabric] cur @ vanilla, auto-enabled fabric-message-api-v1, currently enabled: [vanilla, aspengrove, fabric-api, fabric-api-base, fabric-api-lookup-api-v1, fabric-biome-api-v1, fabric-block-api-v1, fabric-block-getter-api-v2, fabric-client-gametest-api-v1, fabric-command-api-v2, fabric-content-registries-v0, fabric-convention-tags-v2, fabric-crash-report-info-v1, fabric-creative-tab-api-v1, fabric-data-attachment-api-v1, fabric-data-generation-api-v1, fabric-debug-api-v1, fabric-dimensions-v1, fabric-entity-events-v1, fabric-events-interaction-v0, fabric-game-rule-api-v1, fabric-gametest-api-v1, fabric-item-api-v1, fabric-key-mapping-api-v1, fabric-lifecycle-events-v1, fabric-loot-api-v3, fabric-menu-api-v1, fabric-message-api-v1]
[21:39:54] [Render thread/DEBUG] (net.fabricmc.fabric.impl.resource.pack.ModPackResourcesUtil) [Fabric] cur @ vanilla, auto-enabled fabric-model-loading-api-v1, currently enabled: [vanilla, aspengrove, fabric-api, fabric-api-base, fabric-api-lookup-api-v1, fabric-biome-api-v1, fabric-block-api-v1, fabric-block-getter-api-v2, fabric-client-gametest-api-v1, fabric-command-api-v2, fabric-content-registries-v0, fabric-convention-tags-v2, fabric-crash-report-info-v1, fabric-creative-tab-api-v1, fabric-data-attachment-api-v1, fabric-data-generation-api-v1, fabric-debug-api-v1, fabric-dimensions-v1, fabric-entity-events-v1, fabric-events-interaction-v0, fabric-game-rule-api-v1, fabric-gametest-api-v1, fabric-item-api-v1, fabric-key-mapping-api-v1, fabric-lifecycle-events-v1, fabric-loot-api-v3, fabric-menu-api-v1, fabric-message-api-v1, fabric-model-loading-api-v1]
[21:39:54] [Render thread/DEBUG] (net.fabricmc.fabric.impl.resource.pack.ModPackResourcesUtil) [Fabric] cur @ vanilla, auto-enabled fabric-networking-api-v1, currently enabled: [vanilla, aspengrove, fabric-api, fabric-api-base, fabric-api-lookup-api-v1, fabric-biome-api-v1, fabric-block-api-v1, fabric-block-getter-api-v2, fabric-client-gametest-api-v1, fabric-command-api-v2, fabric-content-registries-v0, fabric-convention-tags-v2, fabric-crash-report-info-v1, fabric-creative-tab-api-v1, fabric-data-attachment-api-v1, fabric-data-generation-api-v1, fabric-debug-api-v1, fabric-dimensions-v1, fabric-entity-events-v1, fabric-events-interaction-v0, fabric-game-rule-api-v1, fabric-gametest-api-v1, fabric-item-api-v1, fabric-key-mapping-api-v1, fabric-lifecycle-events-v1, fabric-loot-api-v3, fabric-menu-api-v1, fabric-message-api-v1, fabric-model-loading-api-v1, fabric-networking-api-v1]
[21:39:54] [Render thread/DEBUG] (net.fabricmc.fabric.impl.resource.pack.ModPackResourcesUtil) [Fabric] cur @ vanilla, auto-enabled fabric-object-builder-api-v1, currently enabled: [vanilla, aspengrove, fabric-api, fabric-api-base, fabric-api-lookup-api-v1, fabric-biome-api-v1, fabric-block-api-v1, fabric-block-getter-api-v2, fabric-client-gametest-api-v1, fabric-command-api-v2, fabric-content-registries-v0, fabric-convention-tags-v2, fabric-crash-report-info-v1, fabric-creative-tab-api-v1, fabric-data-attachment-api-v1, fabric-data-generation-api-v1, fabric-debug-api-v1, fabric-dimensions-v1, fabric-entity-events-v1, fabric-events-interaction-v0, fabric-game-rule-api-v1, fabric-gametest-api-v1, fabric-item-api-v1, fabric-key-mapping-api-v1, fabric-lifecycle-events-v1, fabric-loot-api-v3, fabric-menu-api-v1, fabric-message-api-v1, fabric-model-loading-api-v1, fabric-networking-api-v1, fabric-object-builder-api-v1]
[21:39:54] [Render thread/DEBUG] (net.fabricmc.fabric.impl.resource.pack.ModPackResourcesUtil) [Fabric] cur @ vanilla, auto-enabled fabric-particles-v1, currently enabled: [vanilla, aspengrove, fabric-api, fabric-api-base, fabric-api-lookup-api-v1, fabric-biome-api-v1, fabric-block-api-v1, fabric-block-getter-api-v2, fabric-client-gametest-api-v1, fabric-command-api-v2, fabric-content-registries-v0, fabric-convention-tags-v2, fabric-crash-report-info-v1, fabric-creative-tab-api-v1, fabric-data-attachment-api-v1, fabric-data-generation-api-v1, fabric-debug-api-v1, fabric-dimensions-v1, fabric-entity-events-v1, fabric-events-interaction-v0, fabric-game-rule-api-v1, fabric-gametest-api-v1, fabric-item-api-v1, fabric-key-mapping-api-v1, fabric-lifecycle-events-v1, fabric-loot-api-v3, fabric-menu-api-v1, fabric-message-api-v1, fabric-model-loading-api-v1, fabric-networking-api-v1, fabric-object-builder-api-v1, fabric-particles-v1]
[21:39:54] [Render thread/DEBUG] (net.fabricmc.fabric.impl.resource.pack.ModPackResourcesUtil) [Fabric] cur @ vanilla, auto-enabled fabric-permission-api-v1, currently enabled: [vanilla, aspengrove, fabric-api, fabric-api-base, fabric-api-lookup-api-v1, fabric-biome-api-v1, fabric-block-api-v1, fabric-block-getter-api-v2, fabric-client-gametest-api-v1, fabric-command-api-v2, fabric-content-registries-v0, fabric-convention-tags-v2, fabric-crash-report-info-v1, fabric-creative-tab-api-v1, fabric-data-attachment-api-v1, fabric-data-generation-api-v1, fabric-debug-api-v1, fabric-dimensions-v1, fabric-entity-events-v1, fabric-events-interaction-v0, fabric-game-rule-api-v1, fabric-gametest-api-v1, fabric-item-api-v1, fabric-key-mapping-api-v1, fabric-lifecycle-events-v1, fabric-loot-api-v3, fabric-menu-api-v1, fabric-message-api-v1, fabric-model-loading-api-v1, fabric-networking-api-v1, fabric-object-builder-api-v1, fabric-particles-v1, fabric-permission-api-v1]
[21:39:54] [Render thread/DEBUG] (net.fabricmc.fabric.impl.resource.pack.ModPackResourcesUtil) [Fabric] cur @ vanilla, auto-enabled fabric-recipe-api-v1, currently enabled: [vanilla, aspengrove, fabric-api, fabric-api-base, fabric-api-lookup-api-v1, fabric-biome-api-v1, fabric-block-api-v1, fabric-block-getter-api-v2, fabric-client-gametest-api-v1, fabric-command-api-v2, fabric-content-registries-v0, fabric-convention-tags-v2, fabric-crash-report-info-v1, fabric-creative-tab-api-v1, fabric-data-attachment-api-v1, fabric-data-generation-api-v1, fabric-debug-api-v1, fabric-dimensions-v1, fabric-entity-events-v1, fabric-events-interaction-v0, fabric-game-rule-api-v1, fabric-gametest-api-v1, fabric-item-api-v1, fabric-key-mapping-api-v1, fabric-lifecycle-events-v1, fabric-loot-api-v3, fabric-menu-api-v1, fabric-message-api-v1, fabric-model-loading-api-v1, fabric-networking-api-v1, fabric-object-builder-api-v1, fabric-particles-v1, fabric-permission-api-v1, fabric-recipe-api-v1]
[21:39:54] [Render thread/DEBUG] (net.fabricmc.fabric.impl.resource.pack.ModPackResourcesUtil) [Fabric] cur @ vanilla, auto-enabled fabric-registry-sync-v0, currently enabled: [vanilla, aspengrove, fabric-api, fabric-api-base, fabric-api-lookup-api-v1, fabric-biome-api-v1, fabric-block-api-v1, fabric-block-getter-api-v2, fabric-client-gametest-api-v1, fabric-command-api-v2, fabric-content-registries-v0, fabric-convention-tags-v2, fabric-crash-report-info-v1, fabric-creative-tab-api-v1, fabric-data-attachment-api-v1, fabric-data-generation-api-v1, fabric-debug-api-v1, fabric-dimensions-v1, fabric-entity-events-v1, fabric-events-interaction-v0, fabric-game-rule-api-v1, fabric-gametest-api-v1, fabric-item-api-v1, fabric-key-mapping-api-v1, fabric-lifecycle-events-v1, fabric-loot-api-v3, fabric-menu-api-v1, fabric-message-api-v1, fabric-model-loading-api-v1, fabric-networking-api-v1, fabric-object-builder-api-v1, fabric-particles-v1, fabric-permission-api-v1, fabric-recipe-api-v1, fabric-registry-sync-v0]
[21:39:54] [Render thread/DEBUG] (net.fabricmc.fabric.impl.resource.pack.ModPackResourcesUtil) [Fabric] cur @ vanilla, auto-enabled fabric-renderer-api-v1, currently enabled: [vanilla, aspengrove, fabric-api, fabric-api-base, fabric-api-lookup-api-v1, fabric-biome-api-v1, fabric-block-api-v1, fabric-block-getter-api-v2, fabric-client-gametest-api-v1, fabric-command-api-v2, fabric-content-registries-v0, fabric-convention-tags-v2, fabric-crash-report-info-v1, fabric-creative-tab-api-v1, fabric-data-attachment-api-v1, fabric-data-generation-api-v1, fabric-debug-api-v1, fabric-dimensions-v1, fabric-entity-events-v1, fabric-events-interaction-v0, fabric-game-rule-api-v1, fabric-gametest-api-v1, fabric-item-api-v1, fabric-key-mapping-api-v1, fabric-lifecycle-events-v1, fabric-loot-api-v3, fabric-menu-api-v1, fabric-message-api-v1, fabric-model-loading-api-v1, fabric-networking-api-v1, fabric-object-builder-api-v1, fabric-particles-v1, fabric-permission-api-v1, fabric-recipe-api-v1, fabric-registry-sync-v0, fabric-renderer-api-v1]
[21:39:54] [Render thread/DEBUG] (net.fabricmc.fabric.impl.resource.pack.ModPackResourcesUtil) [Fabric] cur @ vanilla, auto-enabled fabric-renderer-indigo, currently enabled: [vanilla, aspengrove, fabric-api, fabric-api-base, fabric-api-lookup-api-v1, fabric-biome-api-v1, fabric-block-api-v1, fabric-block-getter-api-v2, fabric-client-gametest-api-v1, fabric-command-api-v2, fabric-content-registries-v0, fabric-convention-tags-v2, fabric-crash-report-info-v1, fabric-creative-tab-api-v1, fabric-data-attachment-api-v1, fabric-data-generation-api-v1, fabric-debug-api-v1, fabric-dimensions-v1, fabric-entity-events-v1, fabric-events-interaction-v0, fabric-game-rule-api-v1, fabric-gametest-api-v1, fabric-item-api-v1, fabric-key-mapping-api-v1, fabric-lifecycle-events-v1, fabric-loot-api-v3, fabric-menu-api-v1, fabric-message-api-v1, fabric-model-loading-api-v1, fabric-networking-api-v1, fabric-object-builder-api-v1, fabric-particles-v1, fabric-permission-api-v1, fabric-recipe-api-v1, fabric-registry-sync-v0, fabric-renderer-api-v1, fabric-renderer-indigo]
[21:39:54] [Render thread/DEBUG] (net.fabricmc.fabric.impl.resource.pack.ModPackResourcesUtil) [Fabric] cur @ vanilla, auto-enabled fabric-rendering-fluids-v1, currently enabled: [vanilla, aspengrove, fabric-api, fabric-api-base, fabric-api-lookup-api-v1, fabric-biome-api-v1, fabric-block-api-v1, fabric-block-getter-api-v2, fabric-client-gametest-api-v1, fabric-command-api-v2, fabric-content-registries-v0, fabric-convention-tags-v2, fabric-crash-report-info-v1, fabric-creative-tab-api-v1, fabric-data-attachment-api-v1, fabric-data-generation-api-v1, fabric-debug-api-v1, fabric-dimensions-v1, fabric-entity-events-v1, fabric-events-interaction-v0, fabric-game-rule-api-v1, fabric-gametest-api-v1, fabric-item-api-v1, fabric-key-mapping-api-v1, fabric-lifecycle-events-v1, fabric-loot-api-v3, fabric-menu-api-v1, fabric-message-api-v1, fabric-model-loading-api-v1, fabric-networking-api-v1, fabric-object-builder-api-v1, fabric-particles-v1, fabric-permission-api-v1, fabric-recipe-api-v1, fabric-registry-sync-v0, fabric-renderer-api-v1, fabric-renderer-indigo, fabric-rendering-fluids-v1]
[21:39:54] [Render thread/DEBUG] (net.fabricmc.fabric.impl.resource.pack.ModPackResourcesUtil) [Fabric] cur @ vanilla, auto-enabled fabric-rendering-v1, currently enabled: [vanilla, aspengrove, fabric-api, fabric-api-base, fabric-api-lookup-api-v1, fabric-biome-api-v1, fabric-block-api-v1, fabric-block-getter-api-v2, fabric-client-gametest-api-v1, fabric-command-api-v2, fabric-content-registries-v0, fabric-convention-tags-v2, fabric-crash-report-info-v1, fabric-creative-tab-api-v1, fabric-data-attachment-api-v1, fabric-data-generation-api-v1, fabric-debug-api-v1, fabric-dimensions-v1, fabric-entity-events-v1, fabric-events-interaction-v0, fabric-game-rule-api-v1, fabric-gametest-api-v1, fabric-item-api-v1, fabric-key-mapping-api-v1, fabric-lifecycle-events-v1, fabric-loot-api-v3, fabric-menu-api-v1, fabric-message-api-v1, fabric-model-loading-api-v1, fabric-networking-api-v1, fabric-object-builder-api-v1, fabric-particles-v1, fabric-permission-api-v1, fabric-recipe-api-v1, fabric-registry-sync-v0, fabric-renderer-api-v1, fabric-renderer-indigo, fabric-rendering-fluids-v1, fabric-rendering-v1]
[21:39:54] [Render thread/DEBUG] (net.fabricmc.fabric.impl.resource.pack.ModPackResourcesUtil) [Fabric] cur @ vanilla, auto-enabled fabric-resource-conditions-api-v1, currently enabled: [vanilla, aspengrove, fabric-api, fabric-api-base, fabric-api-lookup-api-v1, fabric-biome-api-v1, fabric-block-api-v1, fabric-block-getter-api-v2, fabric-client-gametest-api-v1, fabric-command-api-v2, fabric-content-registries-v0, fabric-convention-tags-v2, fabric-crash-report-info-v1, fabric-creative-tab-api-v1, fabric-data-attachment-api-v1, fabric-data-generation-api-v1, fabric-debug-api-v1, fabric-dimensions-v1, fabric-entity-events-v1, fabric-events-interaction-v0, fabric-game-rule-api-v1, fabric-gametest-api-v1, fabric-item-api-v1, fabric-key-mapping-api-v1, fabric-lifecycle-events-v1, fabric-loot-api-v3, fabric-menu-api-v1, fabric-message-api-v1, fabric-model-loading-api-v1, fabric-networking-api-v1, fabric-object-builder-api-v1, fabric-particles-v1, fabric-permission-api-v1, fabric-recipe-api-v1, fabric-registry-sync-v0, fabric-renderer-api-v1, fabric-renderer-indigo, fabric-rendering-fluids-v1, fabric-rendering-v1, fabric-resource-conditions-api-v1]
[21:39:54] [Render thread/DEBUG] (net.fabricmc.fabric.impl.resource.pack.ModPackResourcesUtil) [Fabric] cur @ vanilla, auto-enabled fabric-resource-loader-v0, currently enabled: [vanilla, aspengrove, fabric-api, fabric-api-base, fabric-api-lookup-api-v1, fabric-biome-api-v1, fabric-block-api-v1, fabric-block-getter-api-v2, fabric-client-gametest-api-v1, fabric-command-api-v2, fabric-content-registries-v0, fabric-convention-tags-v2, fabric-crash-report-info-v1, fabric-creative-tab-api-v1, fabric-data-attachment-api-v1, fabric-data-generation-api-v1, fabric-debug-api-v1, fabric-dimensions-v1, fabric-entity-events-v1, fabric-events-interaction-v0, fabric-game-rule-api-v1, fabric-gametest-api-v1, fabric-item-api-v1, fabric-key-mapping-api-v1, fabric-lifecycle-events-v1, fabric-loot-api-v3, fabric-menu-api-v1, fabric-message-api-v1, fabric-model-loading-api-v1, fabric-networking-api-v1, fabric-object-builder-api-v1, fabric-particles-v1, fabric-permission-api-v1, fabric-recipe-api-v1, fabric-registry-sync-v0, fabric-renderer-api-v1, fabric-renderer-indigo, fabric-rendering-fluids-v1, fabric-rendering-v1, fabric-resource-conditions-api-v1, fabric-resource-loader-v0]
[21:39:54] [Render thread/DEBUG] (net.fabricmc.fabric.impl.resource.pack.ModPackResourcesUtil) [Fabric] cur @ vanilla, auto-enabled fabric-resource-loader-v1, currently enabled: [vanilla, aspengrove, fabric-api, fabric-api-base, fabric-api-lookup-api-v1, fabric-biome-api-v1, fabric-block-api-v1, fabric-block-getter-api-v2, fabric-client-gametest-api-v1, fabric-command-api-v2, fabric-content-registries-v0, fabric-convention-tags-v2, fabric-crash-report-info-v1, fabric-creative-tab-api-v1, fabric-data-attachment-api-v1, fabric-data-generation-api-v1, fabric-debug-api-v1, fabric-dimensions-v1, fabric-entity-events-v1, fabric-events-interaction-v0, fabric-game-rule-api-v1, fabric-gametest-api-v1, fabric-item-api-v1, fabric-key-mapping-api-v1, fabric-lifecycle-events-v1, fabric-loot-api-v3, fabric-menu-api-v1, fabric-message-api-v1, fabric-model-loading-api-v1, fabric-networking-api-v1, fabric-object-builder-api-v1, fabric-particles-v1, fabric-permission-api-v1, fabric-recipe-api-v1, fabric-registry-sync-v0, fabric-renderer-api-v1, fabric-renderer-indigo, fabric-rendering-fluids-v1, fabric-rendering-v1, fabric-resource-conditions-api-v1, fabric-resource-loader-v0, fabric-resource-loader-v1]
[21:39:54] [Render thread/DEBUG] (net.fabricmc.fabric.impl.resource.pack.ModPackResourcesUtil) [Fabric] cur @ vanilla, auto-enabled fabric-screen-api-v1, currently enabled: [vanilla, aspengrove, fabric-api, fabric-api-base, fabric-api-lookup-api-v1, fabric-biome-api-v1, fabric-block-api-v1, fabric-block-getter-api-v2, fabric-client-gametest-api-v1, fabric-command-api-v2, fabric-content-registries-v0, fabric-convention-tags-v2, fabric-crash-report-info-v1, fabric-creative-tab-api-v1, fabric-data-attachment-api-v1, fabric-data-generation-api-v1, fabric-debug-api-v1, fabric-dimensions-v1, fabric-entity-events-v1, fabric-events-interaction-v0, fabric-game-rule-api-v1, fabric-gametest-api-v1, fabric-item-api-v1, fabric-key-mapping-api-v1, fabric-lifecycle-events-v1, fabric-loot-api-v3, fabric-menu-api-v1, fabric-message-api-v1, fabric-model-loading-api-v1, fabric-networking-api-v1, fabric-object-builder-api-v1, fabric-particles-v1, fabric-permission-api-v1, fabric-recipe-api-v1, fabric-registry-sync-v0, fabric-renderer-api-v1, fabric-renderer-indigo, fabric-rendering-fluids-v1, fabric-rendering-v1, fabric-resource-conditions-api-v1, fabric-resource-loader-v0, fabric-resource-loader-v1, fabric-screen-api-v1]
[21:39:54] [Render thread/DEBUG] (net.fabricmc.fabric.impl.resource.pack.ModPackResourcesUtil) [Fabric] cur @ vanilla, auto-enabled fabric-serialization-api-v1, currently enabled: [vanilla, aspengrove, fabric-api, fabric-api-base, fabric-api-lookup-api-v1, fabric-biome-api-v1, fabric-block-api-v1, fabric-block-getter-api-v2, fabric-client-gametest-api-v1, fabric-command-api-v2, fabric-content-registries-v0, fabric-convention-tags-v2, fabric-crash-report-info-v1, fabric-creative-tab-api-v1, fabric-data-attachment-api-v1, fabric-data-generation-api-v1, fabric-debug-api-v1, fabric-dimensions-v1, fabric-entity-events-v1, fabric-events-interaction-v0, fabric-game-rule-api-v1, fabric-gametest-api-v1, fabric-item-api-v1, fabric-key-mapping-api-v1, fabric-lifecycle-events-v1, fabric-loot-api-v3, fabric-menu-api-v1, fabric-message-api-v1, fabric-model-loading-api-v1, fabric-networking-api-v1, fabric-object-builder-api-v1, fabric-particles-v1, fabric-permission-api-v1, fabric-recipe-api-v1, fabric-registry-sync-v0, fabric-renderer-api-v1, fabric-renderer-indigo, fabric-rendering-fluids-v1, fabric-rendering-v1, fabric-resource-conditions-api-v1, fabric-resource-loader-v0, fabric-resource-loader-v1, fabric-screen-api-v1, fabric-serialization-api-v1]
[21:39:54] [Render thread/DEBUG] (net.fabricmc.fabric.impl.resource.pack.ModPackResourcesUtil) [Fabric] cur @ vanilla, auto-enabled fabric-sound-api-v1, currently enabled: [vanilla, aspengrove, fabric-api, fabric-api-base, fabric-api-lookup-api-v1, fabric-biome-api-v1, fabric-block-api-v1, fabric-block-getter-api-v2, fabric-client-gametest-api-v1, fabric-command-api-v2, fabric-content-registries-v0, fabric-convention-tags-v2, fabric-crash-report-info-v1, fabric-creative-tab-api-v1, fabric-data-attachment-api-v1, fabric-data-generation-api-v1, fabric-debug-api-v1, fabric-dimensions-v1, fabric-entity-events-v1, fabric-events-interaction-v0, fabric-game-rule-api-v1, fabric-gametest-api-v1, fabric-item-api-v1, fabric-key-mapping-api-v1, fabric-lifecycle-events-v1, fabric-loot-api-v3, fabric-menu-api-v1, fabric-message-api-v1, fabric-model-loading-api-v1, fabric-networking-api-v1, fabric-object-builder-api-v1, fabric-particles-v1, fabric-permission-api-v1, fabric-recipe-api-v1, fabric-registry-sync-v0, fabric-renderer-api-v1, fabric-renderer-indigo, fabric-rendering-fluids-v1, fabric-rendering-v1, fabric-resource-conditions-api-v1, fabric-resource-loader-v0, fabric-resource-loader-v1, fabric-screen-api-v1, fabric-serialization-api-v1, fabric-sound-api-v1]
[21:39:54] [Render thread/DEBUG] (net.fabricmc.fabric.impl.resource.pack.ModPackResourcesUtil) [Fabric] cur @ vanilla, auto-enabled fabric-tag-api-v1, currently enabled: [vanilla, aspengrove, fabric-api, fabric-api-base, fabric-api-lookup-api-v1, fabric-biome-api-v1, fabric-block-api-v1, fabric-block-getter-api-v2, fabric-client-gametest-api-v1, fabric-command-api-v2, fabric-content-registries-v0, fabric-convention-tags-v2, fabric-crash-report-info-v1, fabric-creative-tab-api-v1, fabric-data-attachment-api-v1, fabric-data-generation-api-v1, fabric-debug-api-v1, fabric-dimensions-v1, fabric-entity-events-v1, fabric-events-interaction-v0, fabric-game-rule-api-v1, fabric-gametest-api-v1, fabric-item-api-v1, fabric-key-mapping-api-v1, fabric-lifecycle-events-v1, fabric-loot-api-v3, fabric-menu-api-v1, fabric-message-api-v1, fabric-model-loading-api-v1, fabric-networking-api-v1, fabric-object-builder-api-v1, fabric-particles-v1, fabric-permission-api-v1, fabric-recipe-api-v1, fabric-registry-sync-v0, fabric-renderer-api-v1, fabric-renderer-indigo, fabric-rendering-fluids-v1, fabric-rendering-v1, fabric-resource-conditions-api-v1, fabric-resource-loader-v0, fabric-resource-loader-v1, fabric-screen-api-v1, fabric-serialization-api-v1, fabric-sound-api-v1, fabric-tag-api-v1]
[21:39:54] [Render thread/DEBUG] (net.fabricmc.fabric.impl.resource.pack.ModPackResourcesUtil) [Fabric] cur @ vanilla, auto-enabled fabric-transfer-api-v1, currently enabled: [vanilla, aspengrove, fabric-api, fabric-api-base, fabric-api-lookup-api-v1, fabric-biome-api-v1, fabric-block-api-v1, fabric-block-getter-api-v2, fabric-client-gametest-api-v1, fabric-command-api-v2, fabric-content-registries-v0, fabric-convention-tags-v2, fabric-crash-report-info-v1, fabric-creative-tab-api-v1, fabric-data-attachment-api-v1, fabric-data-generation-api-v1, fabric-debug-api-v1, fabric-dimensions-v1, fabric-entity-events-v1, fabric-events-interaction-v0, fabric-game-rule-api-v1, fabric-gametest-api-v1, fabric-item-api-v1, fabric-key-mapping-api-v1, fabric-lifecycle-events-v1, fabric-loot-api-v3, fabric-menu-api-v1, fabric-message-api-v1, fabric-model-loading-api-v1, fabric-networking-api-v1, fabric-object-builder-api-v1, fabric-particles-v1, fabric-permission-api-v1, fabric-recipe-api-v1, fabric-registry-sync-v0, fabric-renderer-api-v1, fabric-renderer-indigo, fabric-rendering-fluids-v1, fabric-rendering-v1, fabric-resource-conditions-api-v1, fabric-resource-loader-v0, fabric-resource-loader-v1, fabric-screen-api-v1, fabric-serialization-api-v1, fabric-sound-api-v1, fabric-tag-api-v1, fabric-transfer-api-v1]
[21:39:54] [Render thread/DEBUG] (net.fabricmc.fabric.impl.resource.pack.ModPackResourcesUtil) [Fabric] cur @ vanilla, auto-enabled fabric-transitive-access-wideners-v1, currently enabled: [vanilla, aspengrove, fabric-api, fabric-api-base, fabric-api-lookup-api-v1, fabric-biome-api-v1, fabric-block-api-v1, fabric-block-getter-api-v2, fabric-client-gametest-api-v1, fabric-command-api-v2, fabric-content-registries-v0, fabric-convention-tags-v2, fabric-crash-report-info-v1, fabric-creative-tab-api-v1, fabric-data-attachment-api-v1, fabric-data-generation-api-v1, fabric-debug-api-v1, fabric-dimensions-v1, fabric-entity-events-v1, fabric-events-interaction-v0, fabric-game-rule-api-v1, fabric-gametest-api-v1, fabric-item-api-v1, fabric-key-mapping-api-v1, fabric-lifecycle-events-v1, fabric-loot-api-v3, fabric-menu-api-v1, fabric-message-api-v1, fabric-model-loading-api-v1, fabric-networking-api-v1, fabric-object-builder-api-v1, fabric-particles-v1, fabric-permission-api-v1, fabric-recipe-api-v1, fabric-registry-sync-v0, fabric-renderer-api-v1, fabric-renderer-indigo, fabric-rendering-fluids-v1, fabric-rendering-v1, fabric-resource-conditions-api-v1, fabric-resource-loader-v0, fabric-resource-loader-v1, fabric-screen-api-v1, fabric-serialization-api-v1, fabric-sound-api-v1, fabric-tag-api-v1, fabric-transfer-api-v1, fabric-transitive-access-wideners-v1]
[21:39:54] [Render thread/DEBUG] (net.fabricmc.fabric.impl.resource.pack.ModPackResourcesUtil) [Fabric] cur @ vanilla, auto-enabled fabricloader, currently enabled: [vanilla, aspengrove, fabric-api, fabric-api-base, fabric-api-lookup-api-v1, fabric-biome-api-v1, fabric-block-api-v1, fabric-block-getter-api-v2, fabric-client-gametest-api-v1, fabric-command-api-v2, fabric-content-registries-v0, fabric-convention-tags-v2, fabric-crash-report-info-v1, fabric-creative-tab-api-v1, fabric-data-attachment-api-v1, fabric-data-generation-api-v1, fabric-debug-api-v1, fabric-dimensions-v1, fabric-entity-events-v1, fabric-events-interaction-v0, fabric-game-rule-api-v1, fabric-gametest-api-v1, fabric-item-api-v1, fabric-key-mapping-api-v1, fabric-lifecycle-events-v1, fabric-loot-api-v3, fabric-menu-api-v1, fabric-message-api-v1, fabric-model-loading-api-v1, fabric-networking-api-v1, fabric-object-builder-api-v1, fabric-particles-v1, fabric-permission-api-v1, fabric-recipe-api-v1, fabric-registry-sync-v0, fabric-renderer-api-v1, fabric-renderer-indigo, fabric-rendering-fluids-v1, fabric-rendering-v1, fabric-resource-conditions-api-v1, fabric-resource-loader-v0, fabric-resource-loader-v1, fabric-screen-api-v1, fabric-serialization-api-v1, fabric-sound-api-v1, fabric-tag-api-v1, fabric-transfer-api-v1, fabric-transitive-access-wideners-v1, fabricloader]
[21:39:54] [Render thread/DEBUG] (net.fabricmc.fabric.impl.resource.pack.ModPackResourcesUtil) [Fabric] Final sorting result: [vanilla, aspengrove, fabric-api, fabric-api-base, fabric-api-lookup-api-v1, fabric-biome-api-v1, fabric-block-api-v1, fabric-block-getter-api-v2, fabric-client-gametest-api-v1, fabric-command-api-v2, fabric-content-registries-v0, fabric-convention-tags-v2, fabric-crash-report-info-v1, fabric-creative-tab-api-v1, fabric-data-attachment-api-v1, fabric-data-generation-api-v1, fabric-debug-api-v1, fabric-dimensions-v1, fabric-entity-events-v1, fabric-events-interaction-v0, fabric-game-rule-api-v1, fabric-gametest-api-v1, fabric-item-api-v1, fabric-key-mapping-api-v1, fabric-lifecycle-events-v1, fabric-loot-api-v3, fabric-menu-api-v1, fabric-message-api-v1, fabric-model-loading-api-v1, fabric-networking-api-v1, fabric-object-builder-api-v1, fabric-particles-v1, fabric-permission-api-v1, fabric-recipe-api-v1, fabric-registry-sync-v0, fabric-renderer-api-v1, fabric-renderer-indigo, fabric-rendering-fluids-v1, fabric-rendering-v1, fabric-resource-conditions-api-v1, fabric-resource-loader-v0, fabric-resource-loader-v1, fabric-screen-api-v1, fabric-serialization-api-v1, fabric-sound-api-v1, fabric-tag-api-v1, fabric-transfer-api-v1, fabric-transitive-access-wideners-v1, fabricloader]
[21:39:54] [Render thread/DEBUG] (net.fabricmc.fabric.impl.resource.pack.ModPackResourcesUtil) [Fabric] Starting internal pack sorting with: [vanilla, aspengrove, fabric-api, fabric-api-base, fabric-api-lookup-api-v1, fabric-biome-api-v1, fabric-block-api-v1, fabric-block-getter-api-v2, fabric-client-gametest-api-v1, fabric-command-api-v2, fabric-content-registries-v0, fabric-convention-tags-v2, fabric-crash-report-info-v1, fabric-creative-tab-api-v1, fabric-creative-tab-api-v1_programmer_art, fabric-data-attachment-api-v1, fabric-data-generation-api-v1, fabric-debug-api-v1, fabric-dimensions-v1, fabric-entity-events-v1, fabric-events-interaction-v0, fabric-game-rule-api-v1, fabric-gametest-api-v1, fabric-item-api-v1, fabric-key-mapping-api-v1, fabric-lifecycle-events-v1, fabric-loot-api-v3, fabric-menu-api-v1, fabric-message-api-v1, fabric-model-loading-api-v1, fabric-networking-api-v1, fabric-object-builder-api-v1, fabric-particles-v1, fabric-permission-api-v1, fabric-recipe-api-v1, fabric-registry-sync-v0, fabric-renderer-api-v1, fabric-renderer-indigo, fabric-rendering-fluids-v1, fabric-rendering-v1, fabric-resource-conditions-api-v1, fabric-resource-loader-v0, fabric-resource-loader-v1, fabric-screen-api-v1, fabric-serialization-api-v1, fabric-sound-api-v1, fabric-tag-api-v1, fabric-transfer-api-v1, fabric-transitive-access-wideners-v1, fabricloader]
[21:39:54] [Render thread/DEBUG] (net.fabricmc.fabric.impl.resource.pack.ModPackResourcesUtil) [Fabric] Removed all internal packs, result: [vanilla]
[21:39:54] [Render thread/DEBUG] (net.fabricmc.fabric.impl.resource.pack.ModPackResourcesUtil) [Fabric] cur @ vanilla, auto-enabled aspengrove, currently enabled: [vanilla, aspengrove]
[21:39:54] [Render thread/DEBUG] (net.fabricmc.fabric.impl.resource.pack.ModPackResourcesUtil) [Fabric] cur @ vanilla, auto-enabled fabric-api, currently enabled: [vanilla, aspengrove, fabric-api]
[21:39:54] [Render thread/DEBUG] (net.fabricmc.fabric.impl.resource.pack.ModPackResourcesUtil) [Fabric] cur @ vanilla, auto-enabled fabric-api-base, currently enabled: [vanilla, aspengrove, fabric-api, fabric-api-base]
[21:39:54] [Render thread/DEBUG] (net.fabricmc.fabric.impl.resource.pack.ModPackResourcesUtil) [Fabric] cur @ vanilla, auto-enabled fabric-api-lookup-api-v1, currently enabled: [vanilla, aspengrove, fabric-api, fabric-api-base, fabric-api-lookup-api-v1]
[21:39:54] [Render thread/DEBUG] (net.fabricmc.fabric.impl.resource.pack.ModPackResourcesUtil) [Fabric] cur @ vanilla, auto-enabled fabric-biome-api-v1, currently enabled: [vanilla, aspengrove, fabric-api, fabric-api-base, fabric-api-lookup-api-v1, fabric-biome-api-v1]
[21:39:54] [Render thread/DEBUG] (net.fabricmc.fabric.impl.resource.pack.ModPackResourcesUtil) [Fabric] cur @ vanilla, auto-enabled fabric-block-api-v1, currently enabled: [vanilla, aspengrove, fabric-api, fabric-api-base, fabric-api-lookup-api-v1, fabric-biome-api-v1, fabric-block-api-v1]
[21:39:54] [Render thread/DEBUG] (net.fabricmc.fabric.impl.resource.pack.ModPackResourcesUtil) [Fabric] cur @ vanilla, auto-enabled fabric-block-getter-api-v2, currently enabled: [vanilla, aspengrove, fabric-api, fabric-api-base, fabric-api-lookup-api-v1, fabric-biome-api-v1, fabric-block-api-v1, fabric-block-getter-api-v2]
[21:39:54] [Render thread/DEBUG] (net.fabricmc.fabric.impl.resource.pack.ModPackResourcesUtil) [Fabric] cur @ vanilla, auto-enabled fabric-client-gametest-api-v1, currently enabled: [vanilla, aspengrove, fabric-api, fabric-api-base, fabric-api-lookup-api-v1, fabric-biome-api-v1, fabric-block-api-v1, fabric-block-getter-api-v2, fabric-client-gametest-api-v1]
[21:39:54] [Render thread/DEBUG] (net.fabricmc.fabric.impl.resource.pack.ModPackResourcesUtil) [Fabric] cur @ vanilla, auto-enabled fabric-command-api-v2, currently enabled: [vanilla, aspengrove, fabric-api, fabric-api-base, fabric-api-lookup-api-v1, fabric-biome-api-v1, fabric-block-api-v1, fabric-block-getter-api-v2, fabric-client-gametest-api-v1, fabric-command-api-v2]
[21:39:54] [Render thread/DEBUG] (net.fabricmc.fabric.impl.resource.pack.ModPackResourcesUtil) [Fabric] cur @ vanilla, auto-enabled fabric-content-registries-v0, currently enabled: [vanilla, aspengrove, fabric-api, fabric-api-base, fabric-api-lookup-api-v1, fabric-biome-api-v1, fabric-block-api-v1, fabric-block-getter-api-v2, fabric-client-gametest-api-v1, fabric-command-api-v2, fabric-content-registries-v0]
[21:39:54] [Render thread/DEBUG] (net.fabricmc.fabric.impl.resource.pack.ModPackResourcesUtil) [Fabric] cur @ vanilla, auto-enabled fabric-convention-tags-v2, currently enabled: [vanilla, aspengrove, fabric-api, fabric-api-base, fabric-api-lookup-api-v1, fabric-biome-api-v1, fabric-block-api-v1, fabric-block-getter-api-v2, fabric-client-gametest-api-v1, fabric-command-api-v2, fabric-content-registries-v0, fabric-convention-tags-v2]
[21:39:54] [Render thread/DEBUG] (net.fabricmc.fabric.impl.resource.pack.ModPackResourcesUtil) [Fabric] cur @ vanilla, auto-enabled fabric-crash-report-info-v1, currently enabled: [vanilla, aspengrove, fabric-api, fabric-api-base, fabric-api-lookup-api-v1, fabric-biome-api-v1, fabric-block-api-v1, fabric-block-getter-api-v2, fabric-client-gametest-api-v1, fabric-command-api-v2, fabric-content-registries-v0, fabric-convention-tags-v2, fabric-crash-report-info-v1]
[21:39:54] [Render thread/DEBUG] (net.fabricmc.fabric.impl.resource.pack.ModPackResourcesUtil) [Fabric] cur @ vanilla, auto-enabled fabric-creative-tab-api-v1, currently enabled: [vanilla, aspengrove, fabric-api, fabric-api-base, fabric-api-lookup-api-v1, fabric-biome-api-v1, fabric-block-api-v1, fabric-block-getter-api-v2, fabric-client-gametest-api-v1, fabric-command-api-v2, fabric-content-registries-v0, fabric-convention-tags-v2, fabric-crash-report-info-v1, fabric-creative-tab-api-v1]
[21:39:54] [Render thread/DEBUG] (net.fabricmc.fabric.impl.resource.pack.ModPackResourcesUtil) [Fabric] cur @ vanilla, auto-enabled fabric-data-attachment-api-v1, currently enabled: [vanilla, aspengrove, fabric-api, fabric-api-base, fabric-api-lookup-api-v1, fabric-biome-api-v1, fabric-block-api-v1, fabric-block-getter-api-v2, fabric-client-gametest-api-v1, fabric-command-api-v2, fabric-content-registries-v0, fabric-convention-tags-v2, fabric-crash-report-info-v1, fabric-creative-tab-api-v1, fabric-data-attachment-api-v1]
[21:39:54] [Render thread/DEBUG] (net.fabricmc.fabric.impl.resource.pack.ModPackResourcesUtil) [Fabric] cur @ vanilla, auto-enabled fabric-data-generation-api-v1, currently enabled: [vanilla, aspengrove, fabric-api, fabric-api-base, fabric-api-lookup-api-v1, fabric-biome-api-v1, fabric-block-api-v1, fabric-block-getter-api-v2, fabric-client-gametest-api-v1, fabric-command-api-v2, fabric-content-registries-v0, fabric-convention-tags-v2, fabric-crash-report-info-v1, fabric-creative-tab-api-v1, fabric-data-attachment-api-v1, fabric-data-generation-api-v1]
[21:39:54] [Render thread/DEBUG] (net.fabricmc.fabric.impl.resource.pack.ModPackResourcesUtil) [Fabric] cur @ vanilla, auto-enabled fabric-debug-api-v1, currently enabled: [vanilla, aspengrove, fabric-api, fabric-api-base, fabric-api-lookup-api-v1, fabric-biome-api-v1, fabric-block-api-v1, fabric-block-getter-api-v2, fabric-client-gametest-api-v1, fabric-command-api-v2, fabric-content-registries-v0, fabric-convention-tags-v2, fabric-crash-report-info-v1, fabric-creative-tab-api-v1, fabric-data-attachment-api-v1, fabric-data-generation-api-v1, fabric-debug-api-v1]
[21:39:54] [Render thread/DEBUG] (net.fabricmc.fabric.impl.resource.pack.ModPackResourcesUtil) [Fabric] cur @ vanilla, auto-enabled fabric-dimensions-v1, currently enabled: [vanilla, aspengrove, fabric-api, fabric-api-base, fabric-api-lookup-api-v1, fabric-biome-api-v1, fabric-block-api-v1, fabric-block-getter-api-v2, fabric-client-gametest-api-v1, fabric-command-api-v2, fabric-content-registries-v0, fabric-convention-tags-v2, fabric-crash-report-info-v1, fabric-creative-tab-api-v1, fabric-data-attachment-api-v1, fabric-data-generation-api-v1, fabric-debug-api-v1, fabric-dimensions-v1]
[21:39:54] [Render thread/DEBUG] (net.fabricmc.fabric.impl.resource.pack.ModPackResourcesUtil) [Fabric] cur @ vanilla, auto-enabled fabric-entity-events-v1, currently enabled: [vanilla, aspengrove, fabric-api, fabric-api-base, fabric-api-lookup-api-v1, fabric-biome-api-v1, fabric-block-api-v1, fabric-block-getter-api-v2, fabric-client-gametest-api-v1, fabric-command-api-v2, fabric-content-registries-v0, fabric-convention-tags-v2, fabric-crash-report-info-v1, fabric-creative-tab-api-v1, fabric-data-attachment-api-v1, fabric-data-generation-api-v1, fabric-debug-api-v1, fabric-dimensions-v1, fabric-entity-events-v1]
[21:39:54] [Render thread/DEBUG] (net.fabricmc.fabric.impl.resource.pack.ModPackResourcesUtil) [Fabric] cur @ vanilla, auto-enabled fabric-events-interaction-v0, currently enabled: [vanilla, aspengrove, fabric-api, fabric-api-base, fabric-api-lookup-api-v1, fabric-biome-api-v1, fabric-block-api-v1, fabric-block-getter-api-v2, fabric-client-gametest-api-v1, fabric-command-api-v2, fabric-content-registries-v0, fabric-convention-tags-v2, fabric-crash-report-info-v1, fabric-creative-tab-api-v1, fabric-data-attachment-api-v1, fabric-data-generation-api-v1, fabric-debug-api-v1, fabric-dimensions-v1, fabric-entity-events-v1, fabric-events-interaction-v0]
[21:39:54] [Render thread/DEBUG] (net.fabricmc.fabric.impl.resource.pack.ModPackResourcesUtil) [Fabric] cur @ vanilla, auto-enabled fabric-game-rule-api-v1, currently enabled: [vanilla, aspengrove, fabric-api, fabric-api-base, fabric-api-lookup-api-v1, fabric-biome-api-v1, fabric-block-api-v1, fabric-block-getter-api-v2, fabric-client-gametest-api-v1, fabric-command-api-v2, fabric-content-registries-v0, fabric-convention-tags-v2, fabric-crash-report-info-v1, fabric-creative-tab-api-v1, fabric-data-attachment-api-v1, fabric-data-generation-api-v1, fabric-debug-api-v1, fabric-dimensions-v1, fabric-entity-events-v1, fabric-events-interaction-v0, fabric-game-rule-api-v1]
[21:39:54] [Render thread/DEBUG] (net.fabricmc.fabric.impl.resource.pack.ModPackResourcesUtil) [Fabric] cur @ vanilla, auto-enabled fabric-gametest-api-v1, currently enabled: [vanilla, aspengrove, fabric-api, fabric-api-base, fabric-api-lookup-api-v1, fabric-biome-api-v1, fabric-block-api-v1, fabric-block-getter-api-v2, fabric-client-gametest-api-v1, fabric-command-api-v2, fabric-content-registries-v0, fabric-convention-tags-v2, fabric-crash-report-info-v1, fabric-creative-tab-api-v1, fabric-data-attachment-api-v1, fabric-data-generation-api-v1, fabric-debug-api-v1, fabric-dimensions-v1, fabric-entity-events-v1, fabric-events-interaction-v0, fabric-game-rule-api-v1, fabric-gametest-api-v1]
[21:39:54] [Render thread/DEBUG] (net.fabricmc.fabric.impl.resource.pack.ModPackResourcesUtil) [Fabric] cur @ vanilla, auto-enabled fabric-item-api-v1, currently enabled: [vanilla, aspengrove, fabric-api, fabric-api-base, fabric-api-lookup-api-v1, fabric-biome-api-v1, fabric-block-api-v1, fabric-block-getter-api-v2, fabric-client-gametest-api-v1, fabric-command-api-v2, fabric-content-registries-v0, fabric-convention-tags-v2, fabric-crash-report-info-v1, fabric-creative-tab-api-v1, fabric-data-attachment-api-v1, fabric-data-generation-api-v1, fabric-debug-api-v1, fabric-dimensions-v1, fabric-entity-events-v1, fabric-events-interaction-v0, fabric-game-rule-api-v1, fabric-gametest-api-v1, fabric-item-api-v1]
[21:39:54] [Render thread/DEBUG] (net.fabricmc.fabric.impl.resource.pack.ModPackResourcesUtil) [Fabric] cur @ vanilla, auto-enabled fabric-key-mapping-api-v1, currently enabled: [vanilla, aspengrove, fabric-api, fabric-api-base, fabric-api-lookup-api-v1, fabric-biome-api-v1, fabric-block-api-v1, fabric-block-getter-api-v2, fabric-client-gametest-api-v1, fabric-command-api-v2, fabric-content-registries-v0, fabric-convention-tags-v2, fabric-crash-report-info-v1, fabric-creative-tab-api-v1, fabric-data-attachment-api-v1, fabric-data-generation-api-v1, fabric-debug-api-v1, fabric-dimensions-v1, fabric-entity-events-v1, fabric-events-interaction-v0, fabric-game-rule-api-v1, fabric-gametest-api-v1, fabric-item-api-v1, fabric-key-mapping-api-v1]
[21:39:54] [Render thread/DEBUG] (net.fabricmc.fabric.impl.resource.pack.ModPackResourcesUtil) [Fabric] cur @ vanilla, auto-enabled fabric-lifecycle-events-v1, currently enabled: [vanilla, aspengrove, fabric-api, fabric-api-base, fabric-api-lookup-api-v1, fabric-biome-api-v1, fabric-block-api-v1, fabric-block-getter-api-v2, fabric-client-gametest-api-v1, fabric-command-api-v2, fabric-content-registries-v0, fabric-convention-tags-v2, fabric-crash-report-info-v1, fabric-creative-tab-api-v1, fabric-data-attachment-api-v1, fabric-data-generation-api-v1, fabric-debug-api-v1, fabric-dimensions-v1, fabric-entity-events-v1, fabric-events-interaction-v0, fabric-game-rule-api-v1, fabric-gametest-api-v1, fabric-item-api-v1, fabric-key-mapping-api-v1, fabric-lifecycle-events-v1]
[21:39:54] [Render thread/DEBUG] (net.fabricmc.fabric.impl.resource.pack.ModPackResourcesUtil) [Fabric] cur @ vanilla, auto-enabled fabric-loot-api-v3, currently enabled: [vanilla, aspengrove, fabric-api, fabric-api-base, fabric-api-lookup-api-v1, fabric-biome-api-v1, fabric-block-api-v1, fabric-block-getter-api-v2, fabric-client-gametest-api-v1, fabric-command-api-v2, fabric-content-registries-v0, fabric-convention-tags-v2, fabric-crash-report-info-v1, fabric-creative-tab-api-v1, fabric-data-attachment-api-v1, fabric-data-generation-api-v1, fabric-debug-api-v1, fabric-dimensions-v1, fabric-entity-events-v1, fabric-events-interaction-v0, fabric-game-rule-api-v1, fabric-gametest-api-v1, fabric-item-api-v1, fabric-key-mapping-api-v1, fabric-lifecycle-events-v1, fabric-loot-api-v3]
[21:39:54] [Render thread/DEBUG] (net.fabricmc.fabric.impl.resource.pack.ModPackResourcesUtil) [Fabric] cur @ vanilla, auto-enabled fabric-menu-api-v1, currently enabled: [vanilla, aspengrove, fabric-api, fabric-api-base, fabric-api-lookup-api-v1, fabric-biome-api-v1, fabric-block-api-v1, fabric-block-getter-api-v2, fabric-client-gametest-api-v1, fabric-command-api-v2, fabric-content-registries-v0, fabric-convention-tags-v2, fabric-crash-report-info-v1, fabric-creative-tab-api-v1, fabric-data-attachment-api-v1, fabric-data-generation-api-v1, fabric-debug-api-v1, fabric-dimensions-v1, fabric-entity-events-v1, fabric-events-interaction-v0, fabric-game-rule-api-v1, fabric-gametest-api-v1, fabric-item-api-v1, fabric-key-mapping-api-v1, fabric-lifecycle-events-v1, fabric-loot-api-v3, fabric-menu-api-v1]
[21:39:54] [Render thread/DEBUG] (net.fabricmc.fabric.impl.resource.pack.ModPackResourcesUtil) [Fabric] cur @ vanilla, auto-enabled fabric-message-api-v1, currently enabled: [vanilla, aspengrove, fabric-api, fabric-api-base, fabric-api-lookup-api-v1, fabric-biome-api-v1, fabric-block-api-v1, fabric-block-getter-api-v2, fabric-client-gametest-api-v1, fabric-command-api-v2, fabric-content-registries-v0, fabric-convention-tags-v2, fabric-crash-report-info-v1, fabric-creative-tab-api-v1, fabric-data-attachment-api-v1, fabric-data-generation-api-v1, fabric-debug-api-v1, fabric-dimensions-v1, fabric-entity-events-v1, fabric-events-interaction-v0, fabric-game-rule-api-v1, fabric-gametest-api-v1, fabric-item-api-v1, fabric-key-mapping-api-v1, fabric-lifecycle-events-v1, fabric-loot-api-v3, fabric-menu-api-v1, fabric-message-api-v1]
[21:39:54] [Render thread/DEBUG] (net.fabricmc.fabric.impl.resource.pack.ModPackResourcesUtil) [Fabric] cur @ vanilla, auto-enabled fabric-model-loading-api-v1, currently enabled: [vanilla, aspengrove, fabric-api, fabric-api-base, fabric-api-lookup-api-v1, fabric-biome-api-v1, fabric-block-api-v1, fabric-block-getter-api-v2, fabric-client-gametest-api-v1, fabric-command-api-v2, fabric-content-registries-v0, fabric-convention-tags-v2, fabric-crash-report-info-v1, fabric-creative-tab-api-v1, fabric-data-attachment-api-v1, fabric-data-generation-api-v1, fabric-debug-api-v1, fabric-dimensions-v1, fabric-entity-events-v1, fabric-events-interaction-v0, fabric-game-rule-api-v1, fabric-gametest-api-v1, fabric-item-api-v1, fabric-key-mapping-api-v1, fabric-lifecycle-events-v1, fabric-loot-api-v3, fabric-menu-api-v1, fabric-message-api-v1, fabric-model-loading-api-v1]
[21:39:54] [Render thread/DEBUG] (net.fabricmc.fabric.impl.resource.pack.ModPackResourcesUtil) [Fabric] cur @ vanilla, auto-enabled fabric-networking-api-v1, currently enabled: [vanilla, aspengrove, fabric-api, fabric-api-base, fabric-api-lookup-api-v1, fabric-biome-api-v1, fabric-block-api-v1, fabric-block-getter-api-v2, fabric-client-gametest-api-v1, fabric-command-api-v2, fabric-content-registries-v0, fabric-convention-tags-v2, fabric-crash-report-info-v1, fabric-creative-tab-api-v1, fabric-data-attachment-api-v1, fabric-data-generation-api-v1, fabric-debug-api-v1, fabric-dimensions-v1, fabric-entity-events-v1, fabric-events-interaction-v0, fabric-game-rule-api-v1, fabric-gametest-api-v1, fabric-item-api-v1, fabric-key-mapping-api-v1, fabric-lifecycle-events-v1, fabric-loot-api-v3, fabric-menu-api-v1, fabric-message-api-v1, fabric-model-loading-api-v1, fabric-networking-api-v1]
[21:39:54] [Render thread/DEBUG] (net.fabricmc.fabric.impl.resource.pack.ModPackResourcesUtil) [Fabric] cur @ vanilla, auto-enabled fabric-object-builder-api-v1, currently enabled: [vanilla, aspengrove, fabric-api, fabric-api-base, fabric-api-lookup-api-v1, fabric-biome-api-v1, fabric-block-api-v1, fabric-block-getter-api-v2, fabric-client-gametest-api-v1, fabric-command-api-v2, fabric-content-registries-v0, fabric-convention-tags-v2, fabric-crash-report-info-v1, fabric-creative-tab-api-v1, fabric-data-attachment-api-v1, fabric-data-generation-api-v1, fabric-debug-api-v1, fabric-dimensions-v1, fabric-entity-events-v1, fabric-events-interaction-v0, fabric-game-rule-api-v1, fabric-gametest-api-v1, fabric-item-api-v1, fabric-key-mapping-api-v1, fabric-lifecycle-events-v1, fabric-loot-api-v3, fabric-menu-api-v1, fabric-message-api-v1, fabric-model-loading-api-v1, fabric-networking-api-v1, fabric-object-builder-api-v1]
[21:39:54] [Render thread/DEBUG] (net.fabricmc.fabric.impl.resource.pack.ModPackResourcesUtil) [Fabric] cur @ vanilla, auto-enabled fabric-particles-v1, currently enabled: [vanilla, aspengrove, fabric-api, fabric-api-base, fabric-api-lookup-api-v1, fabric-biome-api-v1, fabric-block-api-v1, fabric-block-getter-api-v2, fabric-client-gametest-api-v1, fabric-command-api-v2, fabric-content-registries-v0, fabric-convention-tags-v2, fabric-crash-report-info-v1, fabric-creative-tab-api-v1, fabric-data-attachment-api-v1, fabric-data-generation-api-v1, fabric-debug-api-v1, fabric-dimensions-v1, fabric-entity-events-v1, fabric-events-interaction-v0, fabric-game-rule-api-v1, fabric-gametest-api-v1, fabric-item-api-v1, fabric-key-mapping-api-v1, fabric-lifecycle-events-v1, fabric-loot-api-v3, fabric-menu-api-v1, fabric-message-api-v1, fabric-model-loading-api-v1, fabric-networking-api-v1, fabric-object-builder-api-v1, fabric-particles-v1]
[21:39:54] [Render thread/DEBUG] (net.fabricmc.fabric.impl.resource.pack.ModPackResourcesUtil) [Fabric] cur @ vanilla, auto-enabled fabric-permission-api-v1, currently enabled: [vanilla, aspengrove, fabric-api, fabric-api-base, fabric-api-lookup-api-v1, fabric-biome-api-v1, fabric-block-api-v1, fabric-block-getter-api-v2, fabric-client-gametest-api-v1, fabric-command-api-v2, fabric-content-registries-v0, fabric-convention-tags-v2, fabric-crash-report-info-v1, fabric-creative-tab-api-v1, fabric-data-attachment-api-v1, fabric-data-generation-api-v1, fabric-debug-api-v1, fabric-dimensions-v1, fabric-entity-events-v1, fabric-events-interaction-v0, fabric-game-rule-api-v1, fabric-gametest-api-v1, fabric-item-api-v1, fabric-key-mapping-api-v1, fabric-lifecycle-events-v1, fabric-loot-api-v3, fabric-menu-api-v1, fabric-message-api-v1, fabric-model-loading-api-v1, fabric-networking-api-v1, fabric-object-builder-api-v1, fabric-particles-v1, fabric-permission-api-v1]
[21:39:54] [Render thread/DEBUG] (net.fabricmc.fabric.impl.resource.pack.ModPackResourcesUtil) [Fabric] cur @ vanilla, auto-enabled fabric-recipe-api-v1, currently enabled: [vanilla, aspengrove, fabric-api, fabric-api-base, fabric-api-lookup-api-v1, fabric-biome-api-v1, fabric-block-api-v1, fabric-block-getter-api-v2, fabric-client-gametest-api-v1, fabric-command-api-v2, fabric-content-registries-v0, fabric-convention-tags-v2, fabric-crash-report-info-v1, fabric-creative-tab-api-v1, fabric-data-attachment-api-v1, fabric-data-generation-api-v1, fabric-debug-api-v1, fabric-dimensions-v1, fabric-entity-events-v1, fabric-events-interaction-v0, fabric-game-rule-api-v1, fabric-gametest-api-v1, fabric-item-api-v1, fabric-key-mapping-api-v1, fabric-lifecycle-events-v1, fabric-loot-api-v3, fabric-menu-api-v1, fabric-message-api-v1, fabric-model-loading-api-v1, fabric-networking-api-v1, fabric-object-builder-api-v1, fabric-particles-v1, fabric-permission-api-v1, fabric-recipe-api-v1]
[21:39:54] [Render thread/DEBUG] (net.fabricmc.fabric.impl.resource.pack.ModPackResourcesUtil) [Fabric] cur @ vanilla, auto-enabled fabric-registry-sync-v0, currently enabled: [vanilla, aspengrove, fabric-api, fabric-api-base, fabric-api-lookup-api-v1, fabric-biome-api-v1, fabric-block-api-v1, fabric-block-getter-api-v2, fabric-client-gametest-api-v1, fabric-command-api-v2, fabric-content-registries-v0, fabric-convention-tags-v2, fabric-crash-report-info-v1, fabric-creative-tab-api-v1, fabric-data-attachment-api-v1, fabric-data-generation-api-v1, fabric-debug-api-v1, fabric-dimensions-v1, fabric-entity-events-v1, fabric-events-interaction-v0, fabric-game-rule-api-v1, fabric-gametest-api-v1, fabric-item-api-v1, fabric-key-mapping-api-v1, fabric-lifecycle-events-v1, fabric-loot-api-v3, fabric-menu-api-v1, fabric-message-api-v1, fabric-model-loading-api-v1, fabric-networking-api-v1, fabric-object-builder-api-v1, fabric-particles-v1, fabric-permission-api-v1, fabric-recipe-api-v1, fabric-registry-sync-v0]
[21:39:54] [Render thread/DEBUG] (net.fabricmc.fabric.impl.resource.pack.ModPackResourcesUtil) [Fabric] cur @ vanilla, auto-enabled fabric-renderer-api-v1, currently enabled: [vanilla, aspengrove, fabric-api, fabric-api-base, fabric-api-lookup-api-v1, fabric-biome-api-v1, fabric-block-api-v1, fabric-block-getter-api-v2, fabric-client-gametest-api-v1, fabric-command-api-v2, fabric-content-registries-v0, fabric-convention-tags-v2, fabric-crash-report-info-v1, fabric-creative-tab-api-v1, fabric-data-attachment-api-v1, fabric-data-generation-api-v1, fabric-debug-api-v1, fabric-dimensions-v1, fabric-entity-events-v1, fabric-events-interaction-v0, fabric-game-rule-api-v1, fabric-gametest-api-v1, fabric-item-api-v1, fabric-key-mapping-api-v1, fabric-lifecycle-events-v1, fabric-loot-api-v3, fabric-menu-api-v1, fabric-message-api-v1, fabric-model-loading-api-v1, fabric-networking-api-v1, fabric-object-builder-api-v1, fabric-particles-v1, fabric-permission-api-v1, fabric-recipe-api-v1, fabric-registry-sync-v0, fabric-renderer-api-v1]
[21:39:54] [Render thread/DEBUG] (net.fabricmc.fabric.impl.resource.pack.ModPackResourcesUtil) [Fabric] cur @ vanilla, auto-enabled fabric-renderer-indigo, currently enabled: [vanilla, aspengrove, fabric-api, fabric-api-base, fabric-api-lookup-api-v1, fabric-biome-api-v1, fabric-block-api-v1, fabric-block-getter-api-v2, fabric-client-gametest-api-v1, fabric-command-api-v2, fabric-content-registries-v0, fabric-convention-tags-v2, fabric-crash-report-info-v1, fabric-creative-tab-api-v1, fabric-data-attachment-api-v1, fabric-data-generation-api-v1, fabric-debug-api-v1, fabric-dimensions-v1, fabric-entity-events-v1, fabric-events-interaction-v0, fabric-game-rule-api-v1, fabric-gametest-api-v1, fabric-item-api-v1, fabric-key-mapping-api-v1, fabric-lifecycle-events-v1, fabric-loot-api-v3, fabric-menu-api-v1, fabric-message-api-v1, fabric-model-loading-api-v1, fabric-networking-api-v1, fabric-object-builder-api-v1, fabric-particles-v1, fabric-permission-api-v1, fabric-recipe-api-v1, fabric-registry-sync-v0, fabric-renderer-api-v1, fabric-renderer-indigo]
[21:39:54] [Render thread/DEBUG] (net.fabricmc.fabric.impl.resource.pack.ModPackResourcesUtil) [Fabric] cur @ vanilla, auto-enabled fabric-rendering-fluids-v1, currently enabled: [vanilla, aspengrove, fabric-api, fabric-api-base, fabric-api-lookup-api-v1, fabric-biome-api-v1, fabric-block-api-v1, fabric-block-getter-api-v2, fabric-client-gametest-api-v1, fabric-command-api-v2, fabric-content-registries-v0, fabric-convention-tags-v2, fabric-crash-report-info-v1, fabric-creative-tab-api-v1, fabric-data-attachment-api-v1, fabric-data-generation-api-v1, fabric-debug-api-v1, fabric-dimensions-v1, fabric-entity-events-v1, fabric-events-interaction-v0, fabric-game-rule-api-v1, fabric-gametest-api-v1, fabric-item-api-v1, fabric-key-mapping-api-v1, fabric-lifecycle-events-v1, fabric-loot-api-v3, fabric-menu-api-v1, fabric-message-api-v1, fabric-model-loading-api-v1, fabric-networking-api-v1, fabric-object-builder-api-v1, fabric-particles-v1, fabric-permission-api-v1, fabric-recipe-api-v1, fabric-registry-sync-v0, fabric-renderer-api-v1, fabric-renderer-indigo, fabric-rendering-fluids-v1]
[21:39:54] [Render thread/DEBUG] (net.fabricmc.fabric.impl.resource.pack.ModPackResourcesUtil) [Fabric] cur @ vanilla, auto-enabled fabric-rendering-v1, currently enabled: [vanilla, aspengrove, fabric-api, fabric-api-base, fabric-api-lookup-api-v1, fabric-biome-api-v1, fabric-block-api-v1, fabric-block-getter-api-v2, fabric-client-gametest-api-v1, fabric-command-api-v2, fabric-content-registries-v0, fabric-convention-tags-v2, fabric-crash-report-info-v1, fabric-creative-tab-api-v1, fabric-data-attachment-api-v1, fabric-data-generation-api-v1, fabric-debug-api-v1, fabric-dimensions-v1, fabric-entity-events-v1, fabric-events-interaction-v0, fabric-game-rule-api-v1, fabric-gametest-api-v1, fabric-item-api-v1, fabric-key-mapping-api-v1, fabric-lifecycle-events-v1, fabric-loot-api-v3, fabric-menu-api-v1, fabric-message-api-v1, fabric-model-loading-api-v1, fabric-networking-api-v1, fabric-object-builder-api-v1, fabric-particles-v1, fabric-permission-api-v1, fabric-recipe-api-v1, fabric-registry-sync-v0, fabric-renderer-api-v1, fabric-renderer-indigo, fabric-rendering-fluids-v1, fabric-rendering-v1]
[21:39:54] [Render thread/DEBUG] (net.fabricmc.fabric.impl.resource.pack.ModPackResourcesUtil) [Fabric] cur @ vanilla, auto-enabled fabric-resource-conditions-api-v1, currently enabled: [vanilla, aspengrove, fabric-api, fabric-api-base, fabric-api-lookup-api-v1, fabric-biome-api-v1, fabric-block-api-v1, fabric-block-getter-api-v2, fabric-client-gametest-api-v1, fabric-command-api-v2, fabric-content-registries-v0, fabric-convention-tags-v2, fabric-crash-report-info-v1, fabric-creative-tab-api-v1, fabric-data-attachment-api-v1, fabric-data-generation-api-v1, fabric-debug-api-v1, fabric-dimensions-v1, fabric-entity-events-v1, fabric-events-interaction-v0, fabric-game-rule-api-v1, fabric-gametest-api-v1, fabric-item-api-v1, fabric-key-mapping-api-v1, fabric-lifecycle-events-v1, fabric-loot-api-v3, fabric-menu-api-v1, fabric-message-api-v1, fabric-model-loading-api-v1, fabric-networking-api-v1, fabric-object-builder-api-v1, fabric-particles-v1, fabric-permission-api-v1, fabric-recipe-api-v1, fabric-registry-sync-v0, fabric-renderer-api-v1, fabric-renderer-indigo, fabric-rendering-fluids-v1, fabric-rendering-v1, fabric-resource-conditions-api-v1]
[21:39:54] [Render thread/DEBUG] (net.fabricmc.fabric.impl.resource.pack.ModPackResourcesUtil) [Fabric] cur @ vanilla, auto-enabled fabric-resource-loader-v0, currently enabled: [vanilla, aspengrove, fabric-api, fabric-api-base, fabric-api-lookup-api-v1, fabric-biome-api-v1, fabric-block-api-v1, fabric-block-getter-api-v2, fabric-client-gametest-api-v1, fabric-command-api-v2, fabric-content-registries-v0, fabric-convention-tags-v2, fabric-crash-report-info-v1, fabric-creative-tab-api-v1, fabric-data-attachment-api-v1, fabric-data-generation-api-v1, fabric-debug-api-v1, fabric-dimensions-v1, fabric-entity-events-v1, fabric-events-interaction-v0, fabric-game-rule-api-v1, fabric-gametest-api-v1, fabric-item-api-v1, fabric-key-mapping-api-v1, fabric-lifecycle-events-v1, fabric-loot-api-v3, fabric-menu-api-v1, fabric-message-api-v1, fabric-model-loading-api-v1, fabric-networking-api-v1, fabric-object-builder-api-v1, fabric-particles-v1, fabric-permission-api-v1, fabric-recipe-api-v1, fabric-registry-sync-v0, fabric-renderer-api-v1, fabric-renderer-indigo, fabric-rendering-fluids-v1, fabric-rendering-v1, fabric-resource-conditions-api-v1, fabric-resource-loader-v0]
[21:39:54] [Render thread/DEBUG] (net.fabricmc.fabric.impl.resource.pack.ModPackResourcesUtil) [Fabric] cur @ vanilla, auto-enabled fabric-resource-loader-v1, currently enabled: [vanilla, aspengrove, fabric-api, fabric-api-base, fabric-api-lookup-api-v1, fabric-biome-api-v1, fabric-block-api-v1, fabric-block-getter-api-v2, fabric-client-gametest-api-v1, fabric-command-api-v2, fabric-content-registries-v0, fabric-convention-tags-v2, fabric-crash-report-info-v1, fabric-creative-tab-api-v1, fabric-data-attachment-api-v1, fabric-data-generation-api-v1, fabric-debug-api-v1, fabric-dimensions-v1, fabric-entity-events-v1, fabric-events-interaction-v0, fabric-game-rule-api-v1, fabric-gametest-api-v1, fabric-item-api-v1, fabric-key-mapping-api-v1, fabric-lifecycle-events-v1, fabric-loot-api-v3, fabric-menu-api-v1, fabric-message-api-v1, fabric-model-loading-api-v1, fabric-networking-api-v1, fabric-object-builder-api-v1, fabric-particles-v1, fabric-permission-api-v1, fabric-recipe-api-v1, fabric-registry-sync-v0, fabric-renderer-api-v1, fabric-renderer-indigo, fabric-rendering-fluids-v1, fabric-rendering-v1, fabric-resource-conditions-api-v1, fabric-resource-loader-v0, fabric-resource-loader-v1]
[21:39:54] [Render thread/DEBUG] (net.fabricmc.fabric.impl.resource.pack.ModPackResourcesUtil) [Fabric] cur @ vanilla, auto-enabled fabric-screen-api-v1, currently enabled: [vanilla, aspengrove, fabric-api, fabric-api-base, fabric-api-lookup-api-v1, fabric-biome-api-v1, fabric-block-api-v1, fabric-block-getter-api-v2, fabric-client-gametest-api-v1, fabric-command-api-v2, fabric-content-registries-v0, fabric-convention-tags-v2, fabric-crash-report-info-v1, fabric-creative-tab-api-v1, fabric-data-attachment-api-v1, fabric-data-generation-api-v1, fabric-debug-api-v1, fabric-dimensions-v1, fabric-entity-events-v1, fabric-events-interaction-v0, fabric-game-rule-api-v1, fabric-gametest-api-v1, fabric-item-api-v1, fabric-key-mapping-api-v1, fabric-lifecycle-events-v1, fabric-loot-api-v3, fabric-menu-api-v1, fabric-message-api-v1, fabric-model-loading-api-v1, fabric-networking-api-v1, fabric-object-builder-api-v1, fabric-particles-v1, fabric-permission-api-v1, fabric-recipe-api-v1, fabric-registry-sync-v0, fabric-renderer-api-v1, fabric-renderer-indigo, fabric-rendering-fluids-v1, fabric-rendering-v1, fabric-resource-conditions-api-v1, fabric-resource-loader-v0, fabric-resource-loader-v1, fabric-screen-api-v1]
[21:39:54] [Render thread/DEBUG] (net.fabricmc.fabric.impl.resource.pack.ModPackResourcesUtil) [Fabric] cur @ vanilla, auto-enabled fabric-serialization-api-v1, currently enabled: [vanilla, aspengrove, fabric-api, fabric-api-base, fabric-api-lookup-api-v1, fabric-biome-api-v1, fabric-block-api-v1, fabric-block-getter-api-v2, fabric-client-gametest-api-v1, fabric-command-api-v2, fabric-content-registries-v0, fabric-convention-tags-v2, fabric-crash-report-info-v1, fabric-creative-tab-api-v1, fabric-data-attachment-api-v1, fabric-data-generation-api-v1, fabric-debug-api-v1, fabric-dimensions-v1, fabric-entity-events-v1, fabric-events-interaction-v0, fabric-game-rule-api-v1, fabric-gametest-api-v1, fabric-item-api-v1, fabric-key-mapping-api-v1, fabric-lifecycle-events-v1, fabric-loot-api-v3, fabric-menu-api-v1, fabric-message-api-v1, fabric-model-loading-api-v1, fabric-networking-api-v1, fabric-object-builder-api-v1, fabric-particles-v1, fabric-permission-api-v1, fabric-recipe-api-v1, fabric-registry-sync-v0, fabric-renderer-api-v1, fabric-renderer-indigo, fabric-rendering-fluids-v1, fabric-rendering-v1, fabric-resource-conditions-api-v1, fabric-resource-loader-v0, fabric-resource-loader-v1, fabric-screen-api-v1, fabric-serialization-api-v1]
[21:39:54] [Render thread/DEBUG] (net.fabricmc.fabric.impl.resource.pack.ModPackResourcesUtil) [Fabric] cur @ vanilla, auto-enabled fabric-sound-api-v1, currently enabled: [vanilla, aspengrove, fabric-api, fabric-api-base, fabric-api-lookup-api-v1, fabric-biome-api-v1, fabric-block-api-v1, fabric-block-getter-api-v2, fabric-client-gametest-api-v1, fabric-command-api-v2, fabric-content-registries-v0, fabric-convention-tags-v2, fabric-crash-report-info-v1, fabric-creative-tab-api-v1, fabric-data-attachment-api-v1, fabric-data-generation-api-v1, fabric-debug-api-v1, fabric-dimensions-v1, fabric-entity-events-v1, fabric-events-interaction-v0, fabric-game-rule-api-v1, fabric-gametest-api-v1, fabric-item-api-v1, fabric-key-mapping-api-v1, fabric-lifecycle-events-v1, fabric-loot-api-v3, fabric-menu-api-v1, fabric-message-api-v1, fabric-model-loading-api-v1, fabric-networking-api-v1, fabric-object-builder-api-v1, fabric-particles-v1, fabric-permission-api-v1, fabric-recipe-api-v1, fabric-registry-sync-v0, fabric-renderer-api-v1, fabric-renderer-indigo, fabric-rendering-fluids-v1, fabric-rendering-v1, fabric-resource-conditions-api-v1, fabric-resource-loader-v0, fabric-resource-loader-v1, fabric-screen-api-v1, fabric-serialization-api-v1, fabric-sound-api-v1]
[21:39:54] [Render thread/DEBUG] (net.fabricmc.fabric.impl.resource.pack.ModPackResourcesUtil) [Fabric] cur @ vanilla, auto-enabled fabric-tag-api-v1, currently enabled: [vanilla, aspengrove, fabric-api, fabric-api-base, fabric-api-lookup-api-v1, fabric-biome-api-v1, fabric-block-api-v1, fabric-block-getter-api-v2, fabric-client-gametest-api-v1, fabric-command-api-v2, fabric-content-registries-v0, fabric-convention-tags-v2, fabric-crash-report-info-v1, fabric-creative-tab-api-v1, fabric-data-attachment-api-v1, fabric-data-generation-api-v1, fabric-debug-api-v1, fabric-dimensions-v1, fabric-entity-events-v1, fabric-events-interaction-v0, fabric-game-rule-api-v1, fabric-gametest-api-v1, fabric-item-api-v1, fabric-key-mapping-api-v1, fabric-lifecycle-events-v1, fabric-loot-api-v3, fabric-menu-api-v1, fabric-message-api-v1, fabric-model-loading-api-v1, fabric-networking-api-v1, fabric-object-builder-api-v1, fabric-particles-v1, fabric-permission-api-v1, fabric-recipe-api-v1, fabric-registry-sync-v0, fabric-renderer-api-v1, fabric-renderer-indigo, fabric-rendering-fluids-v1, fabric-rendering-v1, fabric-resource-conditions-api-v1, fabric-resource-loader-v0, fabric-resource-loader-v1, fabric-screen-api-v1, fabric-serialization-api-v1, fabric-sound-api-v1, fabric-tag-api-v1]
[21:39:54] [Render thread/DEBUG] (net.fabricmc.fabric.impl.resource.pack.ModPackResourcesUtil) [Fabric] cur @ vanilla, auto-enabled fabric-transfer-api-v1, currently enabled: [vanilla, aspengrove, fabric-api, fabric-api-base, fabric-api-lookup-api-v1, fabric-biome-api-v1, fabric-block-api-v1, fabric-block-getter-api-v2, fabric-client-gametest-api-v1, fabric-command-api-v2, fabric-content-registries-v0, fabric-convention-tags-v2, fabric-crash-report-info-v1, fabric-creative-tab-api-v1, fabric-data-attachment-api-v1, fabric-data-generation-api-v1, fabric-debug-api-v1, fabric-dimensions-v1, fabric-entity-events-v1, fabric-events-interaction-v0, fabric-game-rule-api-v1, fabric-gametest-api-v1, fabric-item-api-v1, fabric-key-mapping-api-v1, fabric-lifecycle-events-v1, fabric-loot-api-v3, fabric-menu-api-v1, fabric-message-api-v1, fabric-model-loading-api-v1, fabric-networking-api-v1, fabric-object-builder-api-v1, fabric-particles-v1, fabric-permission-api-v1, fabric-recipe-api-v1, fabric-registry-sync-v0, fabric-renderer-api-v1, fabric-renderer-indigo, fabric-rendering-fluids-v1, fabric-rendering-v1, fabric-resource-conditions-api-v1, fabric-resource-loader-v0, fabric-resource-loader-v1, fabric-screen-api-v1, fabric-serialization-api-v1, fabric-sound-api-v1, fabric-tag-api-v1, fabric-transfer-api-v1]
[21:39:54] [Render thread/DEBUG] (net.fabricmc.fabric.impl.resource.pack.ModPackResourcesUtil) [Fabric] cur @ vanilla, auto-enabled fabric-transitive-access-wideners-v1, currently enabled: [vanilla, aspengrove, fabric-api, fabric-api-base, fabric-api-lookup-api-v1, fabric-biome-api-v1, fabric-block-api-v1, fabric-block-getter-api-v2, fabric-client-gametest-api-v1, fabric-command-api-v2, fabric-content-registries-v0, fabric-convention-tags-v2, fabric-crash-report-info-v1, fabric-creative-tab-api-v1, fabric-data-attachment-api-v1, fabric-data-generation-api-v1, fabric-debug-api-v1, fabric-dimensions-v1, fabric-entity-events-v1, fabric-events-interaction-v0, fabric-game-rule-api-v1, fabric-gametest-api-v1, fabric-item-api-v1, fabric-key-mapping-api-v1, fabric-lifecycle-events-v1, fabric-loot-api-v3, fabric-menu-api-v1, fabric-message-api-v1, fabric-model-loading-api-v1, fabric-networking-api-v1, fabric-object-builder-api-v1, fabric-particles-v1, fabric-permission-api-v1, fabric-recipe-api-v1, fabric-registry-sync-v0, fabric-renderer-api-v1, fabric-renderer-indigo, fabric-rendering-fluids-v1, fabric-rendering-v1, fabric-resource-conditions-api-v1, fabric-resource-loader-v0, fabric-resource-loader-v1, fabric-screen-api-v1, fabric-serialization-api-v1, fabric-sound-api-v1, fabric-tag-api-v1, fabric-transfer-api-v1, fabric-transitive-access-wideners-v1]
[21:39:54] [Render thread/DEBUG] (net.fabricmc.fabric.impl.resource.pack.ModPackResourcesUtil) [Fabric] cur @ vanilla, auto-enabled fabricloader, currently enabled: [vanilla, aspengrove, fabric-api, fabric-api-base, fabric-api-lookup-api-v1, fabric-biome-api-v1, fabric-block-api-v1, fabric-block-getter-api-v2, fabric-client-gametest-api-v1, fabric-command-api-v2, fabric-content-registries-v0, fabric-convention-tags-v2, fabric-crash-report-info-v1, fabric-creative-tab-api-v1, fabric-data-attachment-api-v1, fabric-data-generation-api-v1, fabric-debug-api-v1, fabric-dimensions-v1, fabric-entity-events-v1, fabric-events-interaction-v0, fabric-game-rule-api-v1, fabric-gametest-api-v1, fabric-item-api-v1, fabric-key-mapping-api-v1, fabric-lifecycle-events-v1, fabric-loot-api-v3, fabric-menu-api-v1, fabric-message-api-v1, fabric-model-loading-api-v1, fabric-networking-api-v1, fabric-object-builder-api-v1, fabric-particles-v1, fabric-permission-api-v1, fabric-recipe-api-v1, fabric-registry-sync-v0, fabric-renderer-api-v1, fabric-renderer-indigo, fabric-rendering-fluids-v1, fabric-rendering-v1, fabric-resource-conditions-api-v1, fabric-resource-loader-v0, fabric-resource-loader-v1, fabric-screen-api-v1, fabric-serialization-api-v1, fabric-sound-api-v1, fabric-tag-api-v1, fabric-transfer-api-v1, fabric-transitive-access-wideners-v1, fabricloader]
[21:39:54] [Render thread/DEBUG] (net.fabricmc.fabric.impl.resource.pack.ModPackResourcesUtil) [Fabric] Final sorting result: [vanilla, aspengrove, fabric-api, fabric-api-base, fabric-api-lookup-api-v1, fabric-biome-api-v1, fabric-block-api-v1, fabric-block-getter-api-v2, fabric-client-gametest-api-v1, fabric-command-api-v2, fabric-content-registries-v0, fabric-convention-tags-v2, fabric-crash-report-info-v1, fabric-creative-tab-api-v1, fabric-data-attachment-api-v1, fabric-data-generation-api-v1, fabric-debug-api-v1, fabric-dimensions-v1, fabric-entity-events-v1, fabric-events-interaction-v0, fabric-game-rule-api-v1, fabric-gametest-api-v1, fabric-item-api-v1, fabric-key-mapping-api-v1, fabric-lifecycle-events-v1, fabric-loot-api-v3, fabric-menu-api-v1, fabric-message-api-v1, fabric-model-loading-api-v1, fabric-networking-api-v1, fabric-object-builder-api-v1, fabric-particles-v1, fabric-permission-api-v1, fabric-recipe-api-v1, fabric-registry-sync-v0, fabric-renderer-api-v1, fabric-renderer-indigo, fabric-rendering-fluids-v1, fabric-rendering-v1, fabric-resource-conditions-api-v1, fabric-resource-loader-v0, fabric-resource-loader-v1, fabric-screen-api-v1, fabric-serialization-api-v1, fabric-sound-api-v1, fabric-tag-api-v1, fabric-transfer-api-v1, fabric-transitive-access-wideners-v1, fabricloader]
[21:39:54] [Render thread/DEBUG] (FabricLoader/Mixin) Mixing KeyedClientResourceReloadListenerMixin from fabric-resource-loader-v1.client.mixins.json into net.minecraft.client.resources.language.LanguageManager
[21:39:54] [Render thread/DEBUG] (FabricLoader/Mixin) Mixing ClientLanguageMixin from fabric-resource-loader-v1.client.mixins.json into net.minecraft.client.resources.language.ClientLanguage
[21:39:54] [Render thread/DEBUG] (FabricLoader/Mixin) Mixing KeyedClientResourceReloadListenerMixin from fabric-resource-loader-v1.client.mixins.json into net.minecraft.client.renderer.texture.TextureManager
[21:39:54] [Render thread/DEBUG] (FabricLoader/Mixin) Mixing KeyedClientResourceReloadListenerMixin from fabric-resource-loader-v1.client.mixins.json into net.minecraft.client.renderer.ShaderManager
[21:39:54] [Render thread/DEBUG] (FabricLoader/Mixin) Mixing KeyedClientResourceReloadListenerMixin from fabric-resource-loader-v1.client.mixins.json into net.minecraft.client.sounds.SoundManager
[21:39:54] [Render thread/DEBUG] (FabricLoader/Mixin) Mixing SoundEngineMixin from fabric-sound-api-v1.mixins.json into net.minecraft.client.sounds.SoundEngine
[21:39:54] [Render thread/DEBUG] (com.mojang.blaze3d.audio.Library) Using SOFT_system_events callback for tracking audio device changes
[21:39:54] [Render thread/DEBUG] (FabricLoader/Mixin) Mixing KeyedClientResourceReloadListenerMixin from fabric-resource-loader-v1.client.mixins.json into net.minecraft.client.resources.model.sprite.AtlasManager
[21:39:54] [Render thread/DEBUG] (FabricLoader/Mixin) Mixing AtlasManagerAccessor from fabric-rendering-v1.mixins.json into net.minecraft.client.resources.model.sprite.AtlasManager
[21:39:54] [Render thread/DEBUG] (FabricLoader/Mixin) Renaming @Accessor method getKnownAtlases()Ljava/util/List; to getKnownAtlases$fabric-rendering-v1_$md$17564f$0 in fabric-rendering-v1.mixins.json:AtlasManagerAccessor from mod fabric-rendering-v1
[21:39:54] [Render thread/DEBUG] (FabricLoader/Mixin) Mixing AtlasManagerMixin from fabric-rendering-v1.mixins.json into net.minecraft.client.resources.model.sprite.AtlasManager
[21:39:54] [Render thread/DEBUG] (FabricLoader/Mixin) Mixing sprite.TextureAtlasMixin from fabric-renderer-api-v1.mixins.json into net.minecraft.client.renderer.texture.TextureAtlas
[21:39:54] [Render thread/DEBUG] (FabricLoader/Mixin) fabric-renderer-api-v1.mixins.json:sprite.TextureAtlasMixin from mod fabric-renderer-api-v1->@Inject::uploadHook(Lnet/minecraft/client/renderer/texture/SpriteLoader$Preparations;Lorg/spongepowered/asm/mixin/injection/callback/CallbackInfo;)V doesn't use it's CallbackInfo
[21:39:54] [Render thread/DEBUG] (FabricLoader/Mixin) fabric-renderer-api-v1.mixins.json:sprite.TextureAtlasMixin from mod fabric-renderer-api-v1->@Inject::uploadHook(Lnet/minecraft/client/renderer/texture/SpriteLoader$Preparations;Lorg/spongepowered/asm/mixin/injection/callback/CallbackInfo;)V has 0 override(s) in child classes
[21:39:54] [Render thread/DEBUG] (FabricLoader/Mixin) fabric-renderer-api-v1.mixins.json:sprite.TextureAtlasMixin from mod fabric-renderer-api-v1->@Inject::uploadHook(Lnet/minecraft/client/renderer/texture/SpriteLoader$Preparations;Lorg/spongepowered/asm/mixin/injection/callback/CallbackInfo;)V won't be passed a CallbackInfo as a result
[21:39:54] [Render thread/DEBUG] (FabricLoader/Mixin) Mixing RenderPipelineSnippetMixin from fabric-rendering-v1.mixins.json into com.mojang.renderpearl.api.pipeline.RenderPipeline$Snippet
[21:39:54] [Render thread/DEBUG] (FabricLoader/Mixin) Mixing RenderPipelineMixin from fabric-rendering-v1.mixins.json into com.mojang.renderpearl.api.pipeline.RenderPipeline
[21:39:54] [Render thread/DEBUG] (FabricLoader/Mixin) Mixing RenderPipelineBuilderMixin from fabric-rendering-v1.mixins.json into com.mojang.renderpearl.api.pipeline.RenderPipeline$Builder
[21:39:54] [Render thread/DEBUG] (FabricLoader/Mixin) Renaming synthetic method lambda$copyUsePipelineDrawModeForGuiToSnippet$0(Lcom/llamalad7/mixinextras/injector/wrapoperation/Operation;Ljava/util/Map;Ljava/util/Optional;Ljava/util/Optional;[Lcom/mojang/renderpearl/api/pipeline/ColorTargetState;ILjava/util/Optional;Ljava/util/Optional;Ljava/util/Optional;[Lcom/mojang/renderpearl/api/vertex/VertexFormat;Ljava/util/Optional;I)Lcom/mojang/renderpearl/api/pipeline/RenderPipeline$Snippet; to md17564f$fabric-rendering-v1$lambda$copyUsePipelineDrawModeForGuiToSnippet$0$0 in fabric-rendering-v1.mixins.json:RenderPipelineBuilderMixin from mod fabric-rendering-v1
[21:39:54] [Render thread/DEBUG] (FabricLoader/Mixin) Renaming synthetic method lambda$copyUsePipelineDrawModeForGuiFromSnippet$0(Ljava/lang/Boolean;)V to md17564f$fabric-rendering-v1$lambda$copyUsePipelineDrawModeForGuiFromSnippet$0$1 in fabric-rendering-v1.mixins.json:RenderPipelineBuilderMixin from mod fabric-rendering-v1
[21:39:54] [Render thread/DEBUG] (FabricLoader/Mixin) fabric-rendering-v1.mixins.json:RenderPipelineBuilderMixin from mod fabric-rendering-v1->@Inject::copyUsePipelineDrawModeForGuiFromSnippet(Lcom/mojang/renderpearl/api/pipeline/RenderPipeline$Snippet;Lorg/spongepowered/asm/mixin/injection/callback/CallbackInfoReturnable;)V doesn't use it's CallbackInfoReturnable
[21:39:54] [Render thread/DEBUG] (FabricLoader/Mixin) fabric-rendering-v1.mixins.json:RenderPipelineBuilderMixin from mod fabric-rendering-v1->@Inject::copyUsePipelineDrawModeForGuiFromSnippet(Lcom/mojang/renderpearl/api/pipeline/RenderPipeline$Snippet;Lorg/spongepowered/asm/mixin/injection/callback/CallbackInfoReturnable;)V has 0 override(s) in child classes
[21:39:54] [Render thread/DEBUG] (FabricLoader/Mixin) fabric-rendering-v1.mixins.json:RenderPipelineBuilderMixin from mod fabric-rendering-v1->@Inject::copyUsePipelineDrawModeForGuiFromSnippet(Lcom/mojang/renderpearl/api/pipeline/RenderPipeline$Snippet;Lorg/spongepowered/asm/mixin/injection/callback/CallbackInfoReturnable;)V won't be passed a CallbackInfoReturnable as a result
[21:39:54] [Render thread/DEBUG] (FabricLoader/Mixin) Mixing LevelRendererMixin from fabric-rendering-v1.mixins.json into net.minecraft.client.renderer.LevelRenderer
[21:39:54] [Render thread/DEBUG] (FabricLoader/Mixin) Mixing block.render.LevelRendererMixin from fabric-renderer-api-v1.mixins.json into net.minecraft.client.renderer.LevelRenderer
[21:39:54] [Render thread/DEBUG] (FabricLoader/Mixin) Renaming synthetic method lambda$submitBreakingBlockModelProxy$0(Lnet/minecraft/core/Direction;)Z to md17564f$fabric-renderer-api-v1$lambda$submitBreakingBlockModelProxy$0$0 in fabric-renderer-api-v1.mixins.json:block.render.LevelRendererMixin from mod fabric-renderer-api-v1
[21:39:54] [Render thread/DEBUG] (FabricLoader/Mixin) fabric-rendering-v1.mixins.json:LevelRendererMixin from mod fabric-rendering-v1->@Inject::beforeRender(Lcom/mojang/blaze3d/resource/GraphicsResourceAllocator;ZLnet/minecraft/client/renderer/state/level/CameraRenderState;Lcom/mojang/renderpearl/api/buffers/GpuBufferSlice;Lorg/joml/Vector4f;ZZLorg/spongepowered/asm/mixin/injection/callback/CallbackInfo;)V doesn't use it's CallbackInfo
[21:39:54] [Render thread/DEBUG] (FabricLoader/Mixin) fabric-rendering-v1.mixins.json:LevelRendererMixin from mod fabric-rendering-v1->@Inject::beforeRender(Lcom/mojang/blaze3d/resource/GraphicsResourceAllocator;ZLnet/minecraft/client/renderer/state/level/CameraRenderState;Lcom/mojang/renderpearl/api/buffers/GpuBufferSlice;Lorg/joml/Vector4f;ZZLorg/spongepowered/asm/mixin/injection/callback/CallbackInfo;)V has 0 override(s) in child classes
[21:39:54] [Render thread/DEBUG] (FabricLoader/Mixin) fabric-rendering-v1.mixins.json:LevelRendererMixin from mod fabric-rendering-v1->@Inject::beforeRender(Lcom/mojang/blaze3d/resource/GraphicsResourceAllocator;ZLnet/minecraft/client/renderer/state/level/CameraRenderState;Lcom/mojang/renderpearl/api/buffers/GpuBufferSlice;Lorg/joml/Vector4f;ZZLorg/spongepowered/asm/mixin/injection/callback/CallbackInfo;)V won't be passed a CallbackInfo as a result
[21:39:54] [Render thread/DEBUG] (FabricLoader/Mixin) fabric-rendering-v1.mixins.json:LevelRendererMixin from mod fabric-rendering-v1->@Inject::prepareChunkRenders(Lorg/spongepowered/asm/mixin/injection/callback/CallbackInfoReturnable;)V does use it's CallbackInfoReturnable
[21:39:54] [Render thread/DEBUG] (FabricLoader/Mixin) fabric-rendering-v1.mixins.json:LevelRendererMixin from mod fabric-rendering-v1->@Inject::prepareChunkRenders(Lorg/spongepowered/asm/mixin/injection/callback/CallbackInfoReturnable;)V does use it's CallbackInfoReturnable
[21:39:54] [Render thread/DEBUG] (FabricLoader/Mixin) fabric-rendering-v1.mixins.json:LevelRendererMixin from mod fabric-rendering-v1->@Inject::afterCollectSubmits(Lorg/spongepowered/asm/mixin/injection/callback/CallbackInfo;)V doesn't use it's CallbackInfo
[21:39:54] [Render thread/DEBUG] (FabricLoader/Mixin) fabric-rendering-v1.mixins.json:LevelRendererMixin from mod fabric-rendering-v1->@Inject::afterCollectSubmits(Lorg/spongepowered/asm/mixin/injection/callback/CallbackInfo;)V has 0 override(s) in child classes
[21:39:54] [Render thread/DEBUG] (FabricLoader/Mixin) fabric-rendering-v1.mixins.json:LevelRendererMixin from mod fabric-rendering-v1->@Inject::afterCollectSubmits(Lorg/spongepowered/asm/mixin/injection/callback/CallbackInfo;)V won't be passed a CallbackInfo as a result
[21:39:54] [Render thread/DEBUG] (FabricLoader/Mixin) fabric-rendering-v1.mixins.json:LevelRendererMixin from mod fabric-rendering-v1->@Inject::afterRenderSolidFeatures(Lorg/spongepowered/asm/mixin/injection/callback/CallbackInfo;)V doesn't use it's CallbackInfo
[21:39:54] [Render thread/DEBUG] (FabricLoader/Mixin) fabric-rendering-v1.mixins.json:LevelRendererMixin from mod fabric-rendering-v1->@Inject::afterRenderSolidFeatures(Lorg/spongepowered/asm/mixin/injection/callback/CallbackInfo;)V has 0 override(s) in child classes
[21:39:54] [Render thread/DEBUG] (FabricLoader/Mixin) fabric-rendering-v1.mixins.json:LevelRendererMixin from mod fabric-rendering-v1->@Inject::afterRenderSolidFeatures(Lorg/spongepowered/asm/mixin/injection/callback/CallbackInfo;)V won't be passed a CallbackInfo as a result
[21:39:54] [Render thread/DEBUG] (FabricLoader/Mixin) fabric-rendering-v1.mixins.json:LevelRendererMixin from mod fabric-rendering-v1->@Inject::afterRenderClassicTranslucentFeatures(Lorg/spongepowered/asm/mixin/injection/callback/CallbackInfo;)V doesn't use it's CallbackInfo
[21:39:54] [Render thread/DEBUG] (FabricLoader/Mixin) fabric-rendering-v1.mixins.json:LevelRendererMixin from mod fabric-rendering-v1->@Inject::afterRenderClassicTranslucentFeatures(Lorg/spongepowered/asm/mixin/injection/callback/CallbackInfo;)V has 0 override(s) in child classes
[21:39:54] [Render thread/DEBUG] (FabricLoader/Mixin) fabric-rendering-v1.mixins.json:LevelRendererMixin from mod fabric-rendering-v1->@Inject::afterRenderClassicTranslucentFeatures(Lorg/spongepowered/asm/mixin/injection/callback/CallbackInfo;)V won't be passed a CallbackInfo as a result
[21:39:54] [Render thread/DEBUG] (FabricLoader/Mixin) fabric-rendering-v1.mixins.json:LevelRendererMixin from mod fabric-rendering-v1->@Inject::afterRenderOitTranslucentFeatures(Lorg/spongepowered/asm/mixin/injection/callback/CallbackInfo;)V doesn't use it's CallbackInfo
[21:39:54] [Render thread/DEBUG] (FabricLoader/Mixin) fabric-rendering-v1.mixins.json:LevelRendererMixin from mod fabric-rendering-v1->@Inject::afterRenderOitTranslucentFeatures(Lorg/spongepowered/asm/mixin/injection/callback/CallbackInfo;)V has 0 override(s) in child classes
[21:39:54] [Render thread/DEBUG] (FabricLoader/Mixin) fabric-rendering-v1.mixins.json:LevelRendererMixin from mod fabric-rendering-v1->@Inject::afterRenderOitTranslucentFeatures(Lorg/spongepowered/asm/mixin/injection/callback/CallbackInfo;)V won't be passed a CallbackInfo as a result
[21:39:54] [Render thread/DEBUG] (FabricLoader/Mixin) fabric-rendering-v1.mixins.json:LevelRendererMixin from mod fabric-rendering-v1->@Inject::beforeRenderBlockOutline(Lcom/mojang/blaze3d/vertex/PoseStack;Lnet/minecraft/client/renderer/SubmitNodeCollector;Lnet/minecraft/client/renderer/state/level/LevelRenderState;Lorg/spongepowered/asm/mixin/injection/callback/CallbackInfo;)V does use it's CallbackInfo
[21:39:54] [Render thread/DEBUG] (FabricLoader/Mixin) fabric-rendering-v1.mixins.json:LevelRendererMixin from mod fabric-rendering-v1->@Inject::beforeCollectGizmos(Lorg/spongepowered/asm/mixin/injection/callback/CallbackInfo;)V doesn't use it's CallbackInfo
[21:39:54] [Render thread/DEBUG] (FabricLoader/Mixin) fabric-rendering-v1.mixins.json:LevelRendererMixin from mod fabric-rendering-v1->@Inject::beforeCollectGizmos(Lorg/spongepowered/asm/mixin/injection/callback/CallbackInfo;)V has 0 override(s) in child classes
[21:39:54] [Render thread/DEBUG] (FabricLoader/Mixin) fabric-rendering-v1.mixins.json:LevelRendererMixin from mod fabric-rendering-v1->@Inject::beforeCollectGizmos(Lorg/spongepowered/asm/mixin/injection/callback/CallbackInfo;)V won't be passed a CallbackInfo as a result
[21:39:54] [Render thread/DEBUG] (FabricLoader/Mixin) fabric-rendering-v1.mixins.json:LevelRendererMixin from mod fabric-rendering-v1->@Inject::endMainRender(Lorg/spongepowered/asm/mixin/injection/callback/CallbackInfo;)V doesn't use it's CallbackInfo
[21:39:54] [Render thread/DEBUG] (FabricLoader/Mixin) fabric-rendering-v1.mixins.json:LevelRendererMixin from mod fabric-rendering-v1->@Inject::endMainRender(Lorg/spongepowered/asm/mixin/injection/callback/CallbackInfo;)V has 0 override(s) in child classes
[21:39:54] [Render thread/DEBUG] (FabricLoader/Mixin) fabric-rendering-v1.mixins.json:LevelRendererMixin from mod fabric-rendering-v1->@Inject::endMainRender(Lorg/spongepowered/asm/mixin/injection/callback/CallbackInfo;)V won't be passed a CallbackInfo as a result
[21:39:54] [Render thread/DEBUG] (FabricLoader/Mixin) fabric-renderer-api-v1.mixins.json:block.render.LevelRendererMixin from mod fabric-renderer-api-v1->@Inject::beforeCreateRandom(Lorg/spongepowered/asm/mixin/injection/callback/CallbackInfo;)V doesn't use it's CallbackInfo
[21:39:54] [Render thread/DEBUG] (FabricLoader/Mixin) fabric-renderer-api-v1.mixins.json:block.render.LevelRendererMixin from mod fabric-renderer-api-v1->@Inject::beforeCreateRandom(Lorg/spongepowered/asm/mixin/injection/callback/CallbackInfo;)V has 0 override(s) in child classes
[21:39:54] [Render thread/DEBUG] (FabricLoader/Mixin) fabric-renderer-api-v1.mixins.json:block.render.LevelRendererMixin from mod fabric-renderer-api-v1->@Inject::beforeCreateRandom(Lorg/spongepowered/asm/mixin/injection/callback/CallbackInfo;)V won't be passed a CallbackInfo as a result
[21:39:54] [Render thread/DEBUG] (FabricLoader/Mixin) Mixing submit.OrderedSubmitNodeCollectorMixin from fabric-renderer-api-v1.mixins.json into net.minecraft.client.renderer.OrderedSubmitNodeCollector
[21:39:54] [Render thread/DEBUG] (FabricLoader/Mixin) Mixing ItemFeatureRendererAccessor from fabric-renderer-indigo.mixins.json into net.minecraft.client.renderer.feature.ItemFeatureRenderer
[21:39:54] [Render thread/DEBUG] (FabricLoader/Mixin) Renaming @Invoker method fabric_computeFoilDecalPose(Lnet/minecraft/world/item/ItemDisplayContext;Lcom/mojang/blaze3d/vertex/PoseStack$Pose;)Lcom/mojang/blaze3d/vertex/PoseStack$Pose; to fabric_computeFoilDecalPose$fabric-renderer-indigo_$md$17564f$0 in fabric-renderer-indigo.mixins.json:ItemFeatureRendererAccessor from mod fabric-renderer-indigo
[21:39:54] [Render thread/DEBUG] (FabricLoader/Mixin) Mixing renderstate.RenderStateMixin from fabric-rendering-v1.mixins.json into net.minecraft.client.renderer.blockentity.state.BlockEntityRenderState
[21:39:54] [Render thread/DEBUG] (FabricLoader/Mixin) Mixing KeyedClientResourceReloadListenerMixin from fabric-resource-loader-v1.client.mixins.json into net.minecraft.client.gui.font.FontManager
[21:39:54] [Render thread/DEBUG] (FabricLoader/Mixin) Mixing KeyedClientResourceReloadListenerMixin from fabric-resource-loader-v1.client.mixins.json into net.minecraft.client.resources.GrassColorReloadListener
[21:39:54] [Render thread/DEBUG] (FabricLoader/Mixin) Mixing KeyedClientResourceReloadListenerMixin from fabric-resource-loader-v1.client.mixins.json into net.minecraft.client.resources.FoliageColorReloadListener
[21:39:54] [Render thread/DEBUG] (FabricLoader/Mixin) Mixing KeyedClientResourceReloadListenerMixin from fabric-resource-loader-v1.client.mixins.json into net.minecraft.client.resources.DryFoliageColorReloadListener
[21:39:54] [Render thread/DEBUG] (FabricLoader/Mixin) Mixing BlockColorsMixin from fabric-rendering-v1.mixins.json into net.minecraft.client.color.block.BlockColors
[21:39:54] [Render thread/DEBUG] (FabricLoader/Mixin) fabric-rendering-v1.mixins.json:BlockColorsMixin from mod fabric-rendering-v1->@Inject::create(Lorg/spongepowered/asm/mixin/injection/callback/CallbackInfoReturnable;)V does use it's CallbackInfoReturnable
[21:39:54] [Render thread/DEBUG] (FabricLoader/Mixin) Mixing ModelManagerMixin from fabric-model-loading-api-v1.mixins.json into net.minecraft.client.resources.model.ModelManager
[21:39:54] [Render thread/DEBUG] (FabricLoader/Mixin) Renaming synthetic method lambda$withModelDispatcher$0(Ljava/util/concurrent/CompletableFuture;Ljava/util/function/Function;Ljava/lang/Object;)Ljava/lang/Object; to md17564f$fabric-model-loading-api-v1$lambda$withModelDispatcher$0$0 in fabric-model-loading-api-v1.mixins.json:ModelManagerMixin from mod fabric-model-loading-api-v1
[21:39:54] [Render thread/DEBUG] (FabricLoader/Mixin) Renaming synthetic method lambda$hookBlockStateModels$0(Lnet/minecraft/client/resources/model/BlockStateModelLoader$LoadedModels;Lnet/fabricmc/fabric/impl/client/model/loading/ModelLoadingEventDispatcher;)Lnet/minecraft/client/resources/model/BlockStateModelLoader$LoadedModels; to md17564f$fabric-model-loading-api-v1$lambda$hookBlockStateModels$0$1 in fabric-model-loading-api-v1.mixins.json:ModelManagerMixin from mod fabric-model-loading-api-v1
[21:39:54] [Render thread/DEBUG] (FabricLoader/Mixin) Renaming synthetic method lambda$hookModels$0(Ljava/util/Map;Lnet/fabricmc/fabric/impl/client/model/loading/ModelLoadingEventDispatcher;)Ljava/util/Map; to md17564f$fabric-model-loading-api-v1$lambda$hookModels$0$2 in fabric-model-loading-api-v1.mixins.json:ModelManagerMixin from mod fabric-model-loading-api-v1
[21:39:54] [Render thread/DEBUG] (FabricLoader/Mixin) Renaming synthetic method lambda$resetEventDispatcherFuture$0(Ljava/lang/Void;)Ljava/lang/Void; to md17564f$fabric-model-loading-api-v1$lambda$resetEventDispatcherFuture$0$3 in fabric-model-loading-api-v1.mixins.json:ModelManagerMixin from mod fabric-model-loading-api-v1
[21:39:54] [Render thread/DEBUG] (FabricLoader/Mixin) Mixing KeyedClientResourceReloadListenerMixin from fabric-resource-loader-v1.client.mixins.json into net.minecraft.client.resources.model.ModelManager
[21:39:54] [Render thread/DEBUG] (FabricLoader/Mixin) fabric-model-loading-api-v1.mixins.json:ModelManagerMixin from mod fabric-model-loading-api-v1->@Inject::onHeadReload(Lnet/minecraft/server/packs/resources/PreparableReloadListener$SharedState;Ljava/util/concurrent/Executor;Lnet/minecraft/server/packs/resources/PreparableReloadListener$PreparationBarrier;Ljava/util/concurrent/Executor;Lorg/spongepowered/asm/mixin/injection/callback/CallbackInfoReturnable;)V doesn't use it's CallbackInfoReturnable
[21:39:54] [Render thread/DEBUG] (FabricLoader/Mixin) fabric-model-loading-api-v1.mixins.json:ModelManagerMixin from mod fabric-model-loading-api-v1->@Inject::onHeadReload(Lnet/minecraft/server/packs/resources/PreparableReloadListener$SharedState;Ljava/util/concurrent/Executor;Lnet/minecraft/server/packs/resources/PreparableReloadListener$PreparationBarrier;Ljava/util/concurrent/Executor;Lorg/spongepowered/asm/mixin/injection/callback/CallbackInfoReturnable;)V has 0 override(s) in child classes
[21:39:54] [Render thread/DEBUG] (FabricLoader/Mixin) fabric-model-loading-api-v1.mixins.json:ModelManagerMixin from mod fabric-model-loading-api-v1->@Inject::onHeadReload(Lnet/minecraft/server/packs/resources/PreparableReloadListener$SharedState;Ljava/util/concurrent/Executor;Lnet/minecraft/server/packs/resources/PreparableReloadListener$PreparationBarrier;Ljava/util/concurrent/Executor;Lorg/spongepowered/asm/mixin/injection/callback/CallbackInfoReturnable;)V won't be passed a CallbackInfoReturnable as a result
[21:39:54] [Render thread/DEBUG] (FabricLoader/Mixin) fabric-model-loading-api-v1.mixins.json:ModelManagerMixin from mod fabric-model-loading-api-v1->@Inject::resolveExtraModels(Ljava/util/Map;Lnet/minecraft/client/resources/model/BlockStateModelLoader$LoadedModels;Lnet/minecraft/client/resources/model/ClientItemInfoLoader$LoadedClientInfos;Lorg/spongepowered/asm/mixin/injection/callback/CallbackInfoReturnable;)V doesn't use it's CallbackInfoReturnable
[21:39:54] [Render thread/DEBUG] (FabricLoader/Mixin) fabric-model-loading-api-v1.mixins.json:ModelManagerMixin from mod fabric-model-loading-api-v1->@Inject::onReturnUpload(Lorg/spongepowered/asm/mixin/injection/callback/CallbackInfo;)V doesn't use it's CallbackInfo
[21:39:54] [Render thread/DEBUG] (FabricLoader/Mixin) fabric-model-loading-api-v1.mixins.json:ModelManagerMixin from mod fabric-model-loading-api-v1->@Inject::onReturnUpload(Lorg/spongepowered/asm/mixin/injection/callback/CallbackInfo;)V has 0 override(s) in child classes
[21:39:54] [Render thread/DEBUG] (FabricLoader/Mixin) fabric-model-loading-api-v1.mixins.json:ModelManagerMixin from mod fabric-model-loading-api-v1->@Inject::onReturnUpload(Lorg/spongepowered/asm/mixin/injection/callback/CallbackInfo;)V won't be passed a CallbackInfo as a result
[21:39:54] [Render thread/DEBUG] (FabricLoader/Mixin) Mixing KeyedClientResourceReloadListenerMixin from fabric-resource-loader-v1.client.mixins.json into net.minecraft.client.resources.model.EquipmentAssetManager
[21:39:54] [Render thread/DEBUG] (FabricLoader/Mixin) Mixing SimpleJsonResourceReloadListenerMixin from fabric-resource-conditions-api-v1.mixins.json into net.minecraft.server.packs.resources.SimpleJsonResourceReloadListener
[21:39:54] [Render thread/DEBUG] (FabricLoader/Mixin) fabric-resource-conditions-api-v1.mixins.json:SimpleJsonResourceReloadListenerMixin from mod fabric-resource-conditions-api-v1->@Inject::skipData(Ljava/util/Map;Lnet/minecraft/resources/Identifier;Ljava/lang/Object;Lorg/spongepowered/asm/mixin/injection/callback/CallbackInfo;)V does use it's CallbackInfo
[21:39:54] [Render thread/DEBUG] (FabricLoader/Mixin) Mixing KeyedClientResourceReloadListenerMixin from fabric-resource-loader-v1.client.mixins.json into net.minecraft.client.resources.palette.PalettedTextureManager
[21:39:54] [Render thread/DEBUG] (FabricLoader/Mixin) Mixing KeyedClientResourceReloadListenerMixin from fabric-resource-loader-v1.client.mixins.json into net.minecraft.client.renderer.entity.EntityRenderDispatcher
[21:39:54] [Render thread/DEBUG] (FabricLoader/Mixin) Mixing EntityRenderDispatcherMixin from fabric-rendering-v1.mixins.json into net.minecraft.client.renderer.entity.EntityRenderDispatcher
[21:39:54] [Render thread/DEBUG] (FabricLoader/Mixin) fabric-rendering-v1.mixins.json:EntityRenderDispatcherMixin from mod fabric-rendering-v1->@Inject::createArmorRenderers(Lnet/minecraft/server/packs/resources/ResourceManager;Lorg/spongepowered/asm/mixin/injection/callback/CallbackInfo;)V doesn't use it's CallbackInfo
[21:39:54] [Render thread/DEBUG] (FabricLoader/Mixin) fabric-rendering-v1.mixins.json:EntityRenderDispatcherMixin from mod fabric-rendering-v1->@Inject::createArmorRenderers(Lnet/minecraft/server/packs/resources/ResourceManager;Lorg/spongepowered/asm/mixin/injection/callback/CallbackInfo;)V has 0 override(s) in child classes
[21:39:54] [Render thread/DEBUG] (FabricLoader/Mixin) fabric-rendering-v1.mixins.json:EntityRenderDispatcherMixin from mod fabric-rendering-v1->@Inject::createArmorRenderers(Lnet/minecraft/server/packs/resources/ResourceManager;Lorg/spongepowered/asm/mixin/injection/callback/CallbackInfo;)V won't be passed a CallbackInfo as a result
[21:39:54] [Render thread/DEBUG] (FabricLoader/Mixin) Mixing LivingEntityRendererAccessor from fabric-rendering-v1.mixins.json into net.minecraft.client.renderer.entity.LivingEntityRenderer
[21:39:54] [Render thread/DEBUG] (FabricLoader/Mixin) Mixing LivingEntityRendererMixin from fabric-rendering-v1.mixins.json into net.minecraft.client.renderer.entity.LivingEntityRenderer
[21:39:54] [Render thread/DEBUG] (FabricLoader/Mixin) Mixing KeyedClientResourceReloadListenerMixin from fabric-resource-loader-v1.client.mixins.json into net.minecraft.client.renderer.blockentity.BlockEntityRenderDispatcher
[21:39:54] [Render thread/DEBUG] (FabricLoader/Mixin) Mixing KeyedClientResourceReloadListenerMixin from fabric-resource-loader-v1.client.mixins.json into net.minecraft.client.particle.ParticleResources
[21:39:54] [Render thread/DEBUG] (FabricLoader/Mixin) Mixing ParticleResourcesMixin from fabric-particles-v1.client.mixins.json into net.minecraft.client.particle.ParticleResources
[21:39:54] [Render thread/DEBUG] (FabricLoader/Mixin) Mixing ParticleResourcesMixin from fabric-registry-sync-v0.client.mixins.json into net.minecraft.client.particle.ParticleResources
[21:39:54] [Render thread/DEBUG] (FabricLoader/Mixin) fabric-particles-v1.client.mixins.json:ParticleResourcesMixin from mod fabric-particles-v1->@Inject::onRegisterDefaultFactories(Lorg/spongepowered/asm/mixin/injection/callback/CallbackInfo;)V doesn't use it's CallbackInfo
[21:39:54] [Render thread/DEBUG] (FabricLoader/Mixin) fabric-particles-v1.client.mixins.json:ParticleResourcesMixin from mod fabric-particles-v1->@Inject::onRegisterDefaultFactories(Lorg/spongepowered/asm/mixin/injection/callback/CallbackInfo;)V has 0 override(s) in child classes
[21:39:54] [Render thread/DEBUG] (FabricLoader/Mixin) fabric-particles-v1.client.mixins.json:ParticleResourcesMixin from mod fabric-particles-v1->@Inject::onRegisterDefaultFactories(Lorg/spongepowered/asm/mixin/injection/callback/CallbackInfo;)V won't be passed a CallbackInfo as a result
[21:39:54] [Render thread/DEBUG] (FabricLoader/Mixin) fabric-registry-sync-v0.client.mixins.json:ParticleResourcesMixin from mod fabric-registry-sync-v0->@Inject::onInit(Lorg/spongepowered/asm/mixin/injection/callback/CallbackInfo;)V doesn't use it's CallbackInfo
[21:39:54] [Render thread/DEBUG] (FabricLoader/Mixin) fabric-registry-sync-v0.client.mixins.json:ParticleResourcesMixin from mod fabric-registry-sync-v0->@Inject::onInit(Lorg/spongepowered/asm/mixin/injection/callback/CallbackInfo;)V has 0 override(s) in child classes
[21:39:54] [Render thread/DEBUG] (FabricLoader/Mixin) fabric-registry-sync-v0.client.mixins.json:ParticleResourcesMixin from mod fabric-registry-sync-v0->@Inject::onInit(Lorg/spongepowered/asm/mixin/injection/callback/CallbackInfo;)V won't be passed a CallbackInfo as a result
[21:39:54] [Render thread/DEBUG] (FabricLoader/Mixin) Mixing block.particle.BlockMarkerMixin from fabric-renderer-api-v1.mixins.json into net.minecraft.client.particle.BlockMarker
[21:39:54] [Render thread/DEBUG] (FabricLoader/Mixin) Mixing TerrainParticleMixin from fabric-particles-v1.client.mixins.json into net.minecraft.client.particle.TerrainParticle
[21:39:54] [Render thread/DEBUG] (FabricLoader/Mixin) Mixing block.particle.TerrainParticleMixin from fabric-renderer-api-v1.mixins.json into net.minecraft.client.particle.TerrainParticle
[21:39:54] [Render thread/DEBUG] (FabricLoader/Mixin) Mixing renderstate.ItemStackRenderStateMixin from fabric-rendering-v1.mixins.json into net.minecraft.client.renderer.item.ItemStackRenderState
[21:39:54] [Render thread/DEBUG] (FabricLoader/Mixin) Mixing renderstate.RenderStateMixin from fabric-rendering-v1.mixins.json into net.minecraft.client.renderer.item.ItemStackRenderState
[21:39:54] [Render thread/DEBUG] (FabricLoader/Mixin) Mixing item.ItemStackRenderStateMixin from fabric-renderer-api-v1.mixins.json into net.minecraft.client.renderer.item.ItemStackRenderState
[21:39:54] [Render thread/DEBUG] (FabricLoader/Mixin) fabric-rendering-v1.mixins.json:renderstate.ItemStackRenderStateMixin from mod fabric-rendering-v1->@Inject::clearExtraRenderData(Lorg/spongepowered/asm/mixin/injection/callback/CallbackInfo;)V doesn't use it's CallbackInfo
[21:39:54] [Render thread/DEBUG] (FabricLoader/Mixin) fabric-rendering-v1.mixins.json:renderstate.ItemStackRenderStateMixin from mod fabric-rendering-v1->@Inject::clearExtraRenderData(Lorg/spongepowered/asm/mixin/injection/callback/CallbackInfo;)V has 0 override(s) in child classes
[21:39:54] [Render thread/DEBUG] (FabricLoader/Mixin) fabric-rendering-v1.mixins.json:renderstate.ItemStackRenderStateMixin from mod fabric-rendering-v1->@Inject::clearExtraRenderData(Lorg/spongepowered/asm/mixin/injection/callback/CallbackInfo;)V won't be passed a CallbackInfo as a result
[21:39:54] [Render thread/DEBUG] (FabricLoader/Mixin) fabric-renderer-api-v1.mixins.json:item.ItemStackRenderStateMixin from mod fabric-renderer-api-v1->@Inject::afterInitVecLoad(Ljava/util/function/Consumer;Lorg/spongepowered/asm/mixin/injection/callback/CallbackInfo;)V doesn't use it's CallbackInfo
[21:39:54] [Render thread/DEBUG] (FabricLoader/Mixin) fabric-renderer-api-v1.mixins.json:item.ItemStackRenderStateMixin from mod fabric-renderer-api-v1->@Inject::afterInitVecLoad(Ljava/util/function/Consumer;Lorg/spongepowered/asm/mixin/injection/callback/CallbackInfo;)V has 0 override(s) in child classes
[21:39:54] [Render thread/DEBUG] (FabricLoader/Mixin) fabric-renderer-api-v1.mixins.json:item.ItemStackRenderStateMixin from mod fabric-renderer-api-v1->@Inject::afterInitVecLoad(Ljava/util/function/Consumer;Lorg/spongepowered/asm/mixin/injection/callback/CallbackInfo;)V won't be passed a CallbackInfo as a result
[21:39:54] [Render thread/DEBUG] (FabricLoader/Mixin) fabric-renderer-api-v1.mixins.json:item.ItemStackRenderStateMixin from mod fabric-renderer-api-v1->@Inject::afterLayerLoad(Ljava/util/function/Consumer;Lorg/spongepowered/asm/mixin/injection/callback/CallbackInfo;)V doesn't use it's CallbackInfo
[21:39:54] [Render thread/DEBUG] (FabricLoader/Mixin) fabric-renderer-api-v1.mixins.json:item.ItemStackRenderStateMixin from mod fabric-renderer-api-v1->@Inject::afterLayerLoad(Ljava/util/function/Consumer;Lorg/spongepowered/asm/mixin/injection/callback/CallbackInfo;)V has 0 override(s) in child classes
[21:39:54] [Render thread/DEBUG] (FabricLoader/Mixin) fabric-renderer-api-v1.mixins.json:item.ItemStackRenderStateMixin from mod fabric-renderer-api-v1->@Inject::afterLayerLoad(Ljava/util/function/Consumer;Lorg/spongepowered/asm/mixin/injection/callback/CallbackInfo;)V won't be passed a CallbackInfo as a result
[21:39:54] [Render thread/DEBUG] (FabricLoader/Mixin) Mixing renderstate.ItemStackRenderStateLayerRenderStateMixin from fabric-rendering-v1.mixins.json into net.minecraft.client.renderer.item.ItemStackRenderState$LayerRenderState
[21:39:54] [Render thread/DEBUG] (FabricLoader/Mixin) Mixing renderstate.RenderStateMixin from fabric-rendering-v1.mixins.json into net.minecraft.client.renderer.item.ItemStackRenderState$LayerRenderState
[21:39:54] [Render thread/DEBUG] (FabricLoader/Mixin) Mixing item.ItemStackRenderStateLayerRenderStateMixin from fabric-renderer-api-v1.mixins.json into net.minecraft.client.renderer.item.ItemStackRenderState$LayerRenderState
[21:39:54] [Render thread/DEBUG] (FabricLoader/Mixin) fabric-rendering-v1.mixins.json:renderstate.ItemStackRenderStateLayerRenderStateMixin from mod fabric-rendering-v1->@Inject::clearExtraRenderData(Lorg/spongepowered/asm/mixin/injection/callback/CallbackInfo;)V doesn't use it's CallbackInfo
[21:39:54] [Render thread/DEBUG] (FabricLoader/Mixin) fabric-rendering-v1.mixins.json:renderstate.ItemStackRenderStateLayerRenderStateMixin from mod fabric-rendering-v1->@Inject::clearExtraRenderData(Lorg/spongepowered/asm/mixin/injection/callback/CallbackInfo;)V has 0 override(s) in child classes
[21:39:54] [Render thread/DEBUG] (FabricLoader/Mixin) fabric-rendering-v1.mixins.json:renderstate.ItemStackRenderStateLayerRenderStateMixin from mod fabric-rendering-v1->@Inject::clearExtraRenderData(Lorg/spongepowered/asm/mixin/injection/callback/CallbackInfo;)V won't be passed a CallbackInfo as a result
[21:39:54] [Render thread/DEBUG] (FabricLoader/Mixin) fabric-renderer-api-v1.mixins.json:item.ItemStackRenderStateLayerRenderStateMixin from mod fabric-renderer-api-v1->@Inject::onReturnClear(Lorg/spongepowered/asm/mixin/injection/callback/CallbackInfo;)V doesn't use it's CallbackInfo
[21:39:54] [Render thread/DEBUG] (FabricLoader/Mixin) fabric-renderer-api-v1.mixins.json:item.ItemStackRenderStateLayerRenderStateMixin from mod fabric-renderer-api-v1->@Inject::onReturnClear(Lorg/spongepowered/asm/mixin/injection/callback/CallbackInfo;)V has 0 override(s) in child classes
[21:39:54] [Render thread/DEBUG] (FabricLoader/Mixin) fabric-renderer-api-v1.mixins.json:item.ItemStackRenderStateLayerRenderStateMixin from mod fabric-renderer-api-v1->@Inject::onReturnClear(Lorg/spongepowered/asm/mixin/injection/callback/CallbackInfo;)V won't be passed a CallbackInfo as a result
[21:39:54] [Render thread/DEBUG] (FabricLoader/Mixin) Mixing ParticleEngineAccessor from fabric-particles-v1.client.mixins.json into net.minecraft.client.particle.ParticleEngine
[21:39:54] [Render thread/DEBUG] (FabricLoader/Mixin) Renaming @Accessor method getParticleRenderTypes()Ljava/util/List; to getParticleRenderTypes$fabric-particles-v1_$md$17564f$0 in fabric-particles-v1.client.mixins.json:ParticleEngineAccessor from mod fabric-particles-v1
[21:39:54] [Render thread/DEBUG] (FabricLoader/Mixin) Mixing ParticleEngineMixin from fabric-particles-v1.client.mixins.json into net.minecraft.client.particle.ParticleEngine
[21:39:54] [Render thread/DEBUG] (FabricLoader/Mixin) fabric-particles-v1.client.mixins.json:ParticleEngineMixin from mod fabric-particles-v1->@Inject::classInit(Lorg/spongepowered/asm/mixin/injection/callback/CallbackInfo;)V doesn't use it's CallbackInfo
[21:39:54] [Render thread/DEBUG] (FabricLoader/Mixin) fabric-particles-v1.client.mixins.json:ParticleEngineMixin from mod fabric-particles-v1->@Inject::createParticleGroup(Lnet/minecraft/client/particle/ParticleRenderType;Lorg/spongepowered/asm/mixin/injection/callback/CallbackInfoReturnable;)V does use it's CallbackInfoReturnable
[21:39:54] [Render thread/DEBUG] (FabricLoader/Mixin) Mixing GameRendererMixin from fabric-rendering-v1.mixins.json into net.minecraft.client.renderer.GameRenderer
[21:39:54] [Render thread/DEBUG] (FabricLoader/Mixin) fabric-rendering-v1.mixins.json:GameRendererMixin from mod fabric-rendering-v1->@Inject::guiRendererReady(Lnet/minecraft/client/Minecraft;Lnet/minecraft/client/renderer/FirstPersonHandsAndItemsRenderer;Lnet/minecraft/client/resources/model/ModelManager;Lnet/minecraft/client/renderer/item/ItemModelResolver;Lorg/spongepowered/asm/mixin/injection/callback/CallbackInfo;)V doesn't use it's CallbackInfo
[21:39:54] [Render thread/DEBUG] (FabricLoader/Mixin) fabric-rendering-v1.mixins.json:GameRendererMixin from mod fabric-rendering-v1->@Inject::guiRendererReady(Lnet/minecraft/client/Minecraft;Lnet/minecraft/client/renderer/FirstPersonHandsAndItemsRenderer;Lnet/minecraft/client/resources/model/ModelManager;Lnet/minecraft/client/renderer/item/ItemModelResolver;Lorg/spongepowered/asm/mixin/injection/callback/CallbackInfo;)V has 0 override(s) in child classes
[21:39:54] [Render thread/DEBUG] (FabricLoader/Mixin) fabric-rendering-v1.mixins.json:GameRendererMixin from mod fabric-rendering-v1->@Inject::guiRendererReady(Lnet/minecraft/client/Minecraft;Lnet/minecraft/client/renderer/FirstPersonHandsAndItemsRenderer;Lnet/minecraft/client/resources/model/ModelManager;Lnet/minecraft/client/renderer/item/ItemModelResolver;Lorg/spongepowered/asm/mixin/injection/callback/CallbackInfo;)V won't be passed a CallbackInfo as a result
[21:39:54] [Render thread/DEBUG] (FabricLoader/Mixin) fabric-rendering-v1.mixins.json:GameRendererMixin from mod fabric-rendering-v1->@Inject::beforeExtract(Lnet/minecraft/client/DeltaTracker;ZLorg/spongepowered/asm/mixin/injection/callback/CallbackInfo;)V doesn't use it's CallbackInfo
[21:39:54] [Render thread/DEBUG] (FabricLoader/Mixin) fabric-rendering-v1.mixins.json:GameRendererMixin from mod fabric-rendering-v1->@Inject::beforeExtract(Lnet/minecraft/client/DeltaTracker;ZLorg/spongepowered/asm/mixin/injection/callback/CallbackInfo;)V has 0 override(s) in child classes
[21:39:54] [Render thread/DEBUG] (FabricLoader/Mixin) fabric-rendering-v1.mixins.json:GameRendererMixin from mod fabric-rendering-v1->@Inject::beforeExtract(Lnet/minecraft/client/DeltaTracker;ZLorg/spongepowered/asm/mixin/injection/callback/CallbackInfo;)V won't be passed a CallbackInfo as a result
[21:39:54] [Render thread/DEBUG] (FabricLoader/Mixin) Mixing renderstate.RenderStateMixin from fabric-rendering-v1.mixins.json into net.minecraft.client.renderer.state.GameRenderState
[21:39:54] [Render thread/DEBUG] (FabricLoader/Mixin) Mixing renderstate.LevelRenderStateMixin from fabric-rendering-v1.mixins.json into net.minecraft.client.renderer.state.level.LevelRenderState
[21:39:54] [Render thread/DEBUG] (FabricLoader/Mixin) Mixing renderstate.RenderStateMixin from fabric-rendering-v1.mixins.json into net.minecraft.client.renderer.state.level.LevelRenderState
[21:39:54] [Render thread/DEBUG] (FabricLoader/Mixin) fabric-rendering-v1.mixins.json:renderstate.LevelRenderStateMixin from mod fabric-rendering-v1->@Inject::clearExtraRenderData(Lorg/spongepowered/asm/mixin/injection/callback/CallbackInfo;)V doesn't use it's CallbackInfo
[21:39:54] [Render thread/DEBUG] (FabricLoader/Mixin) fabric-rendering-v1.mixins.json:renderstate.LevelRenderStateMixin from mod fabric-rendering-v1->@Inject::clearExtraRenderData(Lorg/spongepowered/asm/mixin/injection/callback/CallbackInfo;)V has 0 override(s) in child classes
[21:39:54] [Render thread/DEBUG] (FabricLoader/Mixin) fabric-rendering-v1.mixins.json:renderstate.LevelRenderStateMixin from mod fabric-rendering-v1->@Inject::clearExtraRenderData(Lorg/spongepowered/asm/mixin/injection/callback/CallbackInfo;)V won't be passed a CallbackInfo as a result
[21:39:54] [Render thread/DEBUG] (FabricLoader/Mixin) Mixing renderstate.RenderStateMixin from fabric-rendering-v1.mixins.json into net.minecraft.client.renderer.state.level.CameraRenderState
[21:39:54] [Render thread/DEBUG] (FabricLoader/Mixin) Mixing renderstate.RenderStateMixin from fabric-rendering-v1.mixins.json into net.minecraft.client.renderer.fog.FogData
[21:39:54] [Render thread/DEBUG] (FabricLoader/Mixin) Mixing renderstate.RenderStateMixin from fabric-rendering-v1.mixins.json into net.minecraft.client.renderer.state.level.CameraEntityRenderState
[21:39:54] [Render thread/DEBUG] (FabricLoader/Mixin) Mixing renderstate.PlayerRenderStateMixin from fabric-rendering-v1.mixins.json into net.minecraft.client.renderer.state.level.PlayerRenderState
[21:39:54] [Render thread/DEBUG] (FabricLoader/Mixin) Mixing renderstate.RenderStateMixin from fabric-rendering-v1.mixins.json into net.minecraft.client.renderer.state.level.PlayerRenderState
[21:39:54] [Render thread/DEBUG] (FabricLoader/Mixin) fabric-rendering-v1.mixins.json:renderstate.PlayerRenderStateMixin from mod fabric-rendering-v1->@Inject::clearExtraRenderData(Lorg/spongepowered/asm/mixin/injection/callback/CallbackInfo;)V doesn't use it's CallbackInfo
[21:39:54] [Render thread/DEBUG] (FabricLoader/Mixin) fabric-rendering-v1.mixins.json:renderstate.PlayerRenderStateMixin from mod fabric-rendering-v1->@Inject::clearExtraRenderData(Lorg/spongepowered/asm/mixin/injection/callback/CallbackInfo;)V has 0 override(s) in child classes
[21:39:54] [Render thread/DEBUG] (FabricLoader/Mixin) fabric-rendering-v1.mixins.json:renderstate.PlayerRenderStateMixin from mod fabric-rendering-v1->@Inject::clearExtraRenderData(Lorg/spongepowered/asm/mixin/injection/callback/CallbackInfo;)V won't be passed a CallbackInfo as a result
[21:39:54] [Render thread/DEBUG] (FabricLoader/Mixin) Mixing renderstate.RenderStateMixin from fabric-rendering-v1.mixins.json into net.minecraft.client.renderer.state.level.FirstPersonHandsAndItemsRenderState
[21:39:54] [Render thread/DEBUG] (FabricLoader/Mixin) Mixing renderstate.RenderStateMixin from fabric-rendering-v1.mixins.json into net.minecraft.client.renderer.state.MapRenderState
[21:39:54] [Render thread/DEBUG] (FabricLoader/Mixin) Mixing renderstate.RenderStateMixin from fabric-rendering-v1.mixins.json into net.minecraft.client.renderer.state.level.WeatherRenderState
[21:39:54] [Render thread/DEBUG] (FabricLoader/Mixin) Mixing renderstate.WeatherRenderStateMixin from fabric-rendering-v1.mixins.json into net.minecraft.client.renderer.state.level.WeatherRenderState
[21:39:54] [Render thread/DEBUG] (FabricLoader/Mixin) fabric-rendering-v1.mixins.json:renderstate.WeatherRenderStateMixin from mod fabric-rendering-v1->@Inject::clearExtraRenderData(Lorg/spongepowered/asm/mixin/injection/callback/CallbackInfo;)V doesn't use it's CallbackInfo
[21:39:54] [Render thread/DEBUG] (FabricLoader/Mixin) fabric-rendering-v1.mixins.json:renderstate.WeatherRenderStateMixin from mod fabric-rendering-v1->@Inject::clearExtraRenderData(Lorg/spongepowered/asm/mixin/injection/callback/CallbackInfo;)V has 0 override(s) in child classes
[21:39:54] [Render thread/DEBUG] (FabricLoader/Mixin) fabric-rendering-v1.mixins.json:renderstate.WeatherRenderStateMixin from mod fabric-rendering-v1->@Inject::clearExtraRenderData(Lorg/spongepowered/asm/mixin/injection/callback/CallbackInfo;)V won't be passed a CallbackInfo as a result
[21:39:54] [Render thread/DEBUG] (FabricLoader/Mixin) Mixing renderstate.RenderStateMixin from fabric-rendering-v1.mixins.json into net.minecraft.client.renderer.state.level.WorldBorderRenderState
[21:39:54] [Render thread/DEBUG] (FabricLoader/Mixin) Mixing renderstate.WorldBorderRenderStateMixin from fabric-rendering-v1.mixins.json into net.minecraft.client.renderer.state.level.WorldBorderRenderState
[21:39:54] [Render thread/DEBUG] (FabricLoader/Mixin) fabric-rendering-v1.mixins.json:renderstate.WorldBorderRenderStateMixin from mod fabric-rendering-v1->@Inject::clearExtraRenderData(Lorg/spongepowered/asm/mixin/injection/callback/CallbackInfo;)V doesn't use it's CallbackInfo
[21:39:54] [Render thread/DEBUG] (FabricLoader/Mixin) fabric-rendering-v1.mixins.json:renderstate.WorldBorderRenderStateMixin from mod fabric-rendering-v1->@Inject::clearExtraRenderData(Lorg/spongepowered/asm/mixin/injection/callback/CallbackInfo;)V has 0 override(s) in child classes
[21:39:54] [Render thread/DEBUG] (FabricLoader/Mixin) fabric-rendering-v1.mixins.json:renderstate.WorldBorderRenderStateMixin from mod fabric-rendering-v1->@Inject::clearExtraRenderData(Lorg/spongepowered/asm/mixin/injection/callback/CallbackInfo;)V won't be passed a CallbackInfo as a result
[21:39:54] [Render thread/DEBUG] (FabricLoader/Mixin) Mixing renderstate.RenderStateMixin from fabric-rendering-v1.mixins.json into net.minecraft.client.renderer.state.level.SkyRenderState
[21:39:54] [Render thread/DEBUG] (FabricLoader/Mixin) Mixing renderstate.SkyRenderStateMixin from fabric-rendering-v1.mixins.json into net.minecraft.client.renderer.state.level.SkyRenderState
[21:39:54] [Render thread/DEBUG] (FabricLoader/Mixin) fabric-rendering-v1.mixins.json:renderstate.SkyRenderStateMixin from mod fabric-rendering-v1->@Inject::clearExtraRenderData(Lorg/spongepowered/asm/mixin/injection/callback/CallbackInfo;)V doesn't use it's CallbackInfo
[21:39:54] [Render thread/DEBUG] (FabricLoader/Mixin) fabric-rendering-v1.mixins.json:renderstate.SkyRenderStateMixin from mod fabric-rendering-v1->@Inject::clearExtraRenderData(Lorg/spongepowered/asm/mixin/injection/callback/CallbackInfo;)V has 0 override(s) in child classes
[21:39:54] [Render thread/DEBUG] (FabricLoader/Mixin) fabric-rendering-v1.mixins.json:renderstate.SkyRenderStateMixin from mod fabric-rendering-v1->@Inject::clearExtraRenderData(Lorg/spongepowered/asm/mixin/injection/callback/CallbackInfo;)V won't be passed a CallbackInfo as a result
[21:39:54] [Render thread/DEBUG] (FabricLoader/Mixin) Mixing renderstate.ParticlesRenderStateMixin from fabric-rendering-v1.mixins.json into net.minecraft.client.renderer.state.level.ParticlesRenderState
[21:39:54] [Render thread/DEBUG] (FabricLoader/Mixin) Mixing renderstate.RenderStateMixin from fabric-rendering-v1.mixins.json into net.minecraft.client.renderer.state.level.ParticlesRenderState
[21:39:54] [Render thread/DEBUG] (FabricLoader/Mixin) fabric-rendering-v1.mixins.json:renderstate.ParticlesRenderStateMixin from mod fabric-rendering-v1->@Inject::clearExtraRenderData(Lorg/spongepowered/asm/mixin/injection/callback/CallbackInfo;)V doesn't use it's CallbackInfo
[21:39:54] [Render thread/DEBUG] (FabricLoader/Mixin) fabric-rendering-v1.mixins.json:renderstate.ParticlesRenderStateMixin from mod fabric-rendering-v1->@Inject::clearExtraRenderData(Lorg/spongepowered/asm/mixin/injection/callback/CallbackInfo;)V has 0 override(s) in child classes
[21:39:54] [Render thread/DEBUG] (FabricLoader/Mixin) fabric-rendering-v1.mixins.json:renderstate.ParticlesRenderStateMixin from mod fabric-rendering-v1->@Inject::clearExtraRenderData(Lorg/spongepowered/asm/mixin/injection/callback/CallbackInfo;)V won't be passed a CallbackInfo as a result
[21:39:54] [Render thread/DEBUG] (FabricLoader/Mixin) Mixing renderstate.RenderStateMixin from fabric-rendering-v1.mixins.json into net.minecraft.client.renderer.state.LightmapRenderState
[21:39:54] [Render thread/DEBUG] (FabricLoader/Mixin) Mixing renderstate.GuiRenderStateMixin from fabric-rendering-v1.mixins.json into net.minecraft.client.renderer.state.gui.GuiRenderState
[21:39:54] [Render thread/DEBUG] (FabricLoader/Mixin) Mixing renderstate.RenderStateMixin from fabric-rendering-v1.mixins.json into net.minecraft.client.renderer.state.gui.GuiRenderState
[21:39:54] [Render thread/DEBUG] (FabricLoader/Mixin) fabric-rendering-v1.mixins.json:renderstate.GuiRenderStateMixin from mod fabric-rendering-v1->@Inject::clearExtraRenderData(Lorg/spongepowered/asm/mixin/injection/callback/CallbackInfo;)V doesn't use it's CallbackInfo
[21:39:54] [Render thread/DEBUG] (FabricLoader/Mixin) fabric-rendering-v1.mixins.json:renderstate.GuiRenderStateMixin from mod fabric-rendering-v1->@Inject::clearExtraRenderData(Lorg/spongepowered/asm/mixin/injection/callback/CallbackInfo;)V has 0 override(s) in child classes
[21:39:54] [Render thread/DEBUG] (FabricLoader/Mixin) fabric-rendering-v1.mixins.json:renderstate.GuiRenderStateMixin from mod fabric-rendering-v1->@Inject::clearExtraRenderData(Lorg/spongepowered/asm/mixin/injection/callback/CallbackInfo;)V won't be passed a CallbackInfo as a result
[21:39:54] [Render thread/DEBUG] (FabricLoader/Mixin) Mixing renderstate.RenderStateMixin from fabric-rendering-v1.mixins.json into net.minecraft.client.renderer.state.OptionsRenderState
[21:39:54] [Render thread/DEBUG] (FabricLoader/Mixin) Mixing renderstate.RenderStateMixin from fabric-rendering-v1.mixins.json into net.minecraft.client.renderer.state.WindowRenderState
[21:39:54] [Render thread/DEBUG] (FabricLoader/Mixin) Mixing SubmitNodeStorageMixin from fabric-rendering-v1.mixins.json into net.minecraft.client.renderer.SubmitNodeStorage
[21:39:54] [Render thread/DEBUG] (FabricLoader/Mixin) Mixing submit.SubmitNodeStorageMixin from fabric-renderer-api-v1.mixins.json into net.minecraft.client.renderer.SubmitNodeStorage
[21:39:54] [Render thread/DEBUG] (FabricLoader/Mixin) Mixing FeatureRenderDispatcherMixin from fabric-rendering-v1.mixins.json into net.minecraft.client.renderer.feature.FeatureRenderDispatcher
[21:39:54] [Render thread/DEBUG] (FabricLoader/Mixin) fabric-rendering-v1.mixins.json:FeatureRenderDispatcherMixin from mod fabric-rendering-v1->@Inject::registerExtendedFeatureRenderers(Lorg/spongepowered/asm/mixin/injection/callback/CallbackInfo;)V doesn't use it's CallbackInfo
[21:39:54] [Render thread/DEBUG] (FabricLoader/Mixin) fabric-rendering-v1.mixins.json:FeatureRenderDispatcherMixin from mod fabric-rendering-v1->@Inject::registerExtendedFeatureRenderers(Lorg/spongepowered/asm/mixin/injection/callback/CallbackInfo;)V has 0 override(s) in child classes
[21:39:54] [Render thread/DEBUG] (FabricLoader/Mixin) fabric-rendering-v1.mixins.json:FeatureRenderDispatcherMixin from mod fabric-rendering-v1->@Inject::registerExtendedFeatureRenderers(Lorg/spongepowered/asm/mixin/injection/callback/CallbackInfo;)V won't be passed a CallbackInfo as a result
[21:39:54] [Render thread/DEBUG] (FabricLoader/Mixin) Mixing block.render.MovingBlockFeatureRendererMixin from fabric-renderer-api-v1.mixins.json into net.minecraft.client.renderer.feature.MovingBlockFeatureRenderer
[21:39:54] [Render thread/DEBUG] (FabricLoader/Mixin) Renaming synthetic method access$000(Lnet/minecraft/client/renderer/feature/MovingBlockFeatureRenderer;Lnet/minecraft/client/renderer/rendertype/RenderType;)Lcom/mojang/blaze3d/vertex/VertexConsumer; to md17564f$fabric-renderer-api-v1$access$000$0 in fabric-renderer-api-v1.mixins.json:block.render.MovingBlockFeatureRendererMixin from mod fabric-renderer-api-v1
[21:39:54] [Render thread/DEBUG] (FabricLoader/Mixin) Renaming synthetic method access$100(Lnet/minecraft/client/renderer/feature/MovingBlockFeatureRenderer;Lnet/minecraft/client/renderer/rendertype/RenderType;)Lcom/mojang/blaze3d/vertex/VertexConsumer; to md17564f$fabric-renderer-api-v1$access$100$1 in fabric-renderer-api-v1.mixins.json:block.render.MovingBlockFeatureRendererMixin from mod fabric-renderer-api-v1
[21:39:54] [Render thread/DEBUG] (FabricLoader/Mixin) fabric-renderer-api-v1.mixins.json:block.render.MovingBlockFeatureRendererMixin from mod fabric-renderer-api-v1->@Inject::beforeInitBlockRenderer(Lnet/minecraft/client/renderer/feature/FeatureFrameContext;Ljava/util/List;Lorg/spongepowered/asm/mixin/injection/callback/CallbackInfo;)V doesn't use it's CallbackInfo
[21:39:54] [Render thread/DEBUG] (FabricLoader/Mixin) fabric-renderer-api-v1.mixins.json:block.render.MovingBlockFeatureRendererMixin from mod fabric-renderer-api-v1->@Inject::beforeInitBlockRenderer(Lnet/minecraft/client/renderer/feature/FeatureFrameContext;Ljava/util/List;Lorg/spongepowered/asm/mixin/injection/callback/CallbackInfo;)V has 0 override(s) in child classes
[21:39:54] [Render thread/DEBUG] (FabricLoader/Mixin) fabric-renderer-api-v1.mixins.json:block.render.MovingBlockFeatureRendererMixin from mod fabric-renderer-api-v1->@Inject::beforeInitBlockRenderer(Lnet/minecraft/client/renderer/feature/FeatureFrameContext;Ljava/util/List;Lorg/spongepowered/asm/mixin/injection/callback/CallbackInfo;)V won't be passed a CallbackInfo as a result
[21:39:54] [Render thread/DEBUG] (FabricLoader/Mixin) Mixing GuiRendererMixin from fabric-rendering-v1.mixins.json into net.minecraft.client.gui.render.GuiRenderer
[21:39:54] [Render thread/DEBUG] (FabricLoader/Mixin) Renaming synthetic method lambda$substituteSpecialElementRenderer$0(Ljava/lang/Class;)Lnet/fabricmc/fabric/impl/client/rendering/PictureInPictureRendererPool; to md17564f$fabric-rendering-v1$lambda$substituteSpecialElementRenderer$0$0 in fabric-rendering-v1.mixins.json:GuiRendererMixin from mod fabric-rendering-v1
[21:39:54] [Render thread/DEBUG] (FabricLoader/Mixin) fabric-rendering-v1.mixins.json:GuiRendererMixin from mod fabric-rendering-v1->@Inject::mutableSpecialElementRenderers(Lnet/minecraft/client/renderer/state/gui/GuiRenderState;Lnet/minecraft/client/renderer/feature/FeatureRenderDispatcher;Ljava/util/List;Lorg/spongepowered/asm/mixin/injection/callback/CallbackInfo;)V doesn't use it's CallbackInfo
[21:39:54] [Render thread/DEBUG] (FabricLoader/Mixin) fabric-rendering-v1.mixins.json:GuiRendererMixin from mod fabric-rendering-v1->@Inject::mutableSpecialElementRenderers(Lnet/minecraft/client/renderer/state/gui/GuiRenderState;Lnet/minecraft/client/renderer/feature/FeatureRenderDispatcher;Ljava/util/List;Lorg/spongepowered/asm/mixin/injection/callback/CallbackInfo;)V has 0 override(s) in child classes
[21:39:54] [Render thread/DEBUG] (FabricLoader/Mixin) fabric-rendering-v1.mixins.json:GuiRendererMixin from mod fabric-rendering-v1->@Inject::mutableSpecialElementRenderers(Lnet/minecraft/client/renderer/state/gui/GuiRenderState;Lnet/minecraft/client/renderer/feature/FeatureRenderDispatcher;Ljava/util/List;Lorg/spongepowered/asm/mixin/injection/callback/CallbackInfo;)V won't be passed a CallbackInfo as a result
[21:39:54] [Render thread/DEBUG] (FabricLoader/Mixin) fabric-rendering-v1.mixins.json:GuiRendererMixin from mod fabric-rendering-v1->@Inject::prePrepareSpecialElements(Lorg/spongepowered/asm/mixin/injection/callback/CallbackInfo;)V doesn't use it's CallbackInfo
[21:39:54] [Render thread/DEBUG] (FabricLoader/Mixin) fabric-rendering-v1.mixins.json:GuiRendererMixin from mod fabric-rendering-v1->@Inject::prePrepareSpecialElements(Lorg/spongepowered/asm/mixin/injection/callback/CallbackInfo;)V has 0 override(s) in child classes
[21:39:54] [Render thread/DEBUG] (FabricLoader/Mixin) fabric-rendering-v1.mixins.json:GuiRendererMixin from mod fabric-rendering-v1->@Inject::prePrepareSpecialElements(Lorg/spongepowered/asm/mixin/injection/callback/CallbackInfo;)V won't be passed a CallbackInfo as a result
[21:39:54] [Render thread/DEBUG] (FabricLoader/Mixin) fabric-rendering-v1.mixins.json:GuiRendererMixin from mod fabric-rendering-v1->@Inject::postPrepareSpecialElements(Lorg/spongepowered/asm/mixin/injection/callback/CallbackInfo;)V doesn't use it's CallbackInfo
[21:39:54] [Render thread/DEBUG] (FabricLoader/Mixin) fabric-rendering-v1.mixins.json:GuiRendererMixin from mod fabric-rendering-v1->@Inject::postPrepareSpecialElements(Lorg/spongepowered/asm/mixin/injection/callback/CallbackInfo;)V has 0 override(s) in child classes
[21:39:54] [Render thread/DEBUG] (FabricLoader/Mixin) fabric-rendering-v1.mixins.json:GuiRendererMixin from mod fabric-rendering-v1->@Inject::postPrepareSpecialElements(Lorg/spongepowered/asm/mixin/injection/callback/CallbackInfo;)V won't be passed a CallbackInfo as a result
[21:39:54] [Render thread/DEBUG] (FabricLoader/Mixin) fabric-rendering-v1.mixins.json:GuiRendererMixin from mod fabric-rendering-v1->@Inject::closeRendererPools(Lorg/spongepowered/asm/mixin/injection/callback/CallbackInfo;)V doesn't use it's CallbackInfo
[21:39:54] [Render thread/DEBUG] (FabricLoader/Mixin) fabric-rendering-v1.mixins.json:GuiRendererMixin from mod fabric-rendering-v1->@Inject::closeRendererPools(Lorg/spongepowered/asm/mixin/injection/callback/CallbackInfo;)V has 0 override(s) in child classes
[21:39:54] [Render thread/DEBUG] (FabricLoader/Mixin) fabric-rendering-v1.mixins.json:GuiRendererMixin from mod fabric-rendering-v1->@Inject::closeRendererPools(Lorg/spongepowered/asm/mixin/injection/callback/CallbackInfo;)V won't be passed a CallbackInfo as a result
[21:39:54] [Render thread/DEBUG] (FabricLoader/Mixin) Mixing KeyedClientResourceReloadListenerMixin from fabric-resource-loader-v1.client.mixins.json into net.minecraft.client.renderer.CloudRenderer
[21:39:55] [Render thread/DEBUG] (FabricLoader/Mixin) Mixing KeyedClientResourceReloadListenerMixin from fabric-resource-loader-v1.client.mixins.json into net.minecraft.client.renderer.extract.LevelExtractor
[21:39:55] [Render thread/DEBUG] (FabricLoader/Mixin) Mixing LevelExtractorMixin from fabric-rendering-v1.mixins.json into net.minecraft.client.renderer.extract.LevelExtractor
[21:39:55] [Render thread/DEBUG] (FabricLoader/Mixin) Mixing block.particle.LevelExtractorMixin from fabric-renderer-api-v1.mixins.json into net.minecraft.client.renderer.extract.LevelExtractor
[21:39:55] [Render thread/DEBUG] (FabricLoader/Mixin) Mixing block.render.LevelExtractorMixin from fabric-renderer-api-v1.mixins.json into net.minecraft.client.renderer.extract.LevelExtractor
[21:39:55] [Render thread/DEBUG] (FabricLoader/Mixin) fabric-rendering-v1.mixins.json:LevelExtractorMixin from mod fabric-rendering-v1->@Inject::afterBlockOutlineExtraction(Lnet/minecraft/client/Camera;Lnet/minecraft/client/renderer/state/level/LevelRenderState;Lorg/spongepowered/asm/mixin/injection/callback/CallbackInfo;)V doesn't use it's CallbackInfo
[21:39:55] [Render thread/DEBUG] (FabricLoader/Mixin) fabric-rendering-v1.mixins.json:LevelExtractorMixin from mod fabric-rendering-v1->@Inject::afterBlockOutlineExtraction(Lnet/minecraft/client/Camera;Lnet/minecraft/client/renderer/state/level/LevelRenderState;Lorg/spongepowered/asm/mixin/injection/callback/CallbackInfo;)V has 0 override(s) in child classes
[21:39:55] [Render thread/DEBUG] (FabricLoader/Mixin) fabric-rendering-v1.mixins.json:LevelExtractorMixin from mod fabric-rendering-v1->@Inject::afterBlockOutlineExtraction(Lnet/minecraft/client/Camera;Lnet/minecraft/client/renderer/state/level/LevelRenderState;Lorg/spongepowered/asm/mixin/injection/callback/CallbackInfo;)V won't be passed a CallbackInfo as a result
[21:39:55] [Render thread/DEBUG] (FabricLoader/Mixin) fabric-rendering-v1.mixins.json:LevelExtractorMixin from mod fabric-rendering-v1->@Inject::afterBlockOutlineExtraction(Lnet/minecraft/client/Camera;Lnet/minecraft/client/renderer/state/level/LevelRenderState;Lorg/spongepowered/asm/mixin/injection/callback/CallbackInfo;)V doesn't use it's CallbackInfo
[21:39:55] [Render thread/DEBUG] (FabricLoader/Mixin) fabric-rendering-v1.mixins.json:LevelExtractorMixin from mod fabric-rendering-v1->@Inject::afterBlockOutlineExtraction(Lnet/minecraft/client/Camera;Lnet/minecraft/client/renderer/state/level/LevelRenderState;Lorg/spongepowered/asm/mixin/injection/callback/CallbackInfo;)V has 0 override(s) in child classes
[21:39:55] [Render thread/DEBUG] (FabricLoader/Mixin) fabric-rendering-v1.mixins.json:LevelExtractorMixin from mod fabric-rendering-v1->@Inject::afterBlockOutlineExtraction(Lnet/minecraft/client/Camera;Lnet/minecraft/client/renderer/state/level/LevelRenderState;Lorg/spongepowered/asm/mixin/injection/callback/CallbackInfo;)V won't be passed a CallbackInfo as a result
[21:39:55] [Render thread/DEBUG] (FabricLoader/Mixin) fabric-rendering-v1.mixins.json:LevelExtractorMixin from mod fabric-rendering-v1->@Inject::afterBlockOutlineExtraction(Lnet/minecraft/client/Camera;Lnet/minecraft/client/renderer/state/level/LevelRenderState;Lorg/spongepowered/asm/mixin/injection/callback/CallbackInfo;)V doesn't use it's CallbackInfo
[21:39:55] [Render thread/DEBUG] (FabricLoader/Mixin) fabric-rendering-v1.mixins.json:LevelExtractorMixin from mod fabric-rendering-v1->@Inject::afterBlockOutlineExtraction(Lnet/minecraft/client/Camera;Lnet/minecraft/client/renderer/state/level/LevelRenderState;Lorg/spongepowered/asm/mixin/injection/callback/CallbackInfo;)V has 0 override(s) in child classes
[21:39:55] [Render thread/DEBUG] (FabricLoader/Mixin) fabric-rendering-v1.mixins.json:LevelExtractorMixin from mod fabric-rendering-v1->@Inject::afterBlockOutlineExtraction(Lnet/minecraft/client/Camera;Lnet/minecraft/client/renderer/state/level/LevelRenderState;Lorg/spongepowered/asm/mixin/injection/callback/CallbackInfo;)V won't be passed a CallbackInfo as a result
[21:39:55] [Render thread/DEBUG] (FabricLoader/Mixin) fabric-rendering-v1.mixins.json:LevelExtractorMixin from mod fabric-rendering-v1->@Inject::afterExtractLevel(Lnet/minecraft/client/DeltaTracker;Lnet/minecraft/client/Camera;FLorg/spongepowered/asm/mixin/injection/callback/CallbackInfo;)V doesn't use it's CallbackInfo
[21:39:55] [Render thread/DEBUG] (FabricLoader/Mixin) fabric-rendering-v1.mixins.json:LevelExtractorMixin from mod fabric-rendering-v1->@Inject::afterExtractLevel(Lnet/minecraft/client/DeltaTracker;Lnet/minecraft/client/Camera;FLorg/spongepowered/asm/mixin/injection/callback/CallbackInfo;)V has 0 override(s) in child classes
[21:39:55] [Render thread/DEBUG] (FabricLoader/Mixin) fabric-rendering-v1.mixins.json:LevelExtractorMixin from mod fabric-rendering-v1->@Inject::afterExtractLevel(Lnet/minecraft/client/DeltaTracker;Lnet/minecraft/client/Camera;FLorg/spongepowered/asm/mixin/injection/callback/CallbackInfo;)V won't be passed a CallbackInfo as a result
[21:39:55] [Render thread/DEBUG] (FabricLoader/Mixin) fabric-rendering-v1.mixins.json:LevelExtractorMixin from mod fabric-rendering-v1->@Inject::onReload(Lorg/spongepowered/asm/mixin/injection/callback/CallbackInfo;)V doesn't use it's CallbackInfo
[21:39:55] [Render thread/DEBUG] (FabricLoader/Mixin) fabric-rendering-v1.mixins.json:LevelExtractorMixin from mod fabric-rendering-v1->@Inject::onReload(Lorg/spongepowered/asm/mixin/injection/callback/CallbackInfo;)V has 0 override(s) in child classes
[21:39:55] [Render thread/DEBUG] (FabricLoader/Mixin) fabric-rendering-v1.mixins.json:LevelExtractorMixin from mod fabric-rendering-v1->@Inject::onReload(Lorg/spongepowered/asm/mixin/injection/callback/CallbackInfo;)V won't be passed a CallbackInfo as a result
[21:39:55] [Render thread/DEBUG] (FabricLoader/Mixin) Mixing DebugRendererMixin from fabric-debug-api-v1.client.mixins.json into net.minecraft.client.renderer.debug.DebugRenderer
[21:39:55] [Render thread/DEBUG] (FabricLoader/Mixin) fabric-debug-api-v1.client.mixins.json:DebugRendererMixin from mod fabric-debug-api-v1->@Inject::registerRenderers(Lorg/spongepowered/asm/mixin/injection/callback/CallbackInfo;)V doesn't use it's CallbackInfo
[21:39:55] [Render thread/DEBUG] (FabricLoader/Mixin) fabric-debug-api-v1.client.mixins.json:DebugRendererMixin from mod fabric-debug-api-v1->@Inject::registerRenderers(Lorg/spongepowered/asm/mixin/injection/callback/CallbackInfo;)V has 0 override(s) in child classes
[21:39:55] [Render thread/DEBUG] (FabricLoader/Mixin) fabric-debug-api-v1.client.mixins.json:DebugRendererMixin from mod fabric-debug-api-v1->@Inject::registerRenderers(Lorg/spongepowered/asm/mixin/injection/callback/CallbackInfo;)V won't be passed a CallbackInfo as a result
[21:39:55] [Render thread/DEBUG] (FabricLoader/Mixin) Mixing KeyedClientResourceReloadListenerMixin from fabric-resource-loader-v1.client.mixins.json into net.minecraft.client.renderer.GpuWarnlistManager
[21:39:55] [Render thread/DEBUG] (FabricLoader/Mixin) Mixing GuiMixin from fabric-screen-api-v1.mixins.json into net.minecraft.client.gui.Gui
[21:39:55] [Render thread/DEBUG] (FabricLoader/Mixin) Renaming @Unique field LOGGERLorg/slf4j/Logger; to fd17564f$fabric-screen-api-v1$LOGGER$0 in fabric-screen-api-v1.mixins.json:GuiMixin from mod fabric-screen-api-v1
[21:39:55] [Render thread/DEBUG] (FabricLoader/Mixin) fabric-screen-api-v1.mixins.json:GuiMixin from mod fabric-screen-api-v1->@Inject::checkThreadOnDev(Lnet/minecraft/client/gui/screens/Screen;Lorg/spongepowered/asm/mixin/injection/callback/CallbackInfo;)V doesn't use it's CallbackInfo
[21:39:55] [Render thread/DEBUG] (FabricLoader/Mixin) fabric-screen-api-v1.mixins.json:GuiMixin from mod fabric-screen-api-v1->@Inject::checkThreadOnDev(Lnet/minecraft/client/gui/screens/Screen;Lorg/spongepowered/asm/mixin/injection/callback/CallbackInfo;)V has 0 override(s) in child classes
[21:39:55] [Render thread/DEBUG] (FabricLoader/Mixin) fabric-screen-api-v1.mixins.json:GuiMixin from mod fabric-screen-api-v1->@Inject::checkThreadOnDev(Lnet/minecraft/client/gui/screens/Screen;Lorg/spongepowered/asm/mixin/injection/callback/CallbackInfo;)V won't be passed a CallbackInfo as a result
[21:39:55] [Render thread/DEBUG] (FabricLoader/Mixin) fabric-screen-api-v1.mixins.json:GuiMixin from mod fabric-screen-api-v1->@Inject::onScreenRemove(Lnet/minecraft/client/gui/screens/Screen;Lorg/spongepowered/asm/mixin/injection/callback/CallbackInfo;)V doesn't use it's CallbackInfo
[21:39:55] [Render thread/DEBUG] (FabricLoader/Mixin) fabric-screen-api-v1.mixins.json:GuiMixin from mod fabric-screen-api-v1->@Inject::onScreenRemove(Lnet/minecraft/client/gui/screens/Screen;Lorg/spongepowered/asm/mixin/injection/callback/CallbackInfo;)V has 0 override(s) in child classes
[21:39:55] [Render thread/DEBUG] (FabricLoader/Mixin) fabric-screen-api-v1.mixins.json:GuiMixin from mod fabric-screen-api-v1->@Inject::onScreenRemove(Lnet/minecraft/client/gui/screens/Screen;Lorg/spongepowered/asm/mixin/injection/callback/CallbackInfo;)V won't be passed a CallbackInfo as a result
[21:39:55] [Render thread/DEBUG] (FabricLoader/Mixin) fabric-screen-api-v1.mixins.json:GuiMixin from mod fabric-screen-api-v1->@Inject::beforeScreenTick(Lorg/spongepowered/asm/mixin/injection/callback/CallbackInfo;)V doesn't use it's CallbackInfo
[21:39:55] [Render thread/DEBUG] (FabricLoader/Mixin) fabric-screen-api-v1.mixins.json:GuiMixin from mod fabric-screen-api-v1->@Inject::beforeScreenTick(Lorg/spongepowered/asm/mixin/injection/callback/CallbackInfo;)V has 0 override(s) in child classes
[21:39:55] [Render thread/DEBUG] (FabricLoader/Mixin) fabric-screen-api-v1.mixins.json:GuiMixin from mod fabric-screen-api-v1->@Inject::beforeScreenTick(Lorg/spongepowered/asm/mixin/injection/callback/CallbackInfo;)V won't be passed a CallbackInfo as a result
[21:39:55] [Render thread/DEBUG] (FabricLoader/Mixin) fabric-screen-api-v1.mixins.json:GuiMixin from mod fabric-screen-api-v1->@Inject::afterScreenTick(Lorg/spongepowered/asm/mixin/injection/callback/CallbackInfo;)V doesn't use it's CallbackInfo
[21:39:55] [Render thread/DEBUG] (FabricLoader/Mixin) fabric-screen-api-v1.mixins.json:GuiMixin from mod fabric-screen-api-v1->@Inject::afterScreenTick(Lorg/spongepowered/asm/mixin/injection/callback/CallbackInfo;)V has 0 override(s) in child classes
[21:39:55] [Render thread/DEBUG] (FabricLoader/Mixin) fabric-screen-api-v1.mixins.json:GuiMixin from mod fabric-screen-api-v1->@Inject::afterScreenTick(Lorg/spongepowered/asm/mixin/injection/callback/CallbackInfo;)V won't be passed a CallbackInfo as a result
[21:39:55] [Render thread/DEBUG] (FabricLoader/Mixin) Mixing advancement.AdvancementsScreenMixin from fabric-rendering-v1.mixins.json into net.minecraft.client.gui.screens.advancements.AdvancementsScreen
[21:39:55] [Render thread/DEBUG] (FabricLoader/Mixin) Renaming synthetic method lambda$wrapDrawIcon$0(Lcom/llamalad7/mixinextras/injector/wrapoperation/Operation;Lnet/minecraft/client/gui/screens/advancements/AdvancementTab;Lnet/minecraft/client/gui/GuiGraphicsExtractor;II)Ljava/lang/Void; to md17564f$fabric-rendering-v1$lambda$wrapDrawIcon$0$0 in fabric-rendering-v1.mixins.json:advancement.AdvancementsScreenMixin from mod fabric-rendering-v1
[21:39:55] [Render thread/DEBUG] (FabricLoader/Mixin) Mixing HudAccessor from fabric-rendering-v1.mixins.json into net.minecraft.client.gui.Hud
[21:39:55] [Render thread/DEBUG] (FabricLoader/Mixin) Mixing HudMixin from fabric-rendering-v1.mixins.json into net.minecraft.client.gui.Hud
[21:39:55] [Render thread/DEBUG] (FabricLoader/Mixin) Renaming synthetic method lambda$wrapPlayerList$0(Lcom/llamalad7/mixinextras/injector/wrapoperation/Operation;Lnet/minecraft/client/gui/Hud;Lnet/minecraft/client/gui/GuiGraphicsExtractor;Lnet/minecraft/client/DeltaTracker;)V to md17564f$fabric-rendering-v1$lambda$wrapPlayerList$0$0 in fabric-rendering-v1.mixins.json:HudMixin from mod fabric-rendering-v1
[21:39:55] [Render thread/DEBUG] (FabricLoader/Mixin) Renaming synthetic method lambda$wrapChat$0(Lcom/llamalad7/mixinextras/injector/wrapoperation/Operation;Lnet/minecraft/client/gui/Hud;Lnet/minecraft/client/gui/GuiGraphicsExtractor;Lnet/minecraft/client/DeltaTracker;)V to md17564f$fabric-rendering-v1$lambda$wrapChat$0$1 in fabric-rendering-v1.mixins.json:HudMixin from mod fabric-rendering-v1
[21:39:55] [Render thread/DEBUG] (FabricLoader/Mixin) Renaming synthetic method lambda$wrapTitleAndSubtitle$0(Lcom/llamalad7/mixinextras/injector/wrapoperation/Operation;Lnet/minecraft/client/gui/Hud;Lnet/minecraft/client/gui/GuiGraphicsExtractor;Lnet/minecraft/client/DeltaTracker;)V to md17564f$fabric-rendering-v1$lambda$wrapTitleAndSubtitle$0$2 in fabric-rendering-v1.mixins.json:HudMixin from mod fabric-rendering-v1
[21:39:55] [Render thread/DEBUG] (FabricLoader/Mixin) Renaming synthetic method lambda$wrapOverlayMessage$0(Lcom/llamalad7/mixinextras/injector/wrapoperation/Operation;Lnet/minecraft/client/gui/Hud;Lnet/minecraft/client/gui/GuiGraphicsExtractor;Lnet/minecraft/client/DeltaTracker;)V to md17564f$fabric-rendering-v1$lambda$wrapOverlayMessage$0$3 in fabric-rendering-v1.mixins.json:HudMixin from mod fabric-rendering-v1
[21:39:55] [Render thread/DEBUG] (FabricLoader/Mixin) Renaming synthetic method lambda$wrapScoreboardSidebar$0(Lcom/llamalad7/mixinextras/injector/wrapoperation/Operation;Lnet/minecraft/client/gui/Hud;Lnet/minecraft/client/gui/GuiGraphicsExtractor;Lnet/minecraft/client/DeltaTracker;)V to md17564f$fabric-rendering-v1$lambda$wrapScoreboardSidebar$0$4 in fabric-rendering-v1.mixins.json:HudMixin from mod fabric-rendering-v1
[21:39:55] [Render thread/DEBUG] (FabricLoader/Mixin) Renaming synthetic method lambda$wrapDemoTimer$0(Lcom/llamalad7/mixinextras/injector/wrapoperation/Operation;Lnet/minecraft/client/gui/Hud;Lnet/minecraft/client/gui/GuiGraphicsExtractor;Lnet/minecraft/client/DeltaTracker;)V to md17564f$fabric-rendering-v1$lambda$wrapDemoTimer$0$5 in fabric-rendering-v1.mixins.json:HudMixin from mod fabric-rendering-v1
[21:39:55] [Render thread/DEBUG] (FabricLoader/Mixin) Renaming synthetic method lambda$wrapSleepOverlay$0(Lcom/llamalad7/mixinextras/injector/wrapoperation/Operation;Lnet/minecraft/client/gui/Hud;Lnet/minecraft/client/gui/GuiGraphicsExtractor;Lnet/minecraft/client/DeltaTracker;)V to md17564f$fabric-rendering-v1$lambda$wrapSleepOverlay$0$6 in fabric-rendering-v1.mixins.json:HudMixin from mod fabric-rendering-v1
[21:39:55] [Render thread/DEBUG] (FabricLoader/Mixin) Renaming synthetic method lambda$wrapBossHealthOverlay$0(Lcom/llamalad7/mixinextras/injector/wrapoperation/Operation;Lnet/minecraft/client/gui/Hud;Lnet/minecraft/client/gui/GuiGraphicsExtractor;Lnet/minecraft/client/DeltaTracker;)V to md17564f$fabric-rendering-v1$lambda$wrapBossHealthOverlay$0$7 in fabric-rendering-v1.mixins.json:HudMixin from mod fabric-rendering-v1
[21:39:55] [Render thread/DEBUG] (FabricLoader/Mixin) Renaming synthetic method lambda$wrapMobEffectOverlay$0(Lcom/llamalad7/mixinextras/injector/wrapoperation/Operation;Lnet/minecraft/client/gui/Hud;Lnet/minecraft/client/gui/GuiGraphicsExtractor;Lnet/minecraft/client/DeltaTracker;)V to md17564f$fabric-rendering-v1$lambda$wrapMobEffectOverlay$0$8 in fabric-rendering-v1.mixins.json:HudMixin from mod fabric-rendering-v1
[21:39:55] [Render thread/DEBUG] (FabricLoader/Mixin) Renaming synthetic method lambda$wrapExtractSpectatorGui$0(Lcom/llamalad7/mixinextras/injector/wrapoperation/Operation;Lnet/minecraft/client/gui/components/spectator/SpectatorGui;Lnet/minecraft/client/gui/GuiGraphicsExtractor;Lnet/minecraft/client/DeltaTracker;)V to md17564f$fabric-rendering-v1$lambda$wrapExtractSpectatorGui$0$9 in fabric-rendering-v1.mixins.json:HudMixin from mod fabric-rendering-v1
[21:39:55] [Render thread/DEBUG] (FabricLoader/Mixin) Renaming synthetic method lambda$wrapHeldItemTooltip$0(Lcom/llamalad7/mixinextras/injector/wrapoperation/Operation;Lnet/minecraft/client/gui/Hud;Lnet/minecraft/client/gui/GuiGraphicsExtractor;Lnet/minecraft/client/DeltaTracker;)V to md17564f$fabric-rendering-v1$lambda$wrapHeldItemTooltip$0$a in fabric-rendering-v1.mixins.json:HudMixin from mod fabric-rendering-v1
[21:39:55] [Render thread/DEBUG] (FabricLoader/Mixin) Renaming synthetic method lambda$wrapExperienceLevel$0(Lcom/llamalad7/mixinextras/injector/wrapoperation/Operation;Lnet/minecraft/client/gui/Font;ILnet/minecraft/client/gui/GuiGraphicsExtractor;Lnet/minecraft/client/DeltaTracker;)V to md17564f$fabric-rendering-v1$lambda$wrapExperienceLevel$0$b in fabric-rendering-v1.mixins.json:HudMixin from mod fabric-rendering-v1
[21:39:55] [Render thread/DEBUG] (FabricLoader/Mixin) Renaming synthetic method lambda$wrapExtractInfoBar$0(Lcom/llamalad7/mixinextras/injector/wrapoperation/Operation;Lnet/minecraft/client/gui/contextualbar/ContextualBar;Lnet/minecraft/client/gui/GuiGraphicsExtractor;Lnet/minecraft/client/DeltaTracker;)V to md17564f$fabric-rendering-v1$lambda$wrapExtractInfoBar$0$c in fabric-rendering-v1.mixins.json:HudMixin from mod fabric-rendering-v1
[21:39:55] [Render thread/DEBUG] (FabricLoader/Mixin) Renaming synthetic method lambda$wrapMountHealth$0(Lcom/llamalad7/mixinextras/injector/wrapoperation/Operation;Lnet/minecraft/client/gui/Hud;Lnet/minecraft/client/gui/GuiGraphicsExtractor;Lnet/minecraft/client/DeltaTracker;)V to md17564f$fabric-rendering-v1$lambda$wrapMountHealth$0$d in fabric-rendering-v1.mixins.json:HudMixin from mod fabric-rendering-v1
[21:39:55] [Render thread/DEBUG] (FabricLoader/Mixin) Renaming synthetic method lambda$wrapAirBar$0(Lcom/llamalad7/mixinextras/injector/wrapoperation/Operation;Lnet/minecraft/client/gui/Hud;Lnet/minecraft/world/entity/player/Player;IIILnet/minecraft/client/gui/GuiGraphicsExtractor;Lnet/minecraft/client/DeltaTracker;)V to md17564f$fabric-rendering-v1$lambda$wrapAirBar$0$e in fabric-rendering-v1.mixins.json:HudMixin from mod fabric-rendering-v1
[21:39:55] [Render thread/DEBUG] (FabricLoader/Mixin) Renaming synthetic method lambda$wrapFoodBar$0(Lcom/llamalad7/mixinextras/injector/wrapoperation/Operation;Lnet/minecraft/client/gui/Hud;Lnet/minecraft/world/entity/player/Player;IILnet/minecraft/client/gui/GuiGraphicsExtractor;Lnet/minecraft/client/DeltaTracker;)V to md17564f$fabric-rendering-v1$lambda$wrapFoodBar$0$f in fabric-rendering-v1.mixins.json:HudMixin from mod fabric-rendering-v1
[21:39:55] [Render thread/DEBUG] (FabricLoader/Mixin) Renaming synthetic method lambda$wrapHealthBar$0(Lcom/llamalad7/mixinextras/injector/wrapoperation/Operation;Lnet/minecraft/client/gui/Hud;Lnet/minecraft/world/entity/player/Player;IIIIFIIIZLnet/minecraft/client/gui/GuiGraphicsExtractor;Lnet/minecraft/client/DeltaTracker;)V to md17564f$fabric-rendering-v1$lambda$wrapHealthBar$0$10 in fabric-rendering-v1.mixins.json:HudMixin from mod fabric-rendering-v1
[21:39:55] [Render thread/DEBUG] (FabricLoader/Mixin) Renaming synthetic method lambda$wrapArmorBar$0(Lcom/llamalad7/mixinextras/injector/wrapoperation/Operation;Lnet/minecraft/world/entity/player/Player;IIIILnet/minecraft/client/gui/GuiGraphicsExtractor;Lnet/minecraft/client/DeltaTracker;)V to md17564f$fabric-rendering-v1$lambda$wrapArmorBar$0$11 in fabric-rendering-v1.mixins.json:HudMixin from mod fabric-rendering-v1
[21:39:55] [Render thread/DEBUG] (FabricLoader/Mixin) Renaming synthetic method lambda$wrapHotbar$0(Lcom/llamalad7/mixinextras/injector/wrapoperation/Operation;Lnet/minecraft/client/gui/Hud;Lnet/minecraft/client/gui/GuiGraphicsExtractor;Lnet/minecraft/client/DeltaTracker;)V to md17564f$fabric-rendering-v1$lambda$wrapHotbar$0$12 in fabric-rendering-v1.mixins.json:HudMixin from mod fabric-rendering-v1
[21:39:55] [Render thread/DEBUG] (FabricLoader/Mixin) Renaming synthetic method lambda$wrapSpectatorMenu$0(Lcom/llamalad7/mixinextras/injector/wrapoperation/Operation;Lnet/minecraft/client/gui/components/spectator/SpectatorGui;Lnet/minecraft/client/gui/GuiGraphicsExtractor;Lnet/minecraft/client/DeltaTracker;)V to md17564f$fabric-rendering-v1$lambda$wrapSpectatorMenu$0$13 in fabric-rendering-v1.mixins.json:HudMixin from mod fabric-rendering-v1
[21:39:55] [Render thread/DEBUG] (FabricLoader/Mixin) Renaming synthetic method lambda$wrapCrosshair$0(Lcom/llamalad7/mixinextras/injector/wrapoperation/Operation;Lnet/minecraft/client/gui/Hud;Lnet/minecraft/client/gui/GuiGraphicsExtractor;Lnet/minecraft/client/DeltaTracker;)V to md17564f$fabric-rendering-v1$lambda$wrapCrosshair$0$14 in fabric-rendering-v1.mixins.json:HudMixin from mod fabric-rendering-v1
[21:39:55] [Render thread/DEBUG] (FabricLoader/Mixin) Renaming synthetic method lambda$wrapMiscOverlays$0(Lcom/llamalad7/mixinextras/injector/wrapoperation/Operation;Lnet/minecraft/client/gui/Hud;Lnet/minecraft/client/gui/GuiGraphicsExtractor;Lnet/minecraft/client/DeltaTracker;)V to md17564f$fabric-rendering-v1$lambda$wrapMiscOverlays$0$15 in fabric-rendering-v1.mixins.json:HudMixin from mod fabric-rendering-v1
[21:39:55] [Render thread/DEBUG] (FabricLoader/Mixin) Mixing HudMixin from fabric-content-registries-v0.client.mixins.json into net.minecraft.client.gui.Hud
[21:39:55] [Render thread/DEBUG] (FabricLoader/Mixin) Mixing KeyedClientResourceReloadListenerMixin from fabric-resource-loader-v1.client.mixins.json into net.minecraft.client.resources.WaypointStyleManager
[21:39:55] [Render thread/DEBUG] (FabricLoader/Mixin) Mixing SubtitleOverlayMixin from fabric-rendering-v1.mixins.json into net.minecraft.client.gui.components.SubtitleOverlay
[21:39:55] [Render thread/DEBUG] (FabricLoader/Mixin) Renaming synthetic method lambda$wrapExtractRenderState$0(Lcom/llamalad7/mixinextras/injector/wrapoperation/Operation;Lnet/minecraft/client/gui/GuiGraphicsExtractor;Lnet/minecraft/client/DeltaTracker;)V to md17564f$fabric-rendering-v1$lambda$wrapExtractRenderState$0$0 in fabric-rendering-v1.mixins.json:SubtitleOverlayMixin from mod fabric-rendering-v1
[21:39:55] [Render thread/DEBUG] (FabricLoader/Mixin) Mixing KeyedClientResourceReloadListenerMixin from fabric-resource-loader-v1.client.mixins.json into net.minecraft.client.resources.SplashManager
[21:39:55] [Render thread/DEBUG] (FabricLoader/Mixin) Mixing ChatListenerMixin from fabric-message-api-v1.client.mixins.json into net.minecraft.client.multiplayer.chat.ChatListener
[21:39:55] [Render thread/DEBUG] (FabricLoader/Mixin) fabric-message-api-v1.client.mixins.json:ChatListenerMixin from mod fabric-message-api-v1->@Inject::fabric_onSignedChatMessage(Lnet/minecraft/network/chat/ChatType$Bound;Lnet/minecraft/network/chat/PlayerChatMessage;Lnet/minecraft/network/chat/Component;Lcom/mojang/authlib/GameProfile;ZLjava/time/Instant;Lorg/spongepowered/asm/mixin/injection/callback/CallbackInfoReturnable;)V does use it's CallbackInfoReturnable
[21:39:55] [Render thread/DEBUG] (FabricLoader/Mixin) fabric-message-api-v1.client.mixins.json:ChatListenerMixin from mod fabric-message-api-v1->@Inject::fabric_onFilteredSignedChatMessage(Lnet/minecraft/network/chat/ChatType$Bound;Lnet/minecraft/network/chat/PlayerChatMessage;Lnet/minecraft/network/chat/Component;Lcom/mojang/authlib/GameProfile;ZLjava/time/Instant;Lorg/spongepowered/asm/mixin/injection/callback/CallbackInfoReturnable;)V does use it's CallbackInfoReturnable
[21:39:55] [Render thread/DEBUG] (FabricLoader/Mixin) fabric-message-api-v1.client.mixins.json:ChatListenerMixin from mod fabric-message-api-v1->@Inject::fabric_onProfilelessChatMessage(Lnet/minecraft/network/chat/ChatType$Bound;Lnet/minecraft/network/chat/Component;Ljava/time/Instant;Lorg/spongepowered/asm/mixin/injection/callback/CallbackInfoReturnable;)V does use it's CallbackInfoReturnable
[21:39:55] [Render thread/DEBUG] (FabricLoader/Mixin) fabric-message-api-v1.client.mixins.json:ChatListenerMixin from mod fabric-message-api-v1->@Inject::fabric_allowSystemMessage(Lnet/minecraft/network/chat/Component;ZLorg/spongepowered/asm/mixin/injection/callback/CallbackInfo;)V does use it's CallbackInfo
[21:39:55] [Render thread/DEBUG] (FabricLoader/Mixin) fabric-message-api-v1.client.mixins.json:ChatListenerMixin from mod fabric-message-api-v1->@Inject::fabric_allowOverlayMessage(Lnet/minecraft/network/chat/Component;Lorg/spongepowered/asm/mixin/injection/callback/CallbackInfo;)V does use it's CallbackInfo
[21:39:55] [Render thread/DEBUG] (FabricLoader/Mixin) Mixing ResourceMixin from fabric-resource-loader-v1.mixins.json into net.minecraft.server.packs.resources.Resource
[21:39:55] [Render thread/DEBUG] (FabricLoader/Mixin) Mixing GuiGraphicsExtractorMixin from fabric-rendering-v1.mixins.json into net.minecraft.client.gui.GuiGraphicsExtractor
[21:39:55] [Render thread/DEBUG] (FabricLoader/Mixin) fabric-rendering-v1.mixins.json:GuiGraphicsExtractorMixin from mod fabric-rendering-v1->@Inject::drawStackOverlay(Lnet/minecraft/client/gui/Font;Lnet/minecraft/world/item/ItemStack;IILjava/lang/String;Lorg/spongepowered/asm/mixin/injection/callback/CallbackInfo;)V doesn't use it's CallbackInfo
[21:39:55] [Render thread/DEBUG] (FabricLoader/Mixin) fabric-rendering-v1.mixins.json:GuiGraphicsExtractorMixin from mod fabric-rendering-v1->@Inject::drawStackOverlay(Lnet/minecraft/client/gui/Font;Lnet/minecraft/world/item/ItemStack;IILjava/lang/String;Lorg/spongepowered/asm/mixin/injection/callback/CallbackInfo;)V has 0 override(s) in child classes
[21:39:55] [Render thread/DEBUG] (FabricLoader/Mixin) fabric-rendering-v1.mixins.json:GuiGraphicsExtractorMixin from mod fabric-rendering-v1->@Inject::drawStackOverlay(Lnet/minecraft/client/gui/Font;Lnet/minecraft/world/item/ItemStack;IILjava/lang/String;Lorg/spongepowered/asm/mixin/injection/callback/CallbackInfo;)V won't be passed a CallbackInfo as a result
[21:39:55] [Render thread/DEBUG] (FabricLoader/Mixin) fabric-rendering-v1.mixins.json:GuiGraphicsExtractorMixin from mod fabric-rendering-v1->@Inject::drawStackOverlay(Lnet/minecraft/client/gui/Font;Lnet/minecraft/world/item/ItemStack;IILjava/lang/String;Lorg/spongepowered/asm/mixin/injection/callback/CallbackInfo;)V doesn't use it's CallbackInfo
[21:39:55] [Render thread/DEBUG] (FabricLoader/Mixin) fabric-rendering-v1.mixins.json:GuiGraphicsExtractorMixin from mod fabric-rendering-v1->@Inject::drawStackOverlay(Lnet/minecraft/client/gui/Font;Lnet/minecraft/world/item/ItemStack;IILjava/lang/String;Lorg/spongepowered/asm/mixin/injection/callback/CallbackInfo;)V has 0 override(s) in child classes
[21:39:55] [Render thread/DEBUG] (FabricLoader/Mixin) fabric-rendering-v1.mixins.json:GuiGraphicsExtractorMixin from mod fabric-rendering-v1->@Inject::drawStackOverlay(Lnet/minecraft/client/gui/Font;Lnet/minecraft/world/item/ItemStack;IILjava/lang/String;Lorg/spongepowered/asm/mixin/injection/callback/CallbackInfo;)V won't be passed a CallbackInfo as a result
[21:39:55] [Render thread/INFO] (net.minecraft.server.packs.resources.ReloadableResourceManager) Reloading ResourceManager: vanilla, vanilla, aspengrove, fabric-api, fabric-api-base, fabric-api-lookup-api-v1, fabric-biome-api-v1, fabric-block-api-v1, fabric-block-getter-api-v2, fabric-client-gametest-api-v1, fabric-command-api-v2, fabric-content-registries-v0, fabric-convention-tags-v2, fabric-crash-report-info-v1, fabric-creative-tab-api-v1, fabric-data-attachment-api-v1, fabric-data-generation-api-v1, fabric-debug-api-v1, fabric-dimensions-v1, fabric-entity-events-v1, fabric-events-interaction-v0, fabric-game-rule-api-v1, fabric-gametest-api-v1, fabric-item-api-v1, fabric-key-mapping-api-v1, fabric-lifecycle-events-v1, fabric-loot-api-v3, fabric-menu-api-v1, fabric-message-api-v1, fabric-model-loading-api-v1, fabric-networking-api-v1, fabric-object-builder-api-v1, fabric-particles-v1, fabric-permission-api-v1, fabric-recipe-api-v1, fabric-registry-sync-v0, fabric-renderer-api-v1, fabric-renderer-indigo, fabric-rendering-fluids-v1, fabric-rendering-v1, fabric-resource-conditions-api-v1, fabric-resource-loader-v0, fabric-resource-loader-v1, fabric-screen-api-v1, fabric-serialization-api-v1, fabric-sound-api-v1, fabric-tag-api-v1, fabric-transfer-api-v1, fabric-transitive-access-wideners-v1, fabricloader
[21:39:55] [Render thread/DEBUG] (FabricLoader/Mixin) Mixing SimpleReloadInstanceMixin from fabric-resource-loader-v1.mixins.json into net.minecraft.server.packs.resources.SimpleReloadInstance
[21:39:55] [Render thread/DEBUG] (FabricLoader/Mixin) Mixing sprite.SpriteLoaderPreparationsMixin from fabric-renderer-api-v1.mixins.json into net.minecraft.client.renderer.texture.SpriteLoader$Preparations
[21:39:55] [Render thread/DEBUG] (FabricLoader/Mixin) Mixing RegistryAccessImmutableRegistryAccessMixin from fabric-dimensions-v1.mixins.json into net.minecraft.core.RegistryAccess$ImmutableRegistryAccess
[21:39:55] [Render thread/DEBUG] (FabricLoader/Mixin) Mixing modification.RegistryAccessImmutableRegistryAccessMixin from fabric-biome-api-v1.mixins.json into net.minecraft.core.RegistryAccess$ImmutableRegistryAccess
[21:39:56] [Render thread/DEBUG] (FabricLoader/Mixin) Mixing StagedVertexBufferDrawAccessor from fabric-rendering-v1.mixins.json into net.minecraft.client.renderer.StagedVertexBuffer$Draw
[21:39:56] [Render thread/DEBUG] (FabricLoader/Mixin) Mixing GuiRendererDrawAccessor from fabric-rendering-v1.mixins.json into net.minecraft.client.gui.render.GuiRenderer$Draw
[21:39:56] [Render thread/DEBUG] (com.mojang.blaze3d.systems.RenderSystem) Growing IndexBuffer: Old limit 0, new limit 60.
[21:39:56] [Download-1/INFO] (com.mojang.realmsclient.client.RealmsClient) Could not authorize you against Realms server: java.lang.RuntimeException: Failed to parse into SignedJWT: FabricMC
[21:39:56] [Download-1/ERROR] (com.mojang.realmsclient.client.RealmsClient) Failed to fetch Realms feature flags
com.mojang.realmsclient.exception.RealmsServiceException: Realms authentication error with message 'java.lang.RuntimeException: Failed to parse into SignedJWT: FabricMC'
	at knot//com.mojang.realmsclient.client.RealmsClient.execute(RealmsClient.java:625)
	at knot//com.mojang.realmsclient.client.RealmsClient.fetchFeatureFlags(RealmsClient.java:204)
	at java.base/java.util.concurrent.CompletableFuture$AsyncSupply.run(CompletableFuture.java:1789)
	at java.base/java.util.concurrent.ThreadPoolExecutor.runWorker(ThreadPoolExecutor.java:1090)
	at java.base/java.util.concurrent.ThreadPoolExecutor$Worker.run(ThreadPoolExecutor.java:614)
	at java.base/java.lang.Thread.run(Thread.java:1474)
[21:39:56] [Worker-Main-5/INFO] (net.minecraft.client.gui.font.providers.UnihexProvider) Found unifont_all_no_pua-17.0.01.hex, loading
[21:39:56] [Worker-Main-7/INFO] (net.minecraft.client.gui.font.providers.UnihexProvider) Found unifont_pua-17.0.01.hex, loading
[21:39:56] [Worker-Main-3/DEBUG] (FabricLoader/Mixin) Mixing LayerDefinitionsMixin from fabric-rendering-v1.mixins.json into net.minecraft.client.model.geom.LayerDefinitions
[21:39:56] [Worker-Main-3/DEBUG] (FabricLoader/Mixin) fabric-rendering-v1.mixins.json:LayerDefinitionsMixin from mod fabric-rendering-v1->@Inject::registerExtraModelData(Lorg/spongepowered/asm/mixin/injection/callback/CallbackInfoReturnable;)V doesn't use it's CallbackInfoReturnable
[21:39:56] [Worker-Main-3/DEBUG] (FabricLoader/Mixin) Mixing renderstate.RenderStateMixin from fabric-rendering-v1.mixins.json into net.minecraft.client.renderer.entity.state.EntityRenderState
[21:39:56] [Worker-Main-7/DEBUG] (FabricLoader/Mixin) Mixing BuiltInBlockModelsMixin from fabric-rendering-v1.mixins.json into net.minecraft.client.renderer.block.BuiltInBlockModels
[21:39:56] [Worker-Main-7/DEBUG] (FabricLoader/Mixin) fabric-rendering-v1.mixins.json:BuiltInBlockModelsMixin from mod fabric-rendering-v1->@Inject::createBlockModels(Lorg/spongepowered/asm/mixin/injection/callback/CallbackInfoReturnable;)V doesn't use it's CallbackInfoReturnable
[21:39:56] [Worker-Main-4/DEBUG] (FabricLoader/Mixin) Mixing CuboidModelAccessor from fabric-model-loading-api-v1.mixins.json into net.minecraft.client.resources.model.cuboid.CuboidModel
[21:39:56] [Worker-Main-4/DEBUG] (FabricLoader/Mixin) Mixing CuboidModelMixin from fabric-model-loading-api-v1.mixins.json into net.minecraft.client.resources.model.cuboid.CuboidModel
[21:39:56] [Worker-Main-5/INFO] (net.minecraft.client.gui.font.providers.UnihexProvider) Found unifont_jp_patch-17.0.01.hex, loading
[21:39:57] [Worker-Main-2/DEBUG] (FabricLoader/Mixin) Mixing block.model.MultiPartModelMixin from fabric-renderer-api-v1.mixins.json into net.minecraft.client.renderer.block.dispatch.multipart.MultiPartModel
[21:39:57] [Worker-Main-2/DEBUG] (FabricLoader/Mixin) Mixing block.model.WeightedVariantsMixin from fabric-renderer-api-v1.mixins.json into net.minecraft.client.renderer.block.dispatch.WeightedVariants
[21:39:58] [Worker-Main-1/DEBUG] (FabricLoader/Mixin) Mixing ModelBakeryMixin from fabric-model-loading-api-v1.mixins.json into net.minecraft.client.resources.model.ModelBakery
[21:39:58] [Worker-Main-1/DEBUG] (FabricLoader/Mixin) Renaming synthetic method lambda$withExtraModels$1(Lnet/minecraft/client/resources/model/ModelBakery$BakingResult;Ljava/util/Map;)Lnet/minecraft/client/resources/model/ModelBakery$BakingResult; to md17564f$fabric-model-loading-api-v1$lambda$withExtraModels$1$0 in fabric-model-loading-api-v1.mixins.json:ModelBakeryMixin from mod fabric-model-loading-api-v1
[21:39:58] [Worker-Main-1/DEBUG] (FabricLoader/Mixin) Renaming synthetic method lambda$withExtraModels$0(Lnet/minecraft/client/resources/model/ModelBakery$ModelBakerImpl;Lnet/fabricmc/fabric/api/client/model/loading/v1/ExtraModelKey;Lnet/fabricmc/fabric/api/client/model/loading/v1/UnbakedExtraModel;)Ljava/lang/Object; to md17564f$fabric-model-loading-api-v1$lambda$withExtraModels$0$1 in fabric-model-loading-api-v1.mixins.json:ModelBakeryMixin from mod fabric-model-loading-api-v1
[21:39:58] [Worker-Main-1/DEBUG] (FabricLoader/Mixin) Renaming synthetic method lambda$hookBlockModelBake$0(Ljava/util/function/BiFunction;Lnet/minecraft/world/level/block/state/BlockState;Lnet/minecraft/client/renderer/block/dispatch/BlockStateModel$UnbakedRoot;)Lnet/minecraft/client/renderer/block/dispatch/BlockStateModel; to md17564f$fabric-model-loading-api-v1$lambda$hookBlockModelBake$0$2 in fabric-model-loading-api-v1.mixins.json:ModelBakeryMixin from mod fabric-model-loading-api-v1
[21:39:58] [Worker-Main-1/DEBUG] (FabricLoader/Mixin) fabric-model-loading-api-v1.mixins.json:ModelBakeryMixin from mod fabric-model-loading-api-v1->@Inject::onReturnInit(Lorg/spongepowered/asm/mixin/injection/callback/CallbackInfo;)V doesn't use it's CallbackInfo
[21:39:58] [Worker-Main-1/DEBUG] (FabricLoader/Mixin) fabric-model-loading-api-v1.mixins.json:ModelBakeryMixin from mod fabric-model-loading-api-v1->@Inject::onReturnInit(Lorg/spongepowered/asm/mixin/injection/callback/CallbackInfo;)V has 0 override(s) in child classes
[21:39:58] [Worker-Main-1/DEBUG] (FabricLoader/Mixin) fabric-model-loading-api-v1.mixins.json:ModelBakeryMixin from mod fabric-model-loading-api-v1->@Inject::onReturnInit(Lorg/spongepowered/asm/mixin/injection/callback/CallbackInfo;)V won't be passed a CallbackInfo as a result
[21:39:58] [Worker-Main-1/DEBUG] (FabricLoader/Mixin) Mixing sprite.MaterialBakerMixin from fabric-renderer-api-v1.mixins.json into net.minecraft.client.resources.model.sprite.MaterialBaker
[21:39:58] [Worker-Main-1/DEBUG] (FabricLoader/Mixin) Mixing block.model.BlockStateModelPartMixin from fabric-renderer-api-v1.mixins.json into net.minecraft.client.renderer.block.dispatch.BlockStateModelPart
[21:39:58] [Worker-Main-1/DEBUG] (FabricLoader/Mixin) Mixing block.model.SimpleModelWrapperMixin from fabric-renderer-api-v1.mixins.json into net.minecraft.client.resources.model.SimpleModelWrapper
[21:39:58] [Worker-Main-1/DEBUG] (FabricLoader/Mixin) Renaming synthetic method lambda$emitQuads$0(Lnet/fabricmc/fabric/api/client/renderer/v1/mesh/MutableQuadView;)Z to md17564f$fabric-renderer-api-v1$lambda$emitQuads$0$0 in fabric-renderer-api-v1.mixins.json:block.model.SimpleModelWrapperMixin from mod fabric-renderer-api-v1
[21:39:58] [Worker-Main-1/DEBUG] (FabricLoader/Mixin) Renaming synthetic method lambda$analyzeMesh$0(Lcom/llamalad7/mixinextras/sugar/ref/LocalRef;Lnet/minecraft/client/resources/model/ModelBaker;Lnet/fabricmc/fabric/api/client/renderer/v1/mesh/QuadView;)V to md17564f$fabric-renderer-api-v1$lambda$analyzeMesh$0$1 in fabric-renderer-api-v1.mixins.json:block.model.SimpleModelWrapperMixin from mod fabric-renderer-api-v1
[21:39:58] [Worker-Main-1/DEBUG] (FabricLoader/Mixin) Renaming synthetic method lambda$storeModelBakery$0(Lcom/llamalad7/mixinextras/injector/wrapoperation/Operation;Lnet/minecraft/client/resources/model/geometry/QuadCollection;)Lcom/google/common/collect/Multimap; to md17564f$fabric-renderer-api-v1$lambda$storeModelBakery$0$2 in fabric-renderer-api-v1.mixins.json:block.model.SimpleModelWrapperMixin from mod fabric-renderer-api-v1
[21:39:58] [Worker-Main-1/DEBUG] (FabricLoader/Mixin) fabric-renderer-api-v1.mixins.json:block.model.SimpleModelWrapperMixin from mod fabric-renderer-api-v1->@Inject::analyzeMesh(Lnet/minecraft/client/resources/model/geometry/QuadCollection;Lorg/spongepowered/asm/mixin/injection/callback/CallbackInfoReturnable;)V doesn't use it's CallbackInfoReturnable
[21:39:58] [Worker-Main-7/DEBUG] (FabricLoader/Mixin) Mixing block.model.MultiPartModelSharedBakedStateAccessor from fabric-renderer-api-v1.mixins.json into net.minecraft.client.renderer.block.dispatch.multipart.MultiPartModel$SharedBakedState
[21:39:58] [Worker-Main-1/DEBUG] (FabricLoader/Mixin) Mixing ModelBakeryBakingResultMixin from fabric-model-loading-api-v1.mixins.json into net.minecraft.client.resources.model.ModelBakery$BakingResult
[21:39:58] [Worker-Main-6/DEBUG] (FabricLoader/Mixin) Mixing ModelPartAccessor from fabric-rendering-v1.mixins.json into net.minecraft.client.model.geom.ModelPart
[21:39:58] [Worker-Main-4/DEBUG] (FabricLoader/Mixin) Mixing block.render.BlockStateModelWrapperMixin from fabric-renderer-api-v1.mixins.json into net.minecraft.client.renderer.block.model.BlockStateModelWrapper
[21:39:58] [Worker-Main-4/DEBUG] (FabricLoader/Mixin) Renaming synthetic method lambda$update$0(Lnet/minecraft/core/Direction;)Z to md17564f$fabric-renderer-api-v1$lambda$update$0$0 in fabric-renderer-api-v1.mixins.json:block.render.BlockStateModelWrapperMixin from mod fabric-renderer-api-v1
[21:39:58] [Worker-Main-4/DEBUG] (FabricLoader/Mixin) Mixing FluidStateModelSetMixin from fabric-rendering-fluids-v1.mixins.json into net.minecraft.client.renderer.block.FluidStateModelSet
[21:39:58] [Worker-Main-4/DEBUG] (FabricLoader/Mixin) Renaming synthetic method lambda$bake$0(Ljava/util/Map$Entry;)Ljava/lang/String; to md17564f$fabric-rendering-fluids-v1$lambda$bake$0$0 in fabric-rendering-fluids-v1.mixins.json:FluidStateModelSetMixin from mod fabric-rendering-fluids-v1
[21:39:58] [Render thread/INFO] (com.mojang.blaze3d.audio.Library) OpenAL initialized on device OpenAL Soft on Speakers (Realtek(R) Audio)
[21:39:58] [Render thread/INFO] (net.minecraft.client.sounds.SoundEngine) Sound engine started
[21:39:58] [Render thread/INFO] (net.minecraft.client.renderer.texture.TextureAtlas) Created: 512x256x0 minecraft:textures/atlas/particles.png-atlas
[21:39:58] [Render thread/INFO] (net.minecraft.client.renderer.texture.TextureAtlas) Created: 256x128x0 minecraft:textures/atlas/celestials.png-atlas
[21:39:58] [Render thread/INFO] (net.minecraft.client.renderer.texture.TextureAtlas) Created: 128x128x0 minecraft:textures/atlas/decorated_pot.png-atlas
[21:39:58] [Render thread/INFO] (net.minecraft.client.renderer.texture.TextureAtlas) Created: 512x256x0 minecraft:textures/atlas/paintings.png-atlas
[21:39:58] [Render thread/INFO] (net.minecraft.client.renderer.texture.TextureAtlas) Created: 1024x512x0 minecraft:textures/atlas/shield_patterns.png-atlas
[21:39:58] [Render thread/INFO] (net.minecraft.client.renderer.texture.TextureAtlas) Created: 1024x512x0 minecraft:textures/atlas/banner_patterns.png-atlas
[21:39:58] [Render thread/INFO] (net.minecraft.client.renderer.texture.TextureAtlas) Created: 1024x512x0 minecraft:textures/atlas/blocks.png-atlas
[21:39:59] [Render thread/INFO] (net.minecraft.client.renderer.texture.TextureAtlas) Created: 1024x512x0 minecraft:textures/atlas/items.png-atlas
[21:39:59] [Render thread/INFO] (net.minecraft.client.renderer.texture.TextureAtlas) Created: 1024x1024x0 minecraft:textures/atlas/gui.png-atlas
[21:39:59] [Render thread/INFO] (net.minecraft.client.renderer.texture.TextureAtlas) Created: 128x64x0 minecraft:textures/atlas/map_decorations.png-atlas
[21:39:59] [Render thread/INFO] (net.minecraft.client.renderer.texture.TextureAtlas) Created: 512x512x0 minecraft:textures/atlas/chest.png-atlas
[21:39:59] [Render thread/INFO] (net.minecraft.client.renderer.texture.TextureAtlas) Created: 512x512x0 minecraft:textures/atlas/shulker_boxes.png-atlas
[21:39:59] [Render thread/DEBUG] (FabricLoader/Mixin) Mixing block.particle.BlockStateModelSetMixin from fabric-renderer-api-v1.mixins.json into net.minecraft.client.renderer.block.BlockStateModelSet
[21:39:59] [Render thread/DEBUG] (FabricLoader/Mixin) Mixing EntityRenderersMixin from fabric-rendering-v1.mixins.json into net.minecraft.client.renderer.entity.EntityRenderers
[21:39:59] [Render thread/DEBUG] (FabricLoader/Mixin) Renaming synthetic method lambda$onRegisterRenderers$0(Lnet/minecraft/world/entity/EntityType;Lnet/minecraft/client/renderer/entity/EntityRendererProvider;)V to md17564f$fabric-rendering-v1$lambda$onRegisterRenderers$0$0 in fabric-rendering-v1.mixins.json:EntityRenderersMixin from mod fabric-rendering-v1
[21:39:59] [Render thread/DEBUG] (FabricLoader/Mixin) fabric-rendering-v1.mixins.json:EntityRenderersMixin from mod fabric-rendering-v1->@Inject::onRegisterRenderers(Lorg/spongepowered/asm/mixin/injection/callback/CallbackInfo;)V doesn't use it's CallbackInfo
[21:39:59] [Render thread/DEBUG] (FabricLoader/Mixin) Mixing HumanoidMobRendererMixin from fabric-rendering-v1.mixins.json into net.minecraft.client.renderer.entity.HumanoidMobRenderer
[21:39:59] [Render thread/DEBUG] (FabricLoader/Mixin) Mixing HumanoidArmorLayerMixin from fabric-rendering-v1.mixins.json into net.minecraft.client.renderer.entity.layers.HumanoidArmorLayer
[21:39:59] [Render thread/DEBUG] (FabricLoader/Mixin) fabric-rendering-v1.mixins.json:HumanoidArmorLayerMixin from mod fabric-rendering-v1->@Inject::render(Lcom/mojang/blaze3d/vertex/PoseStack;Lnet/minecraft/client/renderer/SubmitNodeCollector;ILnet/minecraft/client/renderer/entity/state/HumanoidRenderState;FFLorg/spongepowered/asm/mixin/injection/callback/CallbackInfo;)V doesn't use it's CallbackInfo
[21:39:59] [Render thread/DEBUG] (FabricLoader/Mixin) fabric-rendering-v1.mixins.json:HumanoidArmorLayerMixin from mod fabric-rendering-v1->@Inject::render(Lcom/mojang/blaze3d/vertex/PoseStack;Lnet/minecraft/client/renderer/SubmitNodeCollector;ILnet/minecraft/client/renderer/entity/state/HumanoidRenderState;FFLorg/spongepowered/asm/mixin/injection/callback/CallbackInfo;)V has 0 override(s) in child classes
[21:39:59] [Render thread/DEBUG] (FabricLoader/Mixin) fabric-rendering-v1.mixins.json:HumanoidArmorLayerMixin from mod fabric-rendering-v1->@Inject::render(Lcom/mojang/blaze3d/vertex/PoseStack;Lnet/minecraft/client/renderer/SubmitNodeCollector;ILnet/minecraft/client/renderer/entity/state/HumanoidRenderState;FFLorg/spongepowered/asm/mixin/injection/callback/CallbackInfo;)V won't be passed a CallbackInfo as a result
[21:39:59] [Render thread/DEBUG] (FabricLoader/Mixin) fabric-rendering-v1.mixins.json:HumanoidArmorLayerMixin from mod fabric-rendering-v1->@Inject::renderArmor(Lcom/mojang/blaze3d/vertex/PoseStack;Lnet/minecraft/client/renderer/SubmitNodeCollector;Lnet/minecraft/world/item/ItemStack;Lnet/minecraft/world/entity/EquipmentSlot;ILnet/minecraft/client/renderer/entity/state/HumanoidRenderState;Lorg/spongepowered/asm/mixin/injection/callback/CallbackInfo;)V does use it's CallbackInfo
[21:39:59] [Render thread/DEBUG] (FabricLoader/Mixin) Mixing renderstate.BlockModelRenderStateMixin from fabric-rendering-v1.mixins.json into net.minecraft.client.renderer.block.BlockModelRenderState
[21:39:59] [Render thread/DEBUG] (FabricLoader/Mixin) Mixing renderstate.RenderStateMixin from fabric-rendering-v1.mixins.json into net.minecraft.client.renderer.block.BlockModelRenderState
[21:39:59] [Render thread/DEBUG] (FabricLoader/Mixin) Mixing block.render.BlockModelRenderStateMixin from fabric-renderer-api-v1.mixins.json into net.minecraft.client.renderer.block.BlockModelRenderState
[21:39:59] [Render thread/DEBUG] (FabricLoader/Mixin) Renaming synthetic method lambda$submitMesh$1(Lnet/minecraft/client/renderer/rendertype/RenderType;Lnet/minecraft/client/renderer/chunk/ChunkSectionLayer;)Lnet/minecraft/client/renderer/rendertype/RenderType; to md17564f$fabric-renderer-api-v1$lambda$submitMesh$1$0 in fabric-renderer-api-v1.mixins.json:block.render.BlockModelRenderStateMixin from mod fabric-renderer-api-v1
[21:39:59] [Render thread/DEBUG] (FabricLoader/Mixin) Renaming synthetic method lambda$submitMesh$0(Lnet/minecraft/client/renderer/rendertype/RenderType;Lnet/minecraft/client/renderer/chunk/ChunkSectionLayer;)Lnet/minecraft/client/renderer/rendertype/RenderType; to md17564f$fabric-renderer-api-v1$lambda$submitMesh$0$1 in fabric-renderer-api-v1.mixins.json:block.render.BlockModelRenderStateMixin from mod fabric-renderer-api-v1
[21:39:59] [Render thread/DEBUG] (FabricLoader/Mixin) fabric-rendering-v1.mixins.json:renderstate.BlockModelRenderStateMixin from mod fabric-rendering-v1->@Inject::clearExtraRenderData(Lorg/spongepowered/asm/mixin/injection/callback/CallbackInfo;)V doesn't use it's CallbackInfo
[21:39:59] [Render thread/DEBUG] (FabricLoader/Mixin) fabric-rendering-v1.mixins.json:renderstate.BlockModelRenderStateMixin from mod fabric-rendering-v1->@Inject::clearExtraRenderData(Lorg/spongepowered/asm/mixin/injection/callback/CallbackInfo;)V has 0 override(s) in child classes
[21:39:59] [Render thread/DEBUG] (FabricLoader/Mixin) fabric-rendering-v1.mixins.json:renderstate.BlockModelRenderStateMixin from mod fabric-rendering-v1->@Inject::clearExtraRenderData(Lorg/spongepowered/asm/mixin/injection/callback/CallbackInfo;)V won't be passed a CallbackInfo as a result
[21:39:59] [Render thread/DEBUG] (FabricLoader/Mixin) fabric-renderer-api-v1.mixins.json:block.render.BlockModelRenderStateMixin from mod fabric-renderer-api-v1->@Inject::onReturnClear(Lorg/spongepowered/asm/mixin/injection/callback/CallbackInfo;)V doesn't use it's CallbackInfo
[21:39:59] [Render thread/DEBUG] (FabricLoader/Mixin) fabric-renderer-api-v1.mixins.json:block.render.BlockModelRenderStateMixin from mod fabric-renderer-api-v1->@Inject::onReturnClear(Lorg/spongepowered/asm/mixin/injection/callback/CallbackInfo;)V has 0 override(s) in child classes
[21:39:59] [Render thread/DEBUG] (FabricLoader/Mixin) fabric-renderer-api-v1.mixins.json:block.render.BlockModelRenderStateMixin from mod fabric-renderer-api-v1->@Inject::onReturnClear(Lorg/spongepowered/asm/mixin/injection/callback/CallbackInfo;)V won't be passed a CallbackInfo as a result
[21:39:59] [Render thread/DEBUG] (FabricLoader/Mixin) fabric-renderer-api-v1.mixins.json:block.render.BlockModelRenderStateMixin from mod fabric-renderer-api-v1->@Inject::onReturnSetupModel(Lorg/spongepowered/asm/mixin/injection/callback/CallbackInfoReturnable;)V doesn't use it's CallbackInfoReturnable
[21:39:59] [Render thread/DEBUG] (FabricLoader/Mixin) fabric-renderer-api-v1.mixins.json:block.render.BlockModelRenderStateMixin from mod fabric-renderer-api-v1->@Inject::onReturnSetupModel(Lorg/spongepowered/asm/mixin/injection/callback/CallbackInfoReturnable;)V has 0 override(s) in child classes
[21:39:59] [Render thread/DEBUG] (FabricLoader/Mixin) fabric-renderer-api-v1.mixins.json:block.render.BlockModelRenderStateMixin from mod fabric-renderer-api-v1->@Inject::onReturnSetupModel(Lorg/spongepowered/asm/mixin/injection/callback/CallbackInfoReturnable;)V won't be passed a CallbackInfoReturnable as a result
[21:39:59] [Render thread/DEBUG] (FabricLoader/Mixin) fabric-renderer-api-v1.mixins.json:block.render.BlockModelRenderStateMixin from mod fabric-renderer-api-v1->@Inject::submitMesh(Lnet/minecraft/client/renderer/rendertype/RenderType;Lcom/mojang/blaze3d/vertex/PoseStack;Lnet/minecraft/client/renderer/SubmitNodeCollector;IIILorg/spongepowered/asm/mixin/injection/callback/CallbackInfo;)V does use it's CallbackInfo
[21:39:59] [Render thread/DEBUG] (FabricLoader/Mixin) Mixing CapeLayerMixin from fabric-rendering-v1.mixins.json into net.minecraft.client.renderer.entity.layers.CapeLayer
[21:39:59] [Render thread/DEBUG] (FabricLoader/Mixin) fabric-rendering-v1.mixins.json:CapeLayerMixin from mod fabric-rendering-v1->@Inject::injectCapeRenderCheck(Lcom/mojang/blaze3d/vertex/PoseStack;Lnet/minecraft/client/renderer/SubmitNodeCollector;ILnet/minecraft/client/renderer/entity/state/AvatarRenderState;FFLorg/spongepowered/asm/mixin/injection/callback/CallbackInfo;)V does use it's CallbackInfo
[21:39:59] [Render thread/DEBUG] (FabricLoader/Mixin) Mixing BlockEntityRenderersMixin from fabric-rendering-v1.mixins.json into net.minecraft.client.renderer.blockentity.BlockEntityRenderers
[21:39:59] [Render thread/DEBUG] (FabricLoader/Mixin) Renaming synthetic method lambda$init$0(Lnet/minecraft/world/level/block/entity/BlockEntityType;Lnet/minecraft/client/renderer/blockentity/BlockEntityRendererProvider;)V to md17564f$fabric-rendering-v1$lambda$init$0$0 in fabric-rendering-v1.mixins.json:BlockEntityRenderersMixin from mod fabric-rendering-v1
[21:39:59] [Render thread/DEBUG] (FabricLoader/Mixin) fabric-rendering-v1.mixins.json:BlockEntityRenderersMixin from mod fabric-rendering-v1->@Inject::init(Lorg/spongepowered/asm/mixin/injection/callback/CallbackInfo;)V doesn't use it's CallbackInfo
[21:39:59] [Render thread/DEBUG] (io.netty.util.internal.ThreadLocalRandom) -Dio.netty.initialSeedUniquifier: 0xaa47124bd45f25a3
[21:40:00] [Download-1/INFO] (com.mojang.realmsclient.client.RealmsClient) Could not authorize you against Realms server: java.lang.RuntimeException: Failed to parse into SignedJWT: FabricMC
[21:40:00] [Download-1/ERROR] (com.mojang.realmsclient.RealmsAvailability) Couldn't connect to realms
com.mojang.realmsclient.exception.RealmsServiceException: Realms authentication error with message 'java.lang.RuntimeException: Failed to parse into SignedJWT: FabricMC'
	at knot//com.mojang.realmsclient.client.RealmsClient.execute(RealmsClient.java:625)
	at knot//com.mojang.realmsclient.client.RealmsClient.clientCompatible(RealmsClient.java:354)
	at knot//com.mojang.realmsclient.RealmsAvailability.lambda$check$0(RealmsAvailability.java:48)
	at java.base/java.util.concurrent.CompletableFuture$AsyncSupply.run(CompletableFuture.java:1789)
	at java.base/java.util.concurrent.ThreadPoolExecutor.runWorker(ThreadPoolExecutor.java:1090)
	at java.base/java.util.concurrent.ThreadPoolExecutor$Worker.run(ThreadPoolExecutor.java:614)
	at java.base/java.lang.Thread.run(Thread.java:1474)
[21:40:00] [Render thread/DEBUG] (FabricLoader/Mixin) Mixing renderstate.RenderStateMixin from fabric-rendering-v1.mixins.json into net.minecraft.client.renderer.state.gui.PanoramaRenderState
[21:40:00] [Render thread/DEBUG] (com.mojang.blaze3d.systems.RenderSystem) Growing IndexBuffer: Old limit 60, new limit 216.
[21:40:01] [Render thread/DEBUG] (com.mojang.blaze3d.systems.RenderSystem) Growing IndexBuffer: Old limit 216, new limit 672.
[21:40:01] [Render thread/DEBUG] (com.mojang.blaze3d.systems.RenderSystem) Growing IndexBuffer: Old limit 672, new limit 2712.
[21:40:13] [Render thread/DEBUG] (FabricLoader/Mixin) Mixing CreateWorldScreenMixin from fabric-resource-loader-v1.client.mixins.json into net.minecraft.client.gui.screens.worldselection.CreateWorldScreen
[21:40:13] [Render thread/DEBUG] (FabricLoader/Mixin) fabric-resource-loader-v1.client.mixins.json:CreateWorldScreenMixin from mod fabric-resource-loader-v1->@Inject::onScanPacks(Lorg/spongepowered/asm/mixin/injection/callback/CallbackInfoReturnable;)V doesn't use it's CallbackInfoReturnable
[21:40:13] [Render thread/DEBUG] (FabricLoader/Mixin) fabric-resource-loader-v1.client.mixins.json:CreateWorldScreenMixin from mod fabric-resource-loader-v1->@Inject::onScanPacks(Lorg/spongepowered/asm/mixin/injection/callback/CallbackInfoReturnable;)V has 0 override(s) in child classes
[21:40:13] [Render thread/DEBUG] (FabricLoader/Mixin) fabric-resource-loader-v1.client.mixins.json:CreateWorldScreenMixin from mod fabric-resource-loader-v1->@Inject::onScanPacks(Lorg/spongepowered/asm/mixin/injection/callback/CallbackInfoReturnable;)V won't be passed a CallbackInfoReturnable as a result
[21:40:14] [Render thread/DEBUG] (FabricLoader/Mixin) Mixing ClientTooltipComponentMixin from fabric-resource-loader-v1.client.mixins.json into net.minecraft.client.gui.screens.inventory.tooltip.ClientTooltipComponent
[21:40:14] [Render thread/DEBUG] (FabricLoader/Mixin) Mixing ClientTooltipComponentMixin from fabric-rendering-v1.mixins.json into net.minecraft.client.gui.screens.inventory.tooltip.ClientTooltipComponent
[21:40:14] [Render thread/DEBUG] (FabricLoader/Mixin) fabric-resource-loader-v1.client.mixins.json:ClientTooltipComponentMixin from mod fabric-resource-loader-v1->@Inject::onCreate(Lnet/minecraft/world/inventory/tooltip/TooltipComponent;Lorg/spongepowered/asm/mixin/injection/callback/CallbackInfoReturnable;)V does use it's CallbackInfoReturnable
[21:40:14] [Render thread/DEBUG] (FabricLoader/Mixin) fabric-rendering-v1.mixins.json:ClientTooltipComponentMixin from mod fabric-rendering-v1->@Inject::convertCustomTooltipComponent(Lnet/minecraft/world/inventory/tooltip/TooltipComponent;Lorg/spongepowered/asm/mixin/injection/callback/CallbackInfoReturnable;)V does use it's CallbackInfoReturnable
[21:40:15] [Render thread/DEBUG] (FabricLoader/Mixin) Mixing WorldOpenFlowsMixin from fabric-registry-sync-v0.client.mixins.json into net.minecraft.client.gui.screens.worldselection.WorldOpenFlows
[21:40:15] [Render thread/DEBUG] (FabricLoader/Mixin) Mixing BackupConfirmScreenAccessor from fabric-registry-sync-v0.client.mixins.json into net.minecraft.client.gui.screens.BackupConfirmScreen
[21:40:16] [Render thread/DEBUG] (FabricLoader/Mixin) Mixing ReloadableServerResourcesMixin from fabric-tag-api-v1.mixins.json into net.minecraft.server.ReloadableServerResources
[21:40:16] [Render thread/DEBUG] (FabricLoader/Mixin) Mixing ReloadableServerResourcesMixin from fabric-resource-loader-v1.mixins.json into net.minecraft.server.ReloadableServerResources
[21:40:16] [Render thread/DEBUG] (FabricLoader/Mixin) Mixing ReloadableServerResourcesMixin from fabric-lifecycle-events-v1.mixins.json into net.minecraft.server.ReloadableServerResources
[21:40:16] [Render thread/DEBUG] (FabricLoader/Mixin) Mixing ReloadableServerResourcesMixin from fabric-resource-conditions-api-v1.mixins.json into net.minecraft.server.ReloadableServerResources
[21:40:16] [Render thread/DEBUG] (FabricLoader/Mixin) fabric-tag-api-v1.mixins.json:ReloadableServerResourcesMixin from mod fabric-tag-api-v1->@Inject::storeDynamicRegistries(Lnet/minecraft/server/ReloadableServerRegistries$LoadResult;Lnet/minecraft/world/flag/FeatureFlagSet;Lnet/minecraft/commands/Commands$CommandSelection;Ljava/util/List;Lnet/minecraft/server/permissions/PermissionSet;Ljava/util/List;Lorg/spongepowered/asm/mixin/injection/callback/CallbackInfo;)V doesn't use it's CallbackInfo
[21:40:16] [Render thread/DEBUG] (FabricLoader/Mixin) fabric-tag-api-v1.mixins.json:ReloadableServerResourcesMixin from mod fabric-tag-api-v1->@Inject::storeDynamicRegistries(Lnet/minecraft/server/ReloadableServerRegistries$LoadResult;Lnet/minecraft/world/flag/FeatureFlagSet;Lnet/minecraft/commands/Commands$CommandSelection;Ljava/util/List;Lnet/minecraft/server/permissions/PermissionSet;Ljava/util/List;Lorg/spongepowered/asm/mixin/injection/callback/CallbackInfo;)V has 0 override(s) in child classes
[21:40:16] [Render thread/DEBUG] (FabricLoader/Mixin) fabric-tag-api-v1.mixins.json:ReloadableServerResourcesMixin from mod fabric-tag-api-v1->@Inject::storeDynamicRegistries(Lnet/minecraft/server/ReloadableServerRegistries$LoadResult;Lnet/minecraft/world/flag/FeatureFlagSet;Lnet/minecraft/commands/Commands$CommandSelection;Ljava/util/List;Lnet/minecraft/server/permissions/PermissionSet;Ljava/util/List;Lorg/spongepowered/asm/mixin/injection/callback/CallbackInfo;)V won't be passed a CallbackInfo as a result
[21:40:16] [Render thread/DEBUG] (FabricLoader/Mixin) fabric-tag-api-v1.mixins.json:ReloadableServerResourcesMixin from mod fabric-tag-api-v1->@Inject::applyDynamicTagAliases(Lorg/spongepowered/asm/mixin/injection/callback/CallbackInfo;)V doesn't use it's CallbackInfo
[21:40:16] [Render thread/DEBUG] (FabricLoader/Mixin) fabric-tag-api-v1.mixins.json:ReloadableServerResourcesMixin from mod fabric-tag-api-v1->@Inject::applyDynamicTagAliases(Lorg/spongepowered/asm/mixin/injection/callback/CallbackInfo;)V has 0 override(s) in child classes
[21:40:16] [Render thread/DEBUG] (FabricLoader/Mixin) fabric-tag-api-v1.mixins.json:ReloadableServerResourcesMixin from mod fabric-tag-api-v1->@Inject::applyDynamicTagAliases(Lorg/spongepowered/asm/mixin/injection/callback/CallbackInfo;)V won't be passed a CallbackInfo as a result
[21:40:16] [Render thread/DEBUG] (FabricLoader/Mixin) fabric-lifecycle-events-v1.mixins.json:ReloadableServerResourcesMixin from mod fabric-lifecycle-events-v1->@Inject::init(Lnet/minecraft/server/ReloadableServerRegistries$LoadResult;Lnet/minecraft/world/flag/FeatureFlagSet;Lnet/minecraft/commands/Commands$CommandSelection;Ljava/util/List;Lnet/minecraft/server/permissions/PermissionSet;Ljava/util/List;Lorg/spongepowered/asm/mixin/injection/callback/CallbackInfo;)V doesn't use it's CallbackInfo
[21:40:16] [Render thread/DEBUG] (FabricLoader/Mixin) fabric-lifecycle-events-v1.mixins.json:ReloadableServerResourcesMixin from mod fabric-lifecycle-events-v1->@Inject::init(Lnet/minecraft/server/ReloadableServerRegistries$LoadResult;Lnet/minecraft/world/flag/FeatureFlagSet;Lnet/minecraft/commands/Commands$CommandSelection;Ljava/util/List;Lnet/minecraft/server/permissions/PermissionSet;Ljava/util/List;Lorg/spongepowered/asm/mixin/injection/callback/CallbackInfo;)V has 0 override(s) in child classes
[21:40:16] [Render thread/DEBUG] (FabricLoader/Mixin) fabric-lifecycle-events-v1.mixins.json:ReloadableServerResourcesMixin from mod fabric-lifecycle-events-v1->@Inject::init(Lnet/minecraft/server/ReloadableServerRegistries$LoadResult;Lnet/minecraft/world/flag/FeatureFlagSet;Lnet/minecraft/commands/Commands$CommandSelection;Ljava/util/List;Lnet/minecraft/server/permissions/PermissionSet;Ljava/util/List;Lorg/spongepowered/asm/mixin/injection/callback/CallbackInfo;)V won't be passed a CallbackInfo as a result
[21:40:16] [Render thread/DEBUG] (FabricLoader/Mixin) fabric-lifecycle-events-v1.mixins.json:ReloadableServerResourcesMixin from mod fabric-lifecycle-events-v1->@Inject::hookRefresh(Lorg/spongepowered/asm/mixin/injection/callback/CallbackInfo;)V doesn't use it's CallbackInfo
[21:40:16] [Render thread/DEBUG] (FabricLoader/Mixin) fabric-lifecycle-events-v1.mixins.json:ReloadableServerResourcesMixin from mod fabric-lifecycle-events-v1->@Inject::hookRefresh(Lorg/spongepowered/asm/mixin/injection/callback/CallbackInfo;)V has 0 override(s) in child classes
[21:40:16] [Render thread/DEBUG] (FabricLoader/Mixin) fabric-lifecycle-events-v1.mixins.json:ReloadableServerResourcesMixin from mod fabric-lifecycle-events-v1->@Inject::hookRefresh(Lorg/spongepowered/asm/mixin/injection/callback/CallbackInfo;)V won't be passed a CallbackInfo as a result
[21:40:16] [Render thread/DEBUG] (FabricLoader/Mixin) fabric-resource-conditions-api-v1.mixins.json:ReloadableServerResourcesMixin from mod fabric-resource-conditions-api-v1->@Inject::hookReload(Lnet/minecraft/server/packs/resources/ResourceManager;Lnet/minecraft/core/LayeredRegistryAccess;Ljava/util/List;Lnet/minecraft/world/flag/FeatureFlagSet;Lnet/minecraft/commands/Commands$CommandSelection;Lnet/minecraft/server/permissions/PermissionSet;Ljava/util/concurrent/Executor;Ljava/util/concurrent/Executor;Lorg/spongepowered/asm/mixin/injection/callback/CallbackInfoReturnable;)V doesn't use it's CallbackInfoReturnable
[21:40:16] [Render thread/DEBUG] (FabricLoader/Mixin) Mixing WorldLoaderMixin from fabric-registry-sync-v0.mixins.json into net.minecraft.server.WorldLoader
[21:40:16] [Render thread/DEBUG] (FabricLoader/Mixin) Mixing ServerPlayerGameModeMixin from fabric-events-interaction-v0.mixins.json into net.minecraft.server.level.ServerPlayerGameMode
[21:40:16] [Render thread/DEBUG] (FabricLoader/Mixin) fabric-events-interaction-v0.mixins.json:ServerPlayerGameModeMixin from mod fabric-events-interaction-v0->@Inject::startBlockBreak(Lnet/minecraft/core/BlockPos;Lnet/minecraft/network/protocol/game/ServerboundPlayerActionPacket$Action;Lnet/minecraft/core/Direction;IILorg/spongepowered/asm/mixin/injection/callback/CallbackInfo;)V does use it's CallbackInfo
[21:40:16] [Render thread/DEBUG] (FabricLoader/Mixin) fabric-events-interaction-v0.mixins.json:ServerPlayerGameModeMixin from mod fabric-events-interaction-v0->@Inject::interactBlock(Lnet/minecraft/server/level/ServerPlayer;Lnet/minecraft/world/level/Level;Lnet/minecraft/world/item/ItemStack;Lnet/minecraft/world/InteractionHand;Lnet/minecraft/world/phys/BlockHitResult;Lorg/spongepowered/asm/mixin/injection/callback/CallbackInfoReturnable;)V does use it's CallbackInfoReturnable
[21:40:16] [Render thread/DEBUG] (FabricLoader/Mixin) fabric-events-interaction-v0.mixins.json:ServerPlayerGameModeMixin from mod fabric-events-interaction-v0->@Inject::interactItem(Lnet/minecraft/server/level/ServerPlayer;Lnet/minecraft/world/level/Level;Lnet/minecraft/world/item/ItemStack;Lnet/minecraft/world/InteractionHand;Lorg/spongepowered/asm/mixin/injection/callback/CallbackInfoReturnable;)V does use it's CallbackInfoReturnable
[21:40:16] [Render thread/DEBUG] (FabricLoader/Mixin) fabric-events-interaction-v0.mixins.json:ServerPlayerGameModeMixin from mod fabric-events-interaction-v0->@Inject::breakBlock(Lnet/minecraft/core/BlockPos;Lorg/spongepowered/asm/mixin/injection/callback/CallbackInfoReturnable;)V does use it's CallbackInfoReturnable
[21:40:16] [Render thread/DEBUG] (FabricLoader/Mixin) fabric-events-interaction-v0.mixins.json:ServerPlayerGameModeMixin from mod fabric-events-interaction-v0->@Inject::onBlockBroken(Lnet/minecraft/core/BlockPos;Lorg/spongepowered/asm/mixin/injection/callback/CallbackInfoReturnable;)V doesn't use it's CallbackInfoReturnable
[21:40:16] [Render thread/DEBUG] (FabricLoader/Mixin) fabric-events-interaction-v0.mixins.json:ServerPlayerGameModeMixin from mod fabric-events-interaction-v0->@Inject::onBlockBroken(Lnet/minecraft/core/BlockPos;Lorg/spongepowered/asm/mixin/injection/callback/CallbackInfoReturnable;)V has 0 override(s) in child classes
[21:40:16] [Render thread/DEBUG] (FabricLoader/Mixin) fabric-events-interaction-v0.mixins.json:ServerPlayerGameModeMixin from mod fabric-events-interaction-v0->@Inject::onBlockBroken(Lnet/minecraft/core/BlockPos;Lorg/spongepowered/asm/mixin/injection/callback/CallbackInfoReturnable;)V won't be passed a CallbackInfoReturnable as a result
[21:40:16] [Render thread/DEBUG] (net.fabricmc.fabric.impl.resource.pack.ModPackResourcesUtil) [Fabric] Starting internal pack sorting with: [aspengrove, fabric-convention-tags-v2, fabric-gametest-api-v1]
[21:40:16] [Render thread/DEBUG] (net.fabricmc.fabric.impl.resource.pack.ModPackResourcesUtil) [Fabric] Removed all internal packs, result: []
[21:40:16] [Render thread/DEBUG] (net.fabricmc.fabric.impl.resource.pack.ModPackResourcesUtil) [Fabric] Final sorting result: []
[21:40:16] [Render thread/DEBUG] (net.fabricmc.fabric.impl.resource.pack.ModPackResourcesUtil) [Fabric] Starting internal pack sorting with: [vanilla, aspengrove, fabric-convention-tags-v2, fabric-gametest-api-v1]
[21:40:16] [Render thread/DEBUG] (net.fabricmc.fabric.impl.resource.pack.ModPackResourcesUtil) [Fabric] Removed all internal packs, result: [vanilla]
[21:40:16] [Render thread/DEBUG] (net.fabricmc.fabric.impl.resource.pack.ModPackResourcesUtil) [Fabric] cur @ vanilla, auto-enabled aspengrove, currently enabled: [vanilla, aspengrove]
[21:40:16] [Render thread/DEBUG] (net.fabricmc.fabric.impl.resource.pack.ModPackResourcesUtil) [Fabric] cur @ vanilla, auto-enabled fabric-convention-tags-v2, currently enabled: [vanilla, aspengrove, fabric-convention-tags-v2]
[21:40:16] [Render thread/DEBUG] (net.fabricmc.fabric.impl.resource.pack.ModPackResourcesUtil) [Fabric] cur @ vanilla, auto-enabled fabric-gametest-api-v1, currently enabled: [vanilla, aspengrove, fabric-convention-tags-v2, fabric-gametest-api-v1]
[21:40:16] [Render thread/DEBUG] (net.fabricmc.fabric.impl.resource.pack.ModPackResourcesUtil) [Fabric] Final sorting result: [vanilla, aspengrove, fabric-convention-tags-v2, fabric-gametest-api-v1]
[21:40:16] [Worker-Main-3/DEBUG] (FabricLoader/Mixin) Mixing TagLoaderMixin from fabric-tag-api-v1.mixins.json into net.minecraft.tags.TagLoader
[21:40:16] [Worker-Main-3/DEBUG] (FabricLoader/Mixin) Renaming synthetic method lambda$scopeIdToTryBuildTag$0(Lcom/llamalad7/mixinextras/injector/wrapoperation/Operation;Lnet/minecraft/tags/TagLoader;Lnet/minecraft/tags/TagEntry$Lookup;Ljava/util/List;)Lcom/mojang/datafixers/util/Either; to md17564f$fabric-tag-api-v1$lambda$scopeIdToTryBuildTag$0$0 in fabric-tag-api-v1.mixins.json:TagLoaderMixin from mod fabric-tag-api-v1
[21:40:16] [Worker-Main-3/DEBUG] (FabricLoader/Mixin) fabric-tag-api-v1.mixins.json:TagLoaderMixin from mod fabric-tag-api-v1->@Inject::removeTagRemovalReferenceOnReplace(Lnet/minecraft/server/packs/resources/ResourceManager;Lorg/spongepowered/asm/mixin/injection/callback/CallbackInfoReturnable;)V doesn't use it's CallbackInfoReturnable
[21:40:16] [Worker-Main-3/DEBUG] (FabricLoader/Mixin) fabric-tag-api-v1.mixins.json:TagLoaderMixin from mod fabric-tag-api-v1->@Inject::removeTagRemovalReferenceOnReplace(Lnet/minecraft/server/packs/resources/ResourceManager;Lorg/spongepowered/asm/mixin/injection/callback/CallbackInfoReturnable;)V has 0 override(s) in child classes
[21:40:16] [Worker-Main-3/DEBUG] (FabricLoader/Mixin) fabric-tag-api-v1.mixins.json:TagLoaderMixin from mod fabric-tag-api-v1->@Inject::removeTagRemovalReferenceOnReplace(Lnet/minecraft/server/packs/resources/ResourceManager;Lorg/spongepowered/asm/mixin/injection/callback/CallbackInfoReturnable;)V won't be passed a CallbackInfoReturnable as a result
[21:40:16] [Worker-Main-3/DEBUG] (FabricLoader/Mixin) fabric-tag-api-v1.mixins.json:TagLoaderMixin from mod fabric-tag-api-v1->@Inject::loadRemoveEntries(Lnet/minecraft/server/packs/resources/ResourceManager;Lorg/spongepowered/asm/mixin/injection/callback/CallbackInfoReturnable;)V doesn't use it's CallbackInfoReturnable
[21:40:16] [Worker-Main-3/DEBUG] (FabricLoader/Mixin) fabric-tag-api-v1.mixins.json:TagLoaderMixin from mod fabric-tag-api-v1->@Inject::loadRemoveEntries(Lnet/minecraft/server/packs/resources/ResourceManager;Lorg/spongepowered/asm/mixin/injection/callback/CallbackInfoReturnable;)V has 0 override(s) in child classes
[21:40:16] [Worker-Main-3/DEBUG] (FabricLoader/Mixin) fabric-tag-api-v1.mixins.json:TagLoaderMixin from mod fabric-tag-api-v1->@Inject::loadRemoveEntries(Lnet/minecraft/server/packs/resources/ResourceManager;Lorg/spongepowered/asm/mixin/injection/callback/CallbackInfoReturnable;)V won't be passed a CallbackInfoReturnable as a result
[21:40:16] [Worker-Main-3/DEBUG] (FabricLoader/Mixin) fabric-tag-api-v1.mixins.json:TagLoaderMixin from mod fabric-tag-api-v1->@Inject::removeTagRemovalReferencesWhenFinished(Ljava/util/Map;Lorg/spongepowered/asm/mixin/injection/callback/CallbackInfoReturnable;)V doesn't use it's CallbackInfoReturnable
[21:40:16] [Worker-Main-3/DEBUG] (FabricLoader/Mixin) fabric-tag-api-v1.mixins.json:TagLoaderMixin from mod fabric-tag-api-v1->@Inject::removeTagRemovalReferencesWhenFinished(Ljava/util/Map;Lorg/spongepowered/asm/mixin/injection/callback/CallbackInfoReturnable;)V has 0 override(s) in child classes
[21:40:16] [Worker-Main-3/DEBUG] (FabricLoader/Mixin) fabric-tag-api-v1.mixins.json:TagLoaderMixin from mod fabric-tag-api-v1->@Inject::removeTagRemovalReferencesWhenFinished(Ljava/util/Map;Lorg/spongepowered/asm/mixin/injection/callback/CallbackInfoReturnable;)V won't be passed a CallbackInfoReturnable as a result
[21:40:16] [Worker-Main-3/DEBUG] (FabricLoader/Mixin) Mixing TagFileMixin from fabric-tag-api-v1.mixins.json into net.minecraft.tags.TagFile
[21:40:16] [Worker-Main-3/DEBUG] (FabricLoader/Mixin) Mixing TagEntryAccessor from fabric-tag-api-v1.mixins.json into net.minecraft.tags.TagEntry
[21:40:16] [Worker-Main-3/DEBUG] (FabricLoader/Mixin) Mixing MappedRegistry2Mixin from fabric-tag-api-v1.mixins.json into net.minecraft.core.MappedRegistry$2
[21:40:16] [Worker-Main-3/DEBUG] (FabricLoader/Mixin) Mixing MappedRegistry3Mixin from fabric-tag-api-v1.mixins.json into net.minecraft.core.MappedRegistry$3
[21:40:16] [Worker-Main-3/DEBUG] (FabricLoader/Mixin) fabric-tag-api-v1.mixins.json:MappedRegistry3Mixin from mod fabric-tag-api-v1->@Inject::applyTagAliases(Lorg/spongepowered/asm/mixin/injection/callback/CallbackInfo;)V doesn't use it's CallbackInfo
[21:40:16] [Worker-Main-3/DEBUG] (FabricLoader/Mixin) fabric-tag-api-v1.mixins.json:MappedRegistry3Mixin from mod fabric-tag-api-v1->@Inject::applyTagAliases(Lorg/spongepowered/asm/mixin/injection/callback/CallbackInfo;)V has 0 override(s) in child classes
[21:40:16] [Worker-Main-3/DEBUG] (FabricLoader/Mixin) fabric-tag-api-v1.mixins.json:MappedRegistry3Mixin from mod fabric-tag-api-v1->@Inject::applyTagAliases(Lorg/spongepowered/asm/mixin/injection/callback/CallbackInfo;)V won't be passed a CallbackInfo as a result
[21:40:16] [Worker-Main-3/DEBUG] (FabricLoader/Mixin) Mixing RegistryDataLoaderMixin from fabric-registry-sync-v0.mixins.json into net.minecraft.resources.RegistryDataLoader
[21:40:16] [Worker-Main-3/DEBUG] (FabricLoader/Mixin) Renaming synthetic method lambda$thenApplyAsync$0(ZLjava/util/function/Function;Ljava/lang/Void;)Lnet/minecraft/core/RegistryAccess$Frozen; to md17564f$fabric-registry-sync-v0$lambda$thenApplyAsync$0$0 in fabric-registry-sync-v0.mixins.json:RegistryDataLoaderMixin from mod fabric-registry-sync-v0
[21:40:16] [Worker-Main-3/DEBUG] (FabricLoader/Mixin) Renaming synthetic method lambda$thenApplyAsync$1(Ljava/util/function/Function;Ljava/lang/Void;)Lnet/minecraft/core/RegistryAccess$Frozen; to md17564f$fabric-registry-sync-v0$lambda$thenApplyAsync$1$1 in fabric-registry-sync-v0.mixins.json:RegistryDataLoaderMixin from mod fabric-registry-sync-v0
[21:40:16] [Worker-Main-3/DEBUG] (FabricLoader/Mixin) Renaming synthetic method lambda$supplyAsync$0(ZLjava/util/function/Supplier;)Ljava/util/concurrent/CompletableFuture; to md17564f$fabric-registry-sync-v0$lambda$supplyAsync$0$2 in fabric-registry-sync-v0.mixins.json:RegistryDataLoaderMixin from mod fabric-registry-sync-v0
[21:40:16] [Worker-Main-3/DEBUG] (FabricLoader/Mixin) Renaming synthetic method lambda$wrapIsServerCall$0(Lcom/llamalad7/mixinextras/injector/wrapoperation/Operation;Ljava/lang/Object;Ljava/util/List;Ljava/util/List;Ljava/util/concurrent/Executor;)Ljava/util/concurrent/CompletableFuture; to md17564f$fabric-registry-sync-v0$lambda$wrapIsServerCall$0$3 in fabric-registry-sync-v0.mixins.json:RegistryDataLoaderMixin from mod fabric-registry-sync-v0
[21:40:16] [Worker-Main-3/DEBUG] (FabricLoader/Mixin) Mixing RegistryDataLoaderMixin from fabric-gametest-api-v1.mixins.json into net.minecraft.resources.RegistryDataLoader
[21:40:16] [Worker-Main-3/DEBUG] (FabricLoader/Mixin) Renaming synthetic method lambda$loadFromResources$0(Lnet/minecraft/resources/RegistryDataLoader$RegistryData;)Z to md17564f$fabric-gametest-api-v1$lambda$loadFromResources$0$4 in fabric-gametest-api-v1.mixins.json:RegistryDataLoaderMixin from mod fabric-gametest-api-v1
[21:40:16] [Worker-Main-3/DEBUG] (FabricLoader/Mixin) fabric-gametest-api-v1.mixins.json:RegistryDataLoaderMixin from mod fabric-gametest-api-v1->@Inject::loadFromResources(Lnet/minecraft/server/packs/resources/ResourceManager;Ljava/util/List;Ljava/util/List;Ljava/util/concurrent/Executor;Lorg/spongepowered/asm/mixin/injection/callback/CallbackInfoReturnable;)V doesn't use it's CallbackInfoReturnable
[21:40:16] [Worker-Main-3/DEBUG] (FabricLoader/Mixin) fabric-gametest-api-v1.mixins.json:RegistryDataLoaderMixin from mod fabric-gametest-api-v1->@Inject::beforeFreeze(Ljava/util/List;Ljava/util/Map;Ljava/lang/Void;Lorg/spongepowered/asm/mixin/injection/callback/CallbackInfoReturnable;)V doesn't use it's CallbackInfoReturnable
[21:40:16] [Worker-Main-3/DEBUG] (FabricLoader/Mixin) Mixing ResourceManagerRegistryLoadTaskMixin from fabric-item-api-v1.mixins.json into net.minecraft.resources.ResourceManagerRegistryLoadTask
[21:40:16] [Worker-Main-3/DEBUG] (FabricLoader/Mixin) Mixing ResourceManagerRegistryLoadTaskMixin from fabric-loot-api-v3.mixins.json into net.minecraft.resources.ResourceManagerRegistryLoadTask
[21:40:16] [Worker-Main-3/DEBUG] (FabricLoader/Mixin) Renaming synthetic method lambda$modifyLootTable$0(Lnet/minecraft/resources/ResourceKey;Lnet/minecraft/server/packs/resources/Resource;Lnet/minecraft/core/HolderLookup$Provider;Ljava/lang/Object;)Ljava/lang/Object; to md17564f$fabric-loot-api-v3$lambda$modifyLootTable$0$0 in fabric-loot-api-v3.mixins.json:ResourceManagerRegistryLoadTaskMixin from mod fabric-loot-api-v3
[21:40:16] [Worker-Main-3/DEBUG] (FabricLoader/Mixin) Mixing ResourceManagerRegistryLoadTaskMixin from fabric-resource-conditions-api-v1.mixins.json into net.minecraft.resources.ResourceManagerRegistryLoadTask
[21:40:16] [Worker-Main-3/DEBUG] (FabricLoader/Mixin) fabric-item-api-v1.mixins.json:ResourceManagerRegistryLoadTaskMixin from mod fabric-item-api-v1->@Inject::captureRegistries(Lnet/minecraft/resources/RegistryOps$RegistryInfoLookup;Ljava/util/concurrent/Executor;Lorg/spongepowered/asm/mixin/injection/callback/CallbackInfoReturnable;)V doesn't use it's CallbackInfoReturnable
[21:40:16] [Worker-Main-3/DEBUG] (FabricLoader/Mixin) fabric-item-api-v1.mixins.json:ResourceManagerRegistryLoadTaskMixin from mod fabric-item-api-v1->@Inject::captureRegistries(Lnet/minecraft/resources/RegistryOps$RegistryInfoLookup;Ljava/util/concurrent/Executor;Lorg/spongepowered/asm/mixin/injection/callback/CallbackInfoReturnable;)V has 0 override(s) in child classes
[21:40:16] [Worker-Main-3/DEBUG] (FabricLoader/Mixin) fabric-item-api-v1.mixins.json:ResourceManagerRegistryLoadTaskMixin from mod fabric-item-api-v1->@Inject::captureRegistries(Lnet/minecraft/resources/RegistryOps$RegistryInfoLookup;Ljava/util/concurrent/Executor;Lorg/spongepowered/asm/mixin/injection/callback/CallbackInfoReturnable;)V won't be passed a CallbackInfoReturnable as a result
[21:40:16] [Worker-Main-3/DEBUG] (FabricLoader/Mixin) Mixing RegistryLoadTaskPendingRegistrationMixin from fabric-resource-conditions-api-v1.mixins.json into net.minecraft.resources.RegistryLoadTask$PendingRegistration
[21:40:16] [Worker-Main-3/DEBUG] (FabricLoader/Mixin) fabric-resource-conditions-api-v1.mixins.json:RegistryLoadTaskPendingRegistrationMixin from mod fabric-resource-conditions-api-v1->@Inject::loadFromResource(Lcom/mojang/serialization/Decoder;Lnet/minecraft/resources/RegistryOps;Lnet/minecraft/resources/ResourceKey;Lnet/minecraft/server/packs/resources/Resource;Lorg/spongepowered/asm/mixin/injection/callback/CallbackInfoReturnable;)V does use it's CallbackInfoReturnable
[21:40:17] [Worker-Main-4/DEBUG] (FabricLoader/Mixin) Mixing EnchantmentBuilderAccessor from fabric-item-api-v1.mixins.json into net.minecraft.world.item.enchantment.Enchantment$Builder
[21:40:17] [Worker-Main-4/DEBUG] (FabricLoader/Mixin) Mixing EnchantmentBuilderMixin from fabric-item-api-v1.mixins.json into net.minecraft.world.item.enchantment.Enchantment$Builder
[21:40:17] [Worker-Main-4/DEBUG] (FabricLoader/Mixin) fabric-item-api-v1.mixins.json:EnchantmentBuilderMixin from mod fabric-item-api-v1->@Inject::markModified(Lorg/spongepowered/asm/mixin/injection/callback/CallbackInfoReturnable;)V does use it's CallbackInfo
[21:40:17] [Worker-Main-4/DEBUG] (FabricLoader/Mixin) fabric-item-api-v1.mixins.json:EnchantmentBuilderMixin from mod fabric-item-api-v1->@Inject::markModified(Lorg/spongepowered/asm/mixin/injection/callback/CallbackInfoReturnable;)V does use it's CallbackInfoReturnable
[21:40:17] [Worker-Main-4/DEBUG] (FabricLoader/Mixin) fabric-item-api-v1.mixins.json:EnchantmentBuilderMixin from mod fabric-item-api-v1->@Inject::markModified(Lorg/spongepowered/asm/mixin/injection/callback/CallbackInfoReturnable;)V does use it's CallbackInfoReturnable
[21:40:17] [Worker-Main-4/DEBUG] (FabricLoader/Mixin) fabric-item-api-v1.mixins.json:EnchantmentBuilderMixin from mod fabric-item-api-v1->@Inject::markModified(Lorg/spongepowered/asm/mixin/injection/callback/CallbackInfoReturnable;)V does use it's CallbackInfoReturnable
[21:40:17] [Worker-Main-4/DEBUG] (FabricLoader/Mixin) fabric-item-api-v1.mixins.json:EnchantmentBuilderMixin from mod fabric-item-api-v1->@Inject::markModified(Lorg/spongepowered/asm/mixin/injection/callback/CallbackInfoReturnable;)V does use it's CallbackInfoReturnable
[21:40:17] [Worker-Main-4/DEBUG] (FabricLoader/Mixin) fabric-item-api-v1.mixins.json:EnchantmentBuilderMixin from mod fabric-item-api-v1->@Inject::markModified(Lorg/spongepowered/asm/mixin/injection/callback/CallbackInfoReturnable;)V does use it's CallbackInfoReturnable
[21:40:17] [Worker-Main-4/DEBUG] (FabricLoader/Mixin) fabric-item-api-v1.mixins.json:EnchantmentBuilderMixin from mod fabric-item-api-v1->@Inject::markModified(Lorg/spongepowered/asm/mixin/injection/callback/CallbackInfoReturnable;)V does use it's CallbackInfoReturnable
[21:40:17] [Worker-Main-4/DEBUG] (FabricLoader/Mixin) fabric-item-api-v1.mixins.json:EnchantmentBuilderMixin from mod fabric-item-api-v1->@Inject::markModified(Lorg/spongepowered/asm/mixin/injection/callback/CallbackInfoReturnable;)V does use it's CallbackInfoReturnable
[21:40:17] [Worker-Main-4/DEBUG] (FabricLoader/Mixin) fabric-item-api-v1.mixins.json:EnchantmentBuilderMixin from mod fabric-item-api-v1->@Inject::markModified(Lorg/spongepowered/asm/mixin/injection/callback/CallbackInfoReturnable;)V does use it's CallbackInfoReturnable
[21:40:17] [Worker-Main-4/DEBUG] (FabricLoader/Mixin) fabric-item-api-v1.mixins.json:EnchantmentBuilderMixin from mod fabric-item-api-v1->@Inject::markModified(Lorg/spongepowered/asm/mixin/injection/callback/CallbackInfoReturnable;)V does use it's CallbackInfoReturnable
[21:40:17] [Worker-Main-4/DEBUG] (FabricLoader/Mixin) fabric-item-api-v1.mixins.json:EnchantmentBuilderMixin from mod fabric-item-api-v1->@Inject::markModified(Lorg/spongepowered/asm/mixin/injection/callback/CallbackInfoReturnable;)V does use it's CallbackInfoReturnable
[21:40:17] [Worker-Main-4/DEBUG] (FabricLoader/Mixin) fabric-item-api-v1.mixins.json:EnchantmentBuilderMixin from mod fabric-item-api-v1->@Inject::markModified(Lorg/spongepowered/asm/mixin/injection/callback/CallbackInfoReturnable;)V does use it's CallbackInfoReturnable
[21:40:17] [Worker-Main-7/DEBUG] (net.fabricmc.fabric.impl.item.BlockTransformerHelperImpl) Block transformer minecraft:axe was modified
[21:40:17] [Worker-Main-3/DEBUG] (FabricLoader/Mixin) Mixing WorldDimensionsMixin from fabric-dimensions-v1.mixins.json into net.minecraft.world.level.levelgen.WorldDimensions
[21:40:17] [Worker-Main-3/DEBUG] (FabricLoader/Mixin) Renaming synthetic method lambda$wrapBakeToProvideContext$0(Lcom/llamalad7/mixinextras/injector/wrapoperation/Operation;Lnet/minecraft/core/Registry;)Lnet/minecraft/world/level/levelgen/WorldDimensions$Complete; to md17564f$fabric-dimensions-v1$lambda$wrapBakeToProvideContext$0$0 in fabric-dimensions-v1.mixins.json:WorldDimensionsMixin from mod fabric-dimensions-v1
[21:40:17] [Worker-Main-3/DEBUG] (FabricLoader/Mixin) fabric-dimensions-v1.mixins.json:WorldDimensionsMixin from mod fabric-dimensions-v1->@Inject::betterModdedStabilityCheck(Lnet/minecraft/resources/ResourceKey;Lnet/minecraft/world/level/dimension/LevelStem;Lorg/spongepowered/asm/mixin/injection/callback/CallbackInfoReturnable;)V does use it's CallbackInfoReturnable
[21:40:17] [Worker-Main-3/DEBUG] (FabricLoader/Mixin) Mixing ReloadableServerRegistriesMixin from fabric-registry-sync-v0.mixins.json into net.minecraft.server.ReloadableServerRegistries
[21:40:17] [Worker-Main-3/DEBUG] (FabricLoader/Mixin) Mixing ReloadableServerRegistriesMixin from fabric-loot-api-v3.mixins.json into net.minecraft.server.ReloadableServerRegistries
[21:40:17] [Worker-Main-3/DEBUG] (FabricLoader/Mixin) Renaming synthetic method lambda$modifyLootTables$2(Lnet/minecraft/server/packs/resources/ResourceManager;Lnet/minecraft/core/RegistryAccess$Frozen;Ljava/lang/Throwable;)V to md17564f$fabric-loot-api-v3$lambda$modifyLootTables$2$0 in fabric-loot-api-v3.mixins.json:ReloadableServerRegistriesMixin from mod fabric-loot-api-v3
[21:40:17] [Worker-Main-3/DEBUG] (FabricLoader/Mixin) Renaming synthetic method lambda$modifyLootTables$0(Lnet/minecraft/server/packs/resources/ResourceManager;Lnet/minecraft/core/RegistryAccess$Frozen;)Lnet/minecraft/core/RegistryAccess$Frozen; to md17564f$fabric-loot-api-v3$lambda$modifyLootTables$0$1 in fabric-loot-api-v3.mixins.json:ReloadableServerRegistriesMixin from mod fabric-loot-api-v3
[21:40:17] [Worker-Main-3/DEBUG] (FabricLoader/Mixin) Renaming synthetic method lambda$modifyLootTables$1(Lnet/minecraft/core/Holder$Reference;)V to md17564f$fabric-loot-api-v3$lambda$modifyLootTables$1$2 in fabric-loot-api-v3.mixins.json:ReloadableServerRegistriesMixin from mod fabric-loot-api-v3
[21:40:17] [Worker-Main-2/DEBUG] (FabricLoader/Mixin) Mixing LootPoolAccessor from fabric-loot-api-v3.mixins.json into net.minecraft.world.level.storage.loot.LootPool
[21:40:17] [Worker-Main-7/DEBUG] (FabricLoader/Mixin) Mixing LootTableBuilderMixin from fabric-loot-api-v3.mixins.json into net.minecraft.world.level.storage.loot.LootTable$Builder
[21:40:17] [Worker-Main-4/DEBUG] (Fabric Resource Conditions) Rejected resource of type minecraft:recipe with id aspengrove:cutting/aspen_door
[21:40:17] [Worker-Main-4/DEBUG] (Fabric Resource Conditions) Rejected resource of type minecraft:recipe with id aspengrove:cutting/aspen_hanging_sign
[21:40:17] [Worker-Main-4/DEBUG] (Fabric Resource Conditions) Rejected resource of type minecraft:recipe with id aspengrove:cutting/aspen_log
[21:40:17] [Worker-Main-4/DEBUG] (Fabric Resource Conditions) Rejected resource of type minecraft:recipe with id aspengrove:cutting/aspen_sign
[21:40:17] [Worker-Main-4/DEBUG] (Fabric Resource Conditions) Rejected resource of type minecraft:recipe with id aspengrove:cutting/aspen_trapdoor
[21:40:17] [Worker-Main-4/DEBUG] (Fabric Resource Conditions) Rejected resource of type minecraft:recipe with id aspengrove:cutting/aspen_wood
[21:40:17] [Worker-Main-6/DEBUG] (FabricLoader/Mixin) Mixing DataComponentInitializersPendingComponentsMixin from fabric-item-api-v1.mixins.json into net.minecraft.core.component.DataComponentInitializers$1
[21:40:17] [Worker-Main-6/DEBUG] (FabricLoader/Mixin) fabric-item-api-v1.mixins.json:DataComponentInitializersPendingComponentsMixin from mod fabric-item-api-v1->@Inject::store(Lnet/minecraft/resources/ResourceKey;Ljava/util/List;Lorg/spongepowered/asm/mixin/injection/callback/CallbackInfo;)V doesn't use it's CallbackInfo
[21:40:17] [Worker-Main-6/DEBUG] (FabricLoader/Mixin) fabric-item-api-v1.mixins.json:DataComponentInitializersPendingComponentsMixin from mod fabric-item-api-v1->@Inject::store(Lnet/minecraft/resources/ResourceKey;Ljava/util/List;Lorg/spongepowered/asm/mixin/injection/callback/CallbackInfo;)V has 0 override(s) in child classes
[21:40:17] [Worker-Main-6/DEBUG] (FabricLoader/Mixin) fabric-item-api-v1.mixins.json:DataComponentInitializersPendingComponentsMixin from mod fabric-item-api-v1->@Inject::store(Lnet/minecraft/resources/ResourceKey;Ljava/util/List;Lorg/spongepowered/asm/mixin/injection/callback/CallbackInfo;)V won't be passed a CallbackInfo as a result
[21:40:17] [Worker-Main-6/DEBUG] (FabricLoader/Mixin) fabric-item-api-v1.mixins.json:DataComponentInitializersPendingComponentsMixin from mod fabric-item-api-v1->@Inject::apply(Lorg/spongepowered/asm/mixin/injection/callback/CallbackInfo;)V doesn't use it's CallbackInfo
[21:40:17] [Worker-Main-6/DEBUG] (FabricLoader/Mixin) fabric-item-api-v1.mixins.json:DataComponentInitializersPendingComponentsMixin from mod fabric-item-api-v1->@Inject::apply(Lorg/spongepowered/asm/mixin/injection/callback/CallbackInfo;)V has 0 override(s) in child classes
[21:40:17] [Worker-Main-6/DEBUG] (FabricLoader/Mixin) fabric-item-api-v1.mixins.json:DataComponentInitializersPendingComponentsMixin from mod fabric-item-api-v1->@Inject::apply(Lorg/spongepowered/asm/mixin/injection/callback/CallbackInfo;)V won't be passed a CallbackInfo as a result
[21:40:17] [Worker-Main-6/DEBUG] (FabricLoader/Mixin) Mixing RecipeManagerMixin from fabric-recipe-api-v1.mixins.json into net.minecraft.world.item.crafting.RecipeManager
[21:40:17] [Worker-Main-6/DEBUG] (FabricLoader/Mixin) Mixing sync.RecipeManagerAccessor from fabric-recipe-api-v1.mixins.json into net.minecraft.world.item.crafting.RecipeManager
[21:40:17] [Worker-Main-6/DEBUG] (FabricLoader/Mixin) fabric-recipe-api-v1.mixins.json:RecipeManagerMixin from mod fabric-recipe-api-v1->@Inject::updateSynchronizedRecipes(Lnet/minecraft/core/HolderLookup$Provider;Lorg/spongepowered/asm/mixin/injection/callback/CallbackInfo;)V doesn't use it's CallbackInfo
[21:40:17] [Worker-Main-6/DEBUG] (FabricLoader/Mixin) fabric-recipe-api-v1.mixins.json:RecipeManagerMixin from mod fabric-recipe-api-v1->@Inject::updateSynchronizedRecipes(Lnet/minecraft/core/HolderLookup$Provider;Lorg/spongepowered/asm/mixin/injection/callback/CallbackInfo;)V has 0 override(s) in child classes
[21:40:17] [Worker-Main-6/DEBUG] (FabricLoader/Mixin) fabric-recipe-api-v1.mixins.json:RecipeManagerMixin from mod fabric-recipe-api-v1->@Inject::updateSynchronizedRecipes(Lnet/minecraft/core/HolderLookup$Provider;Lorg/spongepowered/asm/mixin/injection/callback/CallbackInfo;)V won't be passed a CallbackInfo as a result
[21:40:17] [Worker-Main-6/DEBUG] (FabricLoader/Mixin) Mixing RecipeAccessMixin from fabric-recipe-api-v1.mixins.json into net.minecraft.world.item.crafting.RecipeAccess
[21:40:17] [Worker-Main-6/DEBUG] (FabricLoader/Mixin) Mixing sync.RecipeMapMixin from fabric-recipe-api-v1.mixins.json into net.minecraft.world.item.crafting.RecipeMap
[21:40:17] [Worker-Main-6/DEBUG] (FabricLoader/Mixin) Mixing CommandsMixin from fabric-command-api-v2.mixins.json into net.minecraft.commands.Commands
[21:40:17] [Worker-Main-6/DEBUG] (FabricLoader/Mixin) Mixing CommandsMixin from fabric-networking-api-v1.mixins.json into net.minecraft.commands.Commands
[21:40:17] [Worker-Main-6/DEBUG] (FabricLoader/Mixin) fabric-command-api-v2.mixins.json:CommandsMixin from mod fabric-command-api-v2->@Inject::fabric_addCommands(Lnet/minecraft/commands/Commands$CommandSelection;Lnet/minecraft/commands/CommandBuildContext;Lorg/spongepowered/asm/mixin/injection/callback/CallbackInfo;)V doesn't use it's CallbackInfo
[21:40:17] [Worker-Main-6/DEBUG] (FabricLoader/Mixin) fabric-command-api-v2.mixins.json:CommandsMixin from mod fabric-command-api-v2->@Inject::fabric_addCommands(Lnet/minecraft/commands/Commands$CommandSelection;Lnet/minecraft/commands/CommandBuildContext;Lorg/spongepowered/asm/mixin/injection/callback/CallbackInfo;)V has 0 override(s) in child classes
[21:40:17] [Worker-Main-6/DEBUG] (FabricLoader/Mixin) fabric-command-api-v2.mixins.json:CommandsMixin from mod fabric-command-api-v2->@Inject::fabric_addCommands(Lnet/minecraft/commands/Commands$CommandSelection;Lnet/minecraft/commands/CommandBuildContext;Lorg/spongepowered/asm/mixin/injection/callback/CallbackInfo;)V won't be passed a CallbackInfo as a result
[21:40:17] [Worker-Main-6/DEBUG] (FabricLoader/Mixin) fabric-networking-api-v1.mixins.json:CommandsMixin from mod fabric-networking-api-v1->@Inject::init(Lnet/minecraft/commands/Commands$CommandSelection;Lnet/minecraft/commands/CommandBuildContext;Lorg/spongepowered/asm/mixin/injection/callback/CallbackInfo;)V doesn't use it's CallbackInfo
[21:40:17] [Worker-Main-6/DEBUG] (FabricLoader/Mixin) fabric-networking-api-v1.mixins.json:CommandsMixin from mod fabric-networking-api-v1->@Inject::init(Lnet/minecraft/commands/Commands$CommandSelection;Lnet/minecraft/commands/CommandBuildContext;Lorg/spongepowered/asm/mixin/injection/callback/CallbackInfo;)V has 0 override(s) in child classes
[21:40:17] [Worker-Main-6/DEBUG] (FabricLoader/Mixin) fabric-networking-api-v1.mixins.json:CommandsMixin from mod fabric-networking-api-v1->@Inject::init(Lnet/minecraft/commands/Commands$CommandSelection;Lnet/minecraft/commands/CommandBuildContext;Lorg/spongepowered/asm/mixin/injection/callback/CallbackInfo;)V won't be passed a CallbackInfo as a result
[21:40:17] [Worker-Main-6/DEBUG] (FabricLoader/Mixin) Mixing CommandSourceStackMixin from fabric-permission-api-v1.mixins.json into net.minecraft.commands.CommandSourceStack
[21:40:17] [Worker-Main-6/DEBUG] (FabricLoader/Mixin) fabric-permission-api-v1.mixins.json:CommandSourceStackMixin from mod fabric-permission-api-v1->@Inject::storeOriginalSource(Lnet/minecraft/commands/CommandSource;Lnet/minecraft/world/phys/Vec3;Lnet/minecraft/world/phys/Vec2;Lnet/minecraft/server/level/ServerLevel;Lnet/minecraft/server/permissions/PermissionSet;Lnet/minecraft/commands/CommandSourceStack$NamesProvider;Lnet/minecraft/server/MinecraftServer;Lnet/minecraft/world/entity/Entity;Lorg/spongepowered/asm/mixin/injection/callback/CallbackInfo;)V doesn't use it's CallbackInfo
[21:40:17] [Worker-Main-6/DEBUG] (FabricLoader/Mixin) fabric-permission-api-v1.mixins.json:CommandSourceStackMixin from mod fabric-permission-api-v1->@Inject::storeOriginalSource(Lnet/minecraft/commands/CommandSource;Lnet/minecraft/world/phys/Vec3;Lnet/minecraft/world/phys/Vec2;Lnet/minecraft/server/level/ServerLevel;Lnet/minecraft/server/permissions/PermissionSet;Lnet/minecraft/commands/CommandSourceStack$NamesProvider;Lnet/minecraft/server/MinecraftServer;Lnet/minecraft/world/entity/Entity;Lorg/spongepowered/asm/mixin/injection/callback/CallbackInfo;)V has 0 override(s) in child classes
[21:40:17] [Worker-Main-6/DEBUG] (FabricLoader/Mixin) fabric-permission-api-v1.mixins.json:CommandSourceStackMixin from mod fabric-permission-api-v1->@Inject::storeOriginalSource(Lnet/minecraft/commands/CommandSource;Lnet/minecraft/world/phys/Vec3;Lnet/minecraft/world/phys/Vec2;Lnet/minecraft/server/level/ServerLevel;Lnet/minecraft/server/permissions/PermissionSet;Lnet/minecraft/commands/CommandSourceStack$NamesProvider;Lnet/minecraft/server/MinecraftServer;Lnet/minecraft/world/entity/Entity;Lorg/spongepowered/asm/mixin/injection/callback/CallbackInfo;)V won't be passed a CallbackInfo as a result
[21:40:18] [Worker-Main-6/DEBUG] (FabricLoader/Mixin) Mixing EntityDataAccessorMixin from fabric-data-attachment-api-v1.mixins.json into net.minecraft.server.commands.data.EntityDataAccessor
[21:40:18] [Worker-Main-6/DEBUG] (FabricLoader/Mixin) Renaming synthetic method lambda$setData$0(Lcom/llamalad7/mixinextras/injector/wrapoperation/Operation;Lnet/minecraft/world/entity/Entity;Lnet/minecraft/world/level/storage/ValueInput;)V to md17564f$fabric-data-attachment-api-v1$lambda$setData$0$0 in fabric-data-attachment-api-v1.mixins.json:EntityDataAccessorMixin from mod fabric-data-attachment-api-v1
[21:40:18] [Worker-Main-6/DEBUG] (FabricLoader/Mixin) Mixing BlockDataAccessorMixin from fabric-data-attachment-api-v1.mixins.json into net.minecraft.server.commands.data.BlockDataAccessor
[21:40:18] [Worker-Main-6/DEBUG] (FabricLoader/Mixin) Renaming synthetic method lambda$setData$0(Lcom/llamalad7/mixinextras/injector/wrapoperation/Operation;Lnet/minecraft/world/level/block/entity/BlockEntity;Lnet/minecraft/world/level/storage/ValueInput;)V to md17564f$fabric-data-attachment-api-v1$lambda$setData$0$0 in fabric-data-attachment-api-v1.mixins.json:BlockDataAccessorMixin from mod fabric-data-attachment-api-v1
[21:40:18] [Worker-Main-6/DEBUG] (FabricLoader/Mixin) Mixing DataPackCommandMixin from fabric-resource-loader-v1.mixins.json into net.minecraft.server.commands.DataPackCommand
[21:40:18] [Worker-Main-6/DEBUG] (FabricLoader/Mixin) Renaming synthetic method lambda$filterDisabledPackSuggestions$0(Lnet/minecraft/server/packs/repository/Pack;)Z to md17564f$fabric-resource-loader-v1$lambda$filterDisabledPackSuggestions$0$0 in fabric-resource-loader-v1.mixins.json:DataPackCommandMixin from mod fabric-resource-loader-v1
[21:40:18] [Worker-Main-6/DEBUG] (FabricLoader/Mixin) Renaming synthetic method lambda$filterEnabledPackSuggestions$0(Lnet/minecraft/server/packs/repository/Pack;)Z to md17564f$fabric-resource-loader-v1$lambda$filterEnabledPackSuggestions$0$1 in fabric-resource-loader-v1.mixins.json:DataPackCommandMixin from mod fabric-resource-loader-v1
[21:40:18] [Worker-Main-6/DEBUG] (FabricLoader/Mixin) Renaming synthetic method lambda$static$0(Ljava/lang/Object;)Lcom/mojang/brigadier/Message; to md17564f$fabric-resource-loader-v1$lambda$static$0$2 in fabric-resource-loader-v1.mixins.json:DataPackCommandMixin from mod fabric-resource-loader-v1
[21:40:18] [Worker-Main-6/DEBUG] (FabricLoader/Mixin) fabric-resource-loader-v1.mixins.json:DataPackCommandMixin from mod fabric-resource-loader-v1->@Inject::errorOnInternalPack(Lcom/mojang/brigadier/context/CommandContext;Ljava/lang/String;ZLorg/spongepowered/asm/mixin/injection/callback/CallbackInfoReturnable;)V doesn't use it's CallbackInfoReturnable
[21:40:18] [Worker-Main-6/DEBUG] (FabricLoader/Mixin) Mixing EnchantCommandMixin from fabric-item-api-v1.mixins.json into net.minecraft.server.commands.EnchantCommand
[21:40:18] [Worker-Main-6/DEBUG] (FabricLoader/Mixin) Mixing GameRuleCommandAccessor from fabric-game-rule-api-v1.mixins.json into net.minecraft.server.commands.GameRuleCommand
[21:40:18] [Worker-Main-6/DEBUG] (FabricLoader/Mixin) Renaming @Invoker method callQueryRule(Lnet/minecraft/commands/CommandSourceStack;Lnet/minecraft/world/level/gamerules/GameRule;)I to callQueryRule$fabric-game-rule-api-v1_$md$17564f$0 in fabric-game-rule-api-v1.mixins.json:GameRuleCommandAccessor from mod fabric-game-rule-api-v1
[21:40:18] [Worker-Main-6/DEBUG] (FabricLoader/Mixin) Mixing GameRuleCommandVisitorMixin from fabric-game-rule-api-v1.mixins.json into net.minecraft.server.commands.GameRuleCommand$1
[21:40:18] [Worker-Main-6/DEBUG] (FabricLoader/Mixin) fabric-game-rule-api-v1.mixins.json:GameRuleCommandVisitorMixin from mod fabric-game-rule-api-v1->@Inject::onRegisterCommand(Lnet/minecraft/world/level/gamerules/GameRule;Lorg/spongepowered/asm/mixin/injection/callback/CallbackInfo;)V does use it's CallbackInfo
[21:40:18] [Worker-Main-6/DEBUG] (FabricLoader/Mixin) Mixing HelpCommandAccessor from fabric-command-api-v2.mixins.json into net.minecraft.server.commands.HelpCommand
[21:40:18] [Worker-Main-6/DEBUG] (FabricLoader/Mixin) Renaming @Accessor method getFailedException()Lcom/mojang/brigadier/exceptions/SimpleCommandExceptionType; to getFailedException$fabric-command-api-v2_$md$17564f$0 in fabric-command-api-v2.mixins.json:HelpCommandAccessor from mod fabric-command-api-v2
[21:40:18] [Worker-Main-6/INFO] (net.minecraft.advancements.AdvancementTree) Loaded 1905 advancements
[21:40:18] [Worker-Main-6/DEBUG] (FabricLoader/Mixin) Mixing ServerFunctionLibraryMixin from fabric-resource-loader-v1.mixins.json into net.minecraft.server.ServerFunctionLibrary
[21:40:18] [Render thread/DEBUG] (FabricLoader/Mixin) Mixing ChunkStatusTasksMixin from fabric-lifecycle-events-v1.mixins.json into net.minecraft.world.level.chunk.status.ChunkStatusTasks
[21:40:18] [Render thread/DEBUG] (FabricLoader/Mixin) fabric-lifecycle-events-v1.mixins.json:ChunkStatusTasksMixin from mod fabric-lifecycle-events-v1->@Inject::onChunkLoad(Lnet/minecraft/world/level/chunk/ChunkAccess;Lnet/minecraft/world/level/chunk/status/WorldGenContext;Lnet/minecraft/server/level/GenerationChunkHolder;Lorg/spongepowered/asm/mixin/injection/callback/CallbackInfoReturnable;)V does use it's CallbackInfoReturnable
[21:40:18] [Render thread/DEBUG] (FabricLoader/Mixin) Mixing PlayerListMixin from fabric-lifecycle-events-v1.mixins.json into net.minecraft.server.players.PlayerList
[21:40:18] [Render thread/DEBUG] (FabricLoader/Mixin) Mixing PlayerListMixin from fabric-entity-events-v1.mixins.json into net.minecraft.server.players.PlayerList
[21:40:18] [Render thread/DEBUG] (FabricLoader/Mixin) Mixing PlayerListMixin from fabric-networking-api-v1.mixins.json into net.minecraft.server.players.PlayerList
[21:40:18] [Render thread/DEBUG] (FabricLoader/Mixin) Mixing PlayerListMixin from fabric-message-api-v1.mixins.json into net.minecraft.server.players.PlayerList
[21:40:18] [Render thread/DEBUG] (FabricLoader/Mixin) fabric-lifecycle-events-v1.mixins.json:PlayerListMixin from mod fabric-lifecycle-events-v1->@Inject::hookOnPlayerConnect(Lnet/minecraft/network/Connection;Lnet/minecraft/server/level/ServerPlayer;Lnet/minecraft/server/network/CommonListenerCookie;Lorg/spongepowered/asm/mixin/injection/callback/CallbackInfo;)V doesn't use it's CallbackInfo
[21:40:18] [Render thread/DEBUG] (FabricLoader/Mixin) fabric-lifecycle-events-v1.mixins.json:PlayerListMixin from mod fabric-lifecycle-events-v1->@Inject::hookOnPlayerConnect(Lnet/minecraft/network/Connection;Lnet/minecraft/server/level/ServerPlayer;Lnet/minecraft/server/network/CommonListenerCookie;Lorg/spongepowered/asm/mixin/injection/callback/CallbackInfo;)V has 0 override(s) in child classes
[21:40:18] [Render thread/DEBUG] (FabricLoader/Mixin) fabric-lifecycle-events-v1.mixins.json:PlayerListMixin from mod fabric-lifecycle-events-v1->@Inject::hookOnPlayerConnect(Lnet/minecraft/network/Connection;Lnet/minecraft/server/level/ServerPlayer;Lnet/minecraft/server/network/CommonListenerCookie;Lorg/spongepowered/asm/mixin/injection/callback/CallbackInfo;)V won't be passed a CallbackInfo as a result
[21:40:18] [Render thread/DEBUG] (FabricLoader/Mixin) fabric-lifecycle-events-v1.mixins.json:PlayerListMixin from mod fabric-lifecycle-events-v1->@Inject::hookOnDataPacksReloaded(Lorg/spongepowered/asm/mixin/injection/callback/CallbackInfo;)V doesn't use it's CallbackInfo
[21:40:18] [Render thread/DEBUG] (FabricLoader/Mixin) fabric-lifecycle-events-v1.mixins.json:PlayerListMixin from mod fabric-lifecycle-events-v1->@Inject::hookOnDataPacksReloaded(Lorg/spongepowered/asm/mixin/injection/callback/CallbackInfo;)V has 0 override(s) in child classes
[21:40:18] [Render thread/DEBUG] (FabricLoader/Mixin) fabric-lifecycle-events-v1.mixins.json:PlayerListMixin from mod fabric-lifecycle-events-v1->@Inject::hookOnDataPacksReloaded(Lorg/spongepowered/asm/mixin/injection/callback/CallbackInfo;)V won't be passed a CallbackInfo as a result
[21:40:18] [Render thread/DEBUG] (FabricLoader/Mixin) fabric-entity-events-v1.mixins.json:PlayerListMixin from mod fabric-entity-events-v1->@Inject::afterRespawn(Lnet/minecraft/server/level/ServerPlayer;ZLnet/minecraft/world/entity/Entity$RemovalReason;Lorg/spongepowered/asm/mixin/injection/callback/CallbackInfoReturnable;)V does use it's CallbackInfoReturnable
[21:40:18] [Render thread/DEBUG] (FabricLoader/Mixin) fabric-entity-events-v1.mixins.json:PlayerListMixin from mod fabric-entity-events-v1->@Inject::firePlayerJoinEvent(Lnet/minecraft/network/Connection;Lnet/minecraft/server/level/ServerPlayer;Lnet/minecraft/server/network/CommonListenerCookie;Lorg/spongepowered/asm/mixin/injection/callback/CallbackInfo;)V doesn't use it's CallbackInfo
[21:40:18] [Render thread/DEBUG] (FabricLoader/Mixin) fabric-entity-events-v1.mixins.json:PlayerListMixin from mod fabric-entity-events-v1->@Inject::firePlayerJoinEvent(Lnet/minecraft/network/Connection;Lnet/minecraft/server/level/ServerPlayer;Lnet/minecraft/server/network/CommonListenerCookie;Lorg/spongepowered/asm/mixin/injection/callback/CallbackInfo;)V has 0 override(s) in child classes
[21:40:18] [Render thread/DEBUG] (FabricLoader/Mixin) fabric-entity-events-v1.mixins.json:PlayerListMixin from mod fabric-entity-events-v1->@Inject::firePlayerJoinEvent(Lnet/minecraft/network/Connection;Lnet/minecraft/server/level/ServerPlayer;Lnet/minecraft/server/network/CommonListenerCookie;Lorg/spongepowered/asm/mixin/injection/callback/CallbackInfo;)V won't be passed a CallbackInfo as a result
[21:40:18] [Render thread/DEBUG] (FabricLoader/Mixin) fabric-entity-events-v1.mixins.json:PlayerListMixin from mod fabric-entity-events-v1->@Inject::firePlayerLeaveEvent(Lnet/minecraft/server/level/ServerPlayer;Lorg/spongepowered/asm/mixin/injection/callback/CallbackInfo;)V doesn't use it's CallbackInfo
[21:40:18] [Render thread/DEBUG] (FabricLoader/Mixin) fabric-entity-events-v1.mixins.json:PlayerListMixin from mod fabric-entity-events-v1->@Inject::firePlayerLeaveEvent(Lnet/minecraft/server/level/ServerPlayer;Lorg/spongepowered/asm/mixin/injection/callback/CallbackInfo;)V has 0 override(s) in child classes
[21:40:18] [Render thread/DEBUG] (FabricLoader/Mixin) fabric-entity-events-v1.mixins.json:PlayerListMixin from mod fabric-entity-events-v1->@Inject::firePlayerLeaveEvent(Lnet/minecraft/server/level/ServerPlayer;Lorg/spongepowered/asm/mixin/injection/callback/CallbackInfo;)V won't be passed a CallbackInfo as a result
[21:40:18] [Render thread/DEBUG] (FabricLoader/Mixin) fabric-networking-api-v1.mixins.json:PlayerListMixin from mod fabric-networking-api-v1->@Inject::handlePlayerConnection(Lnet/minecraft/network/Connection;Lnet/minecraft/server/level/ServerPlayer;Lnet/minecraft/server/network/CommonListenerCookie;Lorg/spongepowered/asm/mixin/injection/callback/CallbackInfo;)V doesn't use it's CallbackInfo
[21:40:18] [Render thread/DEBUG] (FabricLoader/Mixin) fabric-networking-api-v1.mixins.json:PlayerListMixin from mod fabric-networking-api-v1->@Inject::handlePlayerConnection(Lnet/minecraft/network/Connection;Lnet/minecraft/server/level/ServerPlayer;Lnet/minecraft/server/network/CommonListenerCookie;Lorg/spongepowered/asm/mixin/injection/callback/CallbackInfo;)V has 0 override(s) in child classes
[21:40:18] [Render thread/DEBUG] (FabricLoader/Mixin) fabric-networking-api-v1.mixins.json:PlayerListMixin from mod fabric-networking-api-v1->@Inject::handlePlayerConnection(Lnet/minecraft/network/Connection;Lnet/minecraft/server/level/ServerPlayer;Lnet/minecraft/server/network/CommonListenerCookie;Lorg/spongepowered/asm/mixin/injection/callback/CallbackInfo;)V won't be passed a CallbackInfo as a result
[21:40:18] [Render thread/DEBUG] (FabricLoader/Mixin) fabric-message-api-v1.mixins.json:PlayerListMixin from mod fabric-message-api-v1->@Inject::onSendChatMessage(Lnet/minecraft/network/chat/PlayerChatMessage;Lnet/minecraft/server/level/ServerPlayer;Lnet/minecraft/network/chat/ChatType$Bound;Lorg/spongepowered/asm/mixin/injection/callback/CallbackInfo;)V does use it's CallbackInfo
[21:40:18] [Render thread/DEBUG] (FabricLoader/Mixin) fabric-message-api-v1.mixins.json:PlayerListMixin from mod fabric-message-api-v1->@Inject::onSendGameMessage(Lnet/minecraft/network/chat/Component;Ljava/util/function/Function;ZLorg/spongepowered/asm/mixin/injection/callback/CallbackInfo;)V does use it's CallbackInfo
[21:40:18] [Render thread/DEBUG] (FabricLoader/Mixin) fabric-message-api-v1.mixins.json:PlayerListMixin from mod fabric-message-api-v1->@Inject::onSendCommandMessage(Lnet/minecraft/network/chat/PlayerChatMessage;Lnet/minecraft/commands/CommandSourceStack;Lnet/minecraft/network/chat/ChatType$Bound;Lorg/spongepowered/asm/mixin/injection/callback/CallbackInfo;)V does use it's CallbackInfo
[21:40:18] [Render thread/DEBUG] (FabricLoader/Mixin) Mixing ServerDebugSubscribersMixin from fabric-debug-api-v1.mixins.json into net.minecraft.util.debug.ServerDebugSubscribers
[21:40:18] [Render thread/DEBUG] (FabricLoader/Mixin) Mixing SavedDataStorageMixin from fabric-object-builder-v1.mixins.json into net.minecraft.world.level.storage.SavedDataStorage
[21:40:18] [Render thread/DEBUG] (FabricLoader/Mixin) Generating mapped inner class net/minecraft/world/level/levelgen/structure/templatesystem/StructureTemplateManager$Anonymous$2385a326ce863bc0bf2a11ea898a45b4 (originally net/fabricmc/fabric/mixin/gametest/StructureTemplateManagerMixin$1)
[21:40:18] [Render thread/DEBUG] (FabricLoader/Mixin) Mixing AttachmentTargetsMixin from fabric-data-attachment-api-v1.mixins.json into net.fabricmc.fabric.impl.attachment.GlobalAttachmentsImpl
[21:40:18] [Render thread/INFO] (net.fabricmc.fabric.impl.biome.modification.BiomeModificationImpl) Applied 0 biome modifications to 0 of 68 new biomes in 1.655 ms
[21:40:18] [Server thread/INFO] (net.minecraft.client.server.IntegratedServer) Starting integrated minecraft server version 26.3 Release Candidate 1
[21:40:18] [Server thread/INFO] (net.minecraft.server.MinecraftServer) Generating keypair
[21:40:18] [Render thread/DEBUG] (com.mojang.blaze3d.systems.RenderSystem) Growing IndexBuffer: Old limit 2712, new limit 14688.
[21:40:19] [Server thread/DEBUG] (FabricLoader/Mixin) Mixing PersistentEntitySectionManagerMixin from fabric-lifecycle-events-v1.mixins.json into net.minecraft.world.level.entity.PersistentEntitySectionManager
[21:40:19] [Server thread/DEBUG] (FabricLoader/Mixin) fabric-lifecycle-events-v1.mixins.json:PersistentEntitySectionManagerMixin from mod fabric-lifecycle-events-v1->@Inject::beforeAddEntity(Lnet/minecraft/world/level/entity/EntityAccess;ZLorg/spongepowered/asm/mixin/injection/callback/CallbackInfoReturnable;)V does use it's CallbackInfoReturnable
[21:40:19] [Server thread/DEBUG] (FabricLoader/Mixin) Mixing ServerLevelEntityCallbacksMixin from fabric-lifecycle-events-v1.mixins.json into net.minecraft.server.level.ServerLevel$EntityCallbacks
[21:40:19] [Server thread/DEBUG] (FabricLoader/Mixin) fabric-lifecycle-events-v1.mixins.json:ServerLevelEntityCallbacksMixin from mod fabric-lifecycle-events-v1->@Inject::invokeEntityLoadEvent(Lnet/minecraft/world/entity/Entity;Lorg/spongepowered/asm/mixin/injection/callback/CallbackInfo;)V doesn't use it's CallbackInfo
[21:40:19] [Server thread/DEBUG] (FabricLoader/Mixin) fabric-lifecycle-events-v1.mixins.json:ServerLevelEntityCallbacksMixin from mod fabric-lifecycle-events-v1->@Inject::invokeEntityUnloadEvent(Lnet/minecraft/world/entity/Entity;Lorg/spongepowered/asm/mixin/injection/callback/CallbackInfo;)V doesn't use it's CallbackInfo
[21:40:19] [Server thread/DEBUG] (FabricLoader/Mixin) Mixing ChunkMapMixin from fabric-lifecycle-events-v1.mixins.json into net.minecraft.server.level.ChunkMap
[21:40:19] [Server thread/DEBUG] (FabricLoader/Mixin) Mixing accessor.ChunkMapAccessor from fabric-networking-api-v1.mixins.json into net.minecraft.server.level.ChunkMap
[21:40:19] [Server thread/DEBUG] (FabricLoader/Mixin) fabric-lifecycle-events-v1.mixins.json:ChunkMapMixin from mod fabric-lifecycle-events-v1->@Inject::onChunkUnload(Lnet/minecraft/server/level/ChunkHolder;Ljava/util/concurrent/CompletableFuture;JLorg/spongepowered/asm/mixin/injection/callback/CallbackInfo;)V doesn't use it's CallbackInfo
[21:40:19] [Server thread/DEBUG] (FabricLoader/Mixin) fabric-lifecycle-events-v1.mixins.json:ChunkMapMixin from mod fabric-lifecycle-events-v1->@Inject::onChunkUnload(Lnet/minecraft/server/level/ChunkHolder;Ljava/util/concurrent/CompletableFuture;JLorg/spongepowered/asm/mixin/injection/callback/CallbackInfo;)V has 0 override(s) in child classes
[21:40:19] [Server thread/DEBUG] (FabricLoader/Mixin) fabric-lifecycle-events-v1.mixins.json:ChunkMapMixin from mod fabric-lifecycle-events-v1->@Inject::onChunkUnload(Lnet/minecraft/server/level/ChunkHolder;Ljava/util/concurrent/CompletableFuture;JLorg/spongepowered/asm/mixin/injection/callback/CallbackInfo;)V won't be passed a CallbackInfo as a result
[21:40:19] [Server thread/DEBUG] (FabricLoader/Mixin) Mixing ChunkHolderMixin from fabric-data-attachment-api-v1.mixins.json into net.minecraft.server.level.ChunkHolder
[21:40:19] [Server thread/DEBUG] (FabricLoader/Mixin) Mixing ChunkHolderMixin from fabric-lifecycle-events-v1.mixins.json into net.minecraft.server.level.ChunkHolder
[21:40:19] [Server thread/DEBUG] (FabricLoader/Mixin) fabric-data-attachment-api-v1.mixins.json:ChunkHolderMixin from mod fabric-data-attachment-api-v1->@Inject::broadcastBlockEntity(Ljava/util/List;Lnet/minecraft/world/level/Level;Lnet/minecraft/core/BlockPos;Lorg/spongepowered/asm/mixin/injection/callback/CallbackInfo;)V doesn't use it's CallbackInfo
[21:40:19] [Server thread/DEBUG] (FabricLoader/Mixin) fabric-data-attachment-api-v1.mixins.json:ChunkHolderMixin from mod fabric-data-attachment-api-v1->@Inject::broadcastBlockEntity(Ljava/util/List;Lnet/minecraft/world/level/Level;Lnet/minecraft/core/BlockPos;Lorg/spongepowered/asm/mixin/injection/callback/CallbackInfo;)V has 0 override(s) in child classes
[21:40:19] [Server thread/DEBUG] (FabricLoader/Mixin) fabric-data-attachment-api-v1.mixins.json:ChunkHolderMixin from mod fabric-data-attachment-api-v1->@Inject::broadcastBlockEntity(Ljava/util/List;Lnet/minecraft/world/level/Level;Lnet/minecraft/core/BlockPos;Lorg/spongepowered/asm/mixin/injection/callback/CallbackInfo;)V won't be passed a CallbackInfo as a result
[21:40:19] [Server thread/DEBUG] (FabricLoader/Mixin) fabric-lifecycle-events-v1.mixins.json:ChunkHolderMixin from mod fabric-lifecycle-events-v1->@Inject::updateFutures$inaccessibleToFull(Lnet/minecraft/server/level/ChunkMap;Ljava/util/concurrent/Executor;Lorg/spongepowered/asm/mixin/injection/callback/CallbackInfo;)V doesn't use it's CallbackInfo
[21:40:19] [Server thread/DEBUG] (FabricLoader/Mixin) fabric-lifecycle-events-v1.mixins.json:ChunkHolderMixin from mod fabric-lifecycle-events-v1->@Inject::updateFutures$inaccessibleToFull(Lnet/minecraft/server/level/ChunkMap;Ljava/util/concurrent/Executor;Lorg/spongepowered/asm/mixin/injection/callback/CallbackInfo;)V has 0 override(s) in child classes
[21:40:19] [Server thread/DEBUG] (FabricLoader/Mixin) fabric-lifecycle-events-v1.mixins.json:ChunkHolderMixin from mod fabric-lifecycle-events-v1->@Inject::updateFutures$inaccessibleToFull(Lnet/minecraft/server/level/ChunkMap;Ljava/util/concurrent/Executor;Lorg/spongepowered/asm/mixin/injection/callback/CallbackInfo;)V won't be passed a CallbackInfo as a result
[21:40:19] [Server thread/DEBUG] (FabricLoader/Mixin) fabric-lifecycle-events-v1.mixins.json:ChunkHolderMixin from mod fabric-lifecycle-events-v1->@Inject::updateFutures$fullToBlockTicking(Lnet/minecraft/server/level/ChunkMap;Ljava/util/concurrent/Executor;Lorg/spongepowered/asm/mixin/injection/callback/CallbackInfo;)V doesn't use it's CallbackInfo
[21:40:19] [Server thread/DEBUG] (FabricLoader/Mixin) fabric-lifecycle-events-v1.mixins.json:ChunkHolderMixin from mod fabric-lifecycle-events-v1->@Inject::updateFutures$fullToBlockTicking(Lnet/minecraft/server/level/ChunkMap;Ljava/util/concurrent/Executor;Lorg/spongepowered/asm/mixin/injection/callback/CallbackInfo;)V has 0 override(s) in child classes
[21:40:19] [Server thread/DEBUG] (FabricLoader/Mixin) fabric-lifecycle-events-v1.mixins.json:ChunkHolderMixin from mod fabric-lifecycle-events-v1->@Inject::updateFutures$fullToBlockTicking(Lnet/minecraft/server/level/ChunkMap;Ljava/util/concurrent/Executor;Lorg/spongepowered/asm/mixin/injection/callback/CallbackInfo;)V won't be passed a CallbackInfo as a result
[21:40:19] [Server thread/DEBUG] (FabricLoader/Mixin) fabric-lifecycle-events-v1.mixins.json:ChunkHolderMixin from mod fabric-lifecycle-events-v1->@Inject::updateFutures$blockTickingToEntityTicking(Lnet/minecraft/server/level/ChunkMap;Ljava/util/concurrent/Executor;Lorg/spongepowered/asm/mixin/injection/callback/CallbackInfo;)V doesn't use it's CallbackInfo
[21:40:19] [Server thread/DEBUG] (FabricLoader/Mixin) fabric-lifecycle-events-v1.mixins.json:ChunkHolderMixin from mod fabric-lifecycle-events-v1->@Inject::updateFutures$blockTickingToEntityTicking(Lnet/minecraft/server/level/ChunkMap;Ljava/util/concurrent/Executor;Lorg/spongepowered/asm/mixin/injection/callback/CallbackInfo;)V has 0 override(s) in child classes
[21:40:19] [Server thread/DEBUG] (FabricLoader/Mixin) fabric-lifecycle-events-v1.mixins.json:ChunkHolderMixin from mod fabric-lifecycle-events-v1->@Inject::updateFutures$blockTickingToEntityTicking(Lnet/minecraft/server/level/ChunkMap;Ljava/util/concurrent/Executor;Lorg/spongepowered/asm/mixin/injection/callback/CallbackInfo;)V won't be passed a CallbackInfo as a result
[21:40:19] [Server thread/DEBUG] (FabricLoader/Mixin) fabric-lifecycle-events-v1.mixins.json:ChunkHolderMixin from mod fabric-lifecycle-events-v1->@Inject::decreaseLevel(Lnet/minecraft/server/level/ChunkMap;Lnet/minecraft/server/level/FullChunkStatus;Lorg/spongepowered/asm/mixin/injection/callback/CallbackInfo;)V doesn't use it's CallbackInfo
[21:40:19] [Server thread/DEBUG] (FabricLoader/Mixin) fabric-lifecycle-events-v1.mixins.json:ChunkHolderMixin from mod fabric-lifecycle-events-v1->@Inject::decreaseLevel(Lnet/minecraft/server/level/ChunkMap;Lnet/minecraft/server/level/FullChunkStatus;Lorg/spongepowered/asm/mixin/injection/callback/CallbackInfo;)V has 0 override(s) in child classes
[21:40:19] [Server thread/DEBUG] (FabricLoader/Mixin) fabric-lifecycle-events-v1.mixins.json:ChunkHolderMixin from mod fabric-lifecycle-events-v1->@Inject::decreaseLevel(Lnet/minecraft/server/level/ChunkMap;Lnet/minecraft/server/level/FullChunkStatus;Lorg/spongepowered/asm/mixin/injection/callback/CallbackInfo;)V won't be passed a CallbackInfo as a result
[21:40:19] [Server thread/DEBUG] (FabricLoader/Mixin) Mixing RandomStateMixin from fabric-biome-api-v1.mixins.json into net.minecraft.world.level.levelgen.RandomState
[21:40:19] [Server thread/DEBUG] (FabricLoader/Mixin) fabric-biome-api-v1.mixins.json:RandomStateMixin from mod fabric-biome-api-v1->@Inject::setSeed(Lnet/minecraft/world/level/levelgen/densityfunction/SamplerContext;Lorg/spongepowered/asm/mixin/injection/callback/CallbackInfoReturnable;)V does use it's CallbackInfoReturnable
[21:40:19] [Server thread/DEBUG] (FabricLoader/Mixin) Mixing ClimateSamplerMixin from fabric-biome-api-v1.mixins.json into net.minecraft.world.level.biome.Climate$Sampler
[21:40:19] [Server thread/DEBUG] (FabricLoader/Mixin) Mixing TagValueInputMixin from fabric-serialization-api-v1.mixins.json into net.minecraft.world.level.storage.TagValueInput
[21:40:19] [Server thread/DEBUG] (FabricLoader/Mixin) Mixing ValueInputMixin from fabric-serialization-api-v1.mixins.json into net.minecraft.world.level.storage.ValueInput
[21:40:19] [Server thread/INFO] (net.minecraft.server.level.progress.LoggingLevelLoadListener) Loading 0 persistent chunks...
[21:40:19] [Server thread/INFO] (net.minecraft.server.level.progress.LoggingLevelLoadListener) Підготовка области відродження: 16%
[21:40:19] [Server thread/INFO] (net.minecraft.server.MinecraftServer) Saving chunks for level 'ServerLevel[Новий світ]'/minecraft:overworld
[21:40:19] [Server thread/INFO] (net.minecraft.server.MinecraftServer) Saving chunks for level 'ServerLevel[Новий світ]'/minecraft:the_nether
[21:40:19] [Server thread/INFO] (net.minecraft.server.MinecraftServer) Saving chunks for level 'ServerLevel[Новий світ]'/minecraft:the_end
[21:40:19] [Render thread/DEBUG] (io.netty.channel.MultithreadEventLoopGroup) -Dio.netty.eventLoopThreads: 16
[21:40:19] [Render thread/DEBUG] (io.netty.util.concurrent.GlobalEventExecutor) -Dio.netty.globalEventExecutor.quietPeriodSeconds: 1
[21:40:19] [Render thread/DEBUG] (io.netty.util.internal.PlatformDependent) org.jctools-core.MpscChunkedArrayQueue: available
[21:40:19] [Render thread/DEBUG] (io.netty.channel.DefaultChannelId) -Dio.netty.processId: 10712 (auto-detected)
[21:40:19] [Render thread/DEBUG] (io.netty.util.NetUtil) -Djava.net.preferIPv4Stack: false
[21:40:19] [Render thread/DEBUG] (io.netty.util.NetUtil) -Djava.net.preferIPv6Addresses: false
[21:40:19] [Render thread/DEBUG] (io.netty.util.NetUtilInitializations) Loopback interface: loopback_0 (Software Loopback Interface 1, 0:0:0:0:0:0:0:1)
[21:40:19] [Render thread/DEBUG] (io.netty.util.NetUtil) Failed to get SOMAXCONN from sysctl and file \proc\sys\net\core\somaxconn. Default: 200
[21:40:19] [Render thread/DEBUG] (io.netty.channel.DefaultChannelId) -Dio.netty.machineId: 00:ff:5f:ff:fe:45:67:c4 (auto-detected)
[21:40:19] [Render thread/DEBUG] (io.netty.bootstrap.ChannelInitializerExtensions) -Dio.netty.bootstrap.extensions: null
[21:40:20] [Render thread/DEBUG] (FabricLoader/Mixin) Mixing PacketDecoderMixin from fabric-networking-api-v1.mixins.json into net.minecraft.network.PacketDecoder
[21:40:20] [Render thread/DEBUG] (FabricLoader/Mixin) Renaming synthetic method lambda$wrapWithContext$0(Lcom/llamalad7/mixinextras/injector/wrapoperation/Operation;Lio/netty/channel/ChannelHandlerContext;Lio/netty/buffer/ByteBuf;Ljava/util/List;)V to md17564f$fabric-networking-api-v1$lambda$wrapWithContext$0$0 in fabric-networking-api-v1.mixins.json:PacketDecoderMixin from mod fabric-networking-api-v1
[21:40:20] [Render thread/DEBUG] (FabricLoader/Mixin) Mixing accessor.PacketDecoderAccessor from fabric-networking-api-v1.mixins.json into net.minecraft.network.PacketDecoder
[21:40:20] [Render thread/DEBUG] (FabricLoader/Mixin) Mixing PacketEncoderMixin from fabric-networking-api-v1.mixins.json into net.minecraft.network.PacketEncoder
[21:40:20] [Render thread/DEBUG] (FabricLoader/Mixin) Renaming synthetic method lambda$wrapWithContext$0(Lcom/llamalad7/mixinextras/injector/wrapoperation/Operation;Lio/netty/channel/ChannelHandlerContext;Lnet/minecraft/network/protocol/Packet;Lio/netty/buffer/ByteBuf;)V to md17564f$fabric-networking-api-v1$lambda$wrapWithContext$0$0 in fabric-networking-api-v1.mixins.json:PacketEncoderMixin from mod fabric-networking-api-v1
[21:40:20] [Render thread/DEBUG] (FabricLoader/Mixin) Mixing accessor.PacketEncoderAccessor from fabric-networking-api-v1.mixins.json into net.minecraft.network.PacketEncoder
[21:40:20] [Render thread/DEBUG] (FabricLoader/Mixin) fabric-networking-api-v1.mixins.json:PacketEncoderMixin from mod fabric-networking-api-v1->@Inject::handlePassthroughPacket(Lio/netty/channel/ChannelHandlerContext;Lnet/minecraft/network/protocol/Packet;Lio/netty/buffer/ByteBuf;Lorg/spongepowered/asm/mixin/injection/callback/CallbackInfo;)V does use it's CallbackInfo
[21:40:20] [Render thread/DEBUG] (FabricLoader/Mixin) Mixing IdDispatchCodecMixin from fabric-networking-api-v1.mixins.json into net.minecraft.network.codec.IdDispatchCodec
[21:40:20] [Render thread/DEBUG] (FabricLoader/Mixin) fabric-networking-api-v1.mixins.json:IdDispatchCodecMixin from mod fabric-networking-api-v1->@Inject::encode(Lio/netty/buffer/ByteBuf;Ljava/lang/Object;Lorg/spongepowered/asm/mixin/injection/callback/CallbackInfo;)V doesn't use it's CallbackInfo
[21:40:20] [Render thread/DEBUG] (FabricLoader/Mixin) fabric-networking-api-v1.mixins.json:IdDispatchCodecMixin from mod fabric-networking-api-v1->@Inject::encode(Lio/netty/buffer/ByteBuf;Ljava/lang/Object;Lorg/spongepowered/asm/mixin/injection/callback/CallbackInfo;)V has 0 override(s) in child classes
[21:40:20] [Render thread/DEBUG] (FabricLoader/Mixin) fabric-networking-api-v1.mixins.json:IdDispatchCodecMixin from mod fabric-networking-api-v1->@Inject::encode(Lio/netty/buffer/ByteBuf;Ljava/lang/Object;Lorg/spongepowered/asm/mixin/injection/callback/CallbackInfo;)V won't be passed a CallbackInfo as a result
[21:40:20] [Render thread/DEBUG] (FabricLoader/Mixin) fabric-networking-api-v1.mixins.json:IdDispatchCodecMixin from mod fabric-networking-api-v1->@Inject::decode(Lio/netty/buffer/ByteBuf;Lorg/spongepowered/asm/mixin/injection/callback/CallbackInfoReturnable;)V doesn't use it's CallbackInfoReturnable
[21:40:20] [Render thread/DEBUG] (FabricLoader/Mixin) fabric-networking-api-v1.mixins.json:IdDispatchCodecMixin from mod fabric-networking-api-v1->@Inject::decode(Lio/netty/buffer/ByteBuf;Lorg/spongepowered/asm/mixin/injection/callback/CallbackInfoReturnable;)V has 0 override(s) in child classes
[21:40:20] [Render thread/DEBUG] (FabricLoader/Mixin) fabric-networking-api-v1.mixins.json:IdDispatchCodecMixin from mod fabric-networking-api-v1->@Inject::decode(Lio/netty/buffer/ByteBuf;Lorg/spongepowered/asm/mixin/injection/callback/CallbackInfoReturnable;)V won't be passed a CallbackInfoReturnable as a result
[21:40:20] [Render thread/DEBUG] (FabricLoader/Mixin) fabric-networking-api-v1.mixins.json:IdDispatchCodecMixin from mod fabric-networking-api-v1->@Inject::decode(Lio/netty/buffer/ByteBuf;Lorg/spongepowered/asm/mixin/injection/callback/CallbackInfoReturnable;)V doesn't use it's CallbackInfoReturnable
[21:40:20] [Render thread/DEBUG] (FabricLoader/Mixin) fabric-networking-api-v1.mixins.json:IdDispatchCodecMixin from mod fabric-networking-api-v1->@Inject::decode(Lio/netty/buffer/ByteBuf;Lorg/spongepowered/asm/mixin/injection/callback/CallbackInfoReturnable;)V has 0 override(s) in child classes
[21:40:20] [Render thread/DEBUG] (FabricLoader/Mixin) fabric-networking-api-v1.mixins.json:IdDispatchCodecMixin from mod fabric-networking-api-v1->@Inject::decode(Lio/netty/buffer/ByteBuf;Lorg/spongepowered/asm/mixin/injection/callback/CallbackInfoReturnable;)V won't be passed a CallbackInfoReturnable as a result
[21:40:20] [Render thread/DEBUG] (FabricLoader/Mixin) Mixing ServerboundCustomQueryAnswerPacketMixin from fabric-networking-api-v1.mixins.json into net.minecraft.network.protocol.login.ServerboundCustomQueryAnswerPacket
[21:40:20] [Render thread/DEBUG] (FabricLoader/Mixin) fabric-networking-api-v1.mixins.json:ServerboundCustomQueryAnswerPacketMixin from mod fabric-networking-api-v1->@Inject::readResponse(ILnet/minecraft/network/FriendlyByteBuf;Lorg/spongepowered/asm/mixin/injection/callback/CallbackInfoReturnable;)V does use it's CallbackInfoReturnable
[21:40:20] [Render thread/DEBUG] (FabricLoader/Mixin) Mixing ClientboundCustomQueryPacketMixin from fabric-networking-api-v1.mixins.json into net.minecraft.network.protocol.login.ClientboundCustomQueryPacket
[21:40:20] [Render thread/DEBUG] (FabricLoader/Mixin) fabric-networking-api-v1.mixins.json:ClientboundCustomQueryPacketMixin from mod fabric-networking-api-v1->@Inject::readPayload(Lnet/minecraft/resources/Identifier;Lnet/minecraft/network/FriendlyByteBuf;Lorg/spongepowered/asm/mixin/injection/callback/CallbackInfoReturnable;)V does use it's CallbackInfoReturnable
[21:40:20] [Netty Local IO #1/DEBUG] (io.netty.buffer.AbstractByteBuf) -Dio.netty.buffer.checkAccessible: true
[21:40:20] [Netty Local IO #1/DEBUG] (io.netty.buffer.AbstractByteBuf) -Dio.netty.buffer.checkBounds: true
[21:40:20] [Netty Local IO #1/DEBUG] (io.netty.util.ResourceLeakDetectorFactory) Loaded default ResourceLeakDetector: io.netty.util.ResourceLeakDetector@6678d77f
[21:40:20] [Netty Local IO #2/DEBUG] (FabricLoader/Mixin) Mixing ServerLoginPacketListenerImplMixin from fabric-networking-api-v1.mixins.json into net.minecraft.server.network.ServerLoginPacketListenerImpl
[21:40:20] [Netty Local IO #2/DEBUG] (FabricLoader/Mixin) Mixing accessor.ServerLoginPacketListenerImplAccessor from fabric-networking-api-v1.mixins.json into net.minecraft.server.network.ServerLoginPacketListenerImpl
[21:40:20] [Netty Local IO #2/DEBUG] (FabricLoader/Mixin) fabric-networking-api-v1.mixins.json:ServerLoginPacketListenerImplMixin from mod fabric-networking-api-v1->@Inject::initAddon(Lnet/minecraft/server/MinecraftServer;Lnet/minecraft/network/Connection;ZLorg/spongepowered/asm/mixin/injection/callback/CallbackInfo;)V doesn't use it's CallbackInfo
[21:40:20] [Netty Local IO #2/DEBUG] (FabricLoader/Mixin) fabric-networking-api-v1.mixins.json:ServerLoginPacketListenerImplMixin from mod fabric-networking-api-v1->@Inject::initAddon(Lnet/minecraft/server/MinecraftServer;Lnet/minecraft/network/Connection;ZLorg/spongepowered/asm/mixin/injection/callback/CallbackInfo;)V has 0 override(s) in child classes
[21:40:20] [Netty Local IO #2/DEBUG] (FabricLoader/Mixin) fabric-networking-api-v1.mixins.json:ServerLoginPacketListenerImplMixin from mod fabric-networking-api-v1->@Inject::initAddon(Lnet/minecraft/server/MinecraftServer;Lnet/minecraft/network/Connection;ZLorg/spongepowered/asm/mixin/injection/callback/CallbackInfo;)V won't be passed a CallbackInfo as a result
[21:40:20] [Netty Local IO #2/DEBUG] (FabricLoader/Mixin) fabric-networking-api-v1.mixins.json:ServerLoginPacketListenerImplMixin from mod fabric-networking-api-v1->@Inject::handleCustomPayloadReceivedAsync(Lnet/minecraft/network/protocol/login/ServerboundCustomQueryAnswerPacket;Lorg/spongepowered/asm/mixin/injection/callback/CallbackInfo;)V does use it's CallbackInfo
[21:40:20] [Netty Local IO #2/DEBUG] (FabricLoader/Mixin) fabric-networking-api-v1.mixins.json:ServerLoginPacketListenerImplMixin from mod fabric-networking-api-v1->@Inject::storeGameProfileContext(Lcom/mojang/authlib/GameProfile;Lorg/spongepowered/asm/mixin/injection/callback/CallbackInfo;)V doesn't use it's CallbackInfo
[21:40:20] [Netty Local IO #2/DEBUG] (FabricLoader/Mixin) fabric-networking-api-v1.mixins.json:ServerLoginPacketListenerImplMixin from mod fabric-networking-api-v1->@Inject::storeGameProfileContext(Lcom/mojang/authlib/GameProfile;Lorg/spongepowered/asm/mixin/injection/callback/CallbackInfo;)V has 0 override(s) in child classes
[21:40:20] [Netty Local IO #2/DEBUG] (FabricLoader/Mixin) fabric-networking-api-v1.mixins.json:ServerLoginPacketListenerImplMixin from mod fabric-networking-api-v1->@Inject::storeGameProfileContext(Lcom/mojang/authlib/GameProfile;Lorg/spongepowered/asm/mixin/injection/callback/CallbackInfo;)V won't be passed a CallbackInfo as a result
[21:40:20] [Netty Local IO #1/DEBUG] (FabricLoader/Mixin) Mixing ServerboundCustomPayloadPacketMixin from fabric-networking-api-v1.mixins.json into net.minecraft.network.protocol.common.ServerboundCustomPayloadPacket
[21:40:20] [Netty Local IO #1/DEBUG] (FabricLoader/Mixin) Renaming synthetic method lambda$wrapCodec$0(Lnet/minecraft/network/FriendlyByteBuf;Lnet/minecraft/resources/Identifier;)Lnet/minecraft/network/protocol/common/custom/CustomPacketPayload$TypeAndCodec; to md17564f$fabric-networking-api-v1$lambda$wrapCodec$0$0 in fabric-networking-api-v1.mixins.json:ServerboundCustomPayloadPacketMixin from mod fabric-networking-api-v1
[21:40:20] [Netty Local IO #1/DEBUG] (FabricLoader/Mixin) Mixing ServerboundSelectKnownPacksMixin from fabric-resource-loader-v1.mixins.json into net.minecraft.network.protocol.configuration.ServerboundSelectKnownPacks
[21:40:20] [Netty Local IO #1/DEBUG] (FabricLoader/Mixin) Mixing RegistrySynchronizationMixin from fabric-registry-sync-v0.mixins.json into net.minecraft.core.RegistrySynchronization
[21:40:20] [Netty Local IO #1/DEBUG] (FabricLoader/Mixin) fabric-registry-sync-v0.mixins.json:RegistrySynchronizationMixin from mod fabric-registry-sync-v0->@Inject::filterNonSyncedEntries(Lnet/minecraft/core/RegistryAccess$RegistryEntry;Lorg/spongepowered/asm/mixin/injection/callback/CallbackInfoReturnable;)V does use it's CallbackInfoReturnable
[21:40:20] [Netty Local IO #1/DEBUG] (FabricLoader/Mixin) fabric-registry-sync-v0.mixins.json:RegistrySynchronizationMixin from mod fabric-registry-sync-v0->@Inject::filterNonSyncedEntriesAgain(Ljava/util/Set;Lnet/minecraft/resources/RegistryDataLoader$RegistryData;Lcom/mojang/serialization/DynamicOps;Ljava/util/function/BiConsumer;Lnet/minecraft/core/Registry;Lorg/spongepowered/asm/mixin/injection/callback/CallbackInfo;)V does use it's CallbackInfo
[21:40:20] [Netty Local IO #1/DEBUG] (FabricLoader/Mixin) Mixing RegistryDataCollectorMixin from fabric-registry-sync-v0.client.mixins.json into net.minecraft.client.multiplayer.RegistryDataCollector
[21:40:20] [Netty Local IO #1/DEBUG] (FabricLoader/Mixin) Renaming synthetic method lambda$skipEmptyRegistries$0(Ljava/util/Map;Lnet/minecraft/resources/RegistryDataLoader$RegistryData;)Z to md17564f$fabric-registry-sync-v0$lambda$skipEmptyRegistries$0$0 in fabric-registry-sync-v0.client.mixins.json:RegistryDataCollectorMixin from mod fabric-registry-sync-v0
[21:40:20] [Netty Local IO #1/DEBUG] (FabricLoader/Mixin) Mixing BundlePacketMixin from fabric-networking-api-v1.mixins.json into net.minecraft.network.protocol.BundlePacket
[21:40:21] [Netty Local IO #1/DEBUG] (ClientPlayNetworkAddon for Player570) Handling inbound packet from channel with name "minecraft:register"
[21:40:21] [Netty Local IO #2/DEBUG] (ServerConfigurationNetworkAddon for Player570) Handling inbound packet from channel with name "minecraft:register"
[21:40:21] [Netty Local IO #1/DEBUG] (ClientPlayNetworkAddon for Player570) Handling inbound packet from channel with name "minecraft:brand"
[21:40:21] [Netty Local IO #2/DEBUG] (FabricLoader/Mixin) Mixing SynchronizeRegistriesTaskMixin from fabric-resource-loader-v1.mixins.json into net.minecraft.server.network.config.SynchronizeRegistriesTask
[21:40:21] [Netty Local IO #2/DEBUG] (FabricLoader/Mixin) fabric-resource-loader-v1.mixins.json:SynchronizeRegistriesTaskMixin from mod fabric-resource-loader-v1->@Inject::onSelectKnownPacks(Ljava/util/List;Ljava/util/function/Consumer;Lorg/spongepowered/asm/mixin/injection/callback/CallbackInfo;)V does use it's CallbackInfo
[21:40:21] [Netty Local IO #2/DEBUG] (FabricLoader/Mixin) fabric-resource-loader-v1.mixins.json:SynchronizeRegistriesTaskMixin from mod fabric-resource-loader-v1->@Inject::syncRegistryAndTags(Ljava/util/function/Consumer;Ljava/util/Set;Lorg/spongepowered/asm/mixin/injection/callback/CallbackInfo;)V doesn't use it's CallbackInfo
[21:40:21] [Netty Local IO #2/DEBUG] (FabricLoader/Mixin) fabric-resource-loader-v1.mixins.json:SynchronizeRegistriesTaskMixin from mod fabric-resource-loader-v1->@Inject::syncRegistryAndTags(Ljava/util/function/Consumer;Ljava/util/Set;Lorg/spongepowered/asm/mixin/injection/callback/CallbackInfo;)V has 0 override(s) in child classes
[21:40:21] [Netty Local IO #2/DEBUG] (FabricLoader/Mixin) fabric-resource-loader-v1.mixins.json:SynchronizeRegistriesTaskMixin from mod fabric-resource-loader-v1->@Inject::syncRegistryAndTags(Ljava/util/function/Consumer;Ljava/util/Set;Lorg/spongepowered/asm/mixin/injection/callback/CallbackInfo;)V won't be passed a CallbackInfo as a result
[21:40:21] [Netty Local IO #2/DEBUG] (FabricLoader/Mixin) fabric-resource-loader-v1.mixins.json:SynchronizeRegistriesTaskMixin from mod fabric-resource-loader-v1->@Inject::sendPacket(Ljava/util/function/Consumer;Lorg/spongepowered/asm/mixin/injection/callback/CallbackInfo;)V does use it's CallbackInfo
[21:40:21] [Netty Local IO #1/DEBUG] (ClientPlayNetworkAddon for Player570) Handling inbound packet from channel with name "fabric:accepted_attachments_v1"
[21:40:21] [Netty Local IO #2/DEBUG] (ServerConfigurationNetworkAddon for Player570) Handling inbound packet from channel with name "fabric:accepted_attachments_v1"
[21:40:21] [Render thread/DEBUG] (ClientPlayNetworkAddon for Player570) Handling inbound packet from channel with name "minecraft:brand"
[21:40:21] [Netty Local IO #1/DEBUG] (ClientPlayNetworkAddon for Player570) Handling inbound packet from channel with name "fabric:custom_ingredient_sync"
[21:40:21] [Netty Local IO #2/DEBUG] (ServerConfigurationNetworkAddon for Player570) Handling inbound packet from channel with name "fabric:custom_ingredient_sync"
[21:40:21] [Netty Local IO #1/DEBUG] (ClientPlayNetworkAddon for Player570) Handling inbound packet from channel with name "c:version"
[21:40:21] [Netty Local IO #1/DEBUG] (ClientPlayNetworkAddon for Player570) Negotiated common packet version 1
[21:40:21] [Netty Local IO #2/DEBUG] (ServerConfigurationNetworkAddon for Player570) Handling inbound packet from channel with name "c:version"
[21:40:21] [Netty Local IO #2/DEBUG] (ServerConfigurationNetworkAddon for Player570) Negotiated common packet version 1
[21:40:21] [Netty Local IO #1/DEBUG] (ClientPlayNetworkAddon for Player570) Handling inbound packet from channel with name "c:register"
[21:40:21] [Netty Local IO #1/DEBUG] (fabric-networking-api-v1) Received accepted channels from the server
[21:40:21] [Netty Local IO #2/DEBUG] (ServerConfigurationNetworkAddon for Player570) Handling inbound packet from channel with name "c:register"
[21:40:21] [Netty Local IO #2/DEBUG] (fabric-networking-api-v1) Received accepted channels from the client for play phase
[21:40:21] [Render thread/DEBUG] (FabricLoader/Mixin) Mixing KnownPacksManagerMixin from fabric-resource-loader-v1.client.mixins.json into net.minecraft.client.multiplayer.KnownPacksManager
[21:40:21] [Render thread/DEBUG] (net.fabricmc.fabric.impl.resource.pack.ModPackResourcesUtil) [Fabric] Starting internal pack sorting with: []
[21:40:21] [Render thread/DEBUG] (net.fabricmc.fabric.impl.resource.pack.ModPackResourcesUtil) [Fabric] Removed all internal packs, result: []
[21:40:21] [Render thread/DEBUG] (net.fabricmc.fabric.impl.resource.pack.ModPackResourcesUtil) [Fabric] Final sorting result: []
[21:40:21] [Render thread/DEBUG] (net.fabricmc.fabric.impl.resource.pack.ModPackResourcesUtil) [Fabric] Starting internal pack sorting with: [vanilla, aspengrove, fabric-convention-tags-v2, fabric-gametest-api-v1]
[21:40:21] [Render thread/DEBUG] (net.fabricmc.fabric.impl.resource.pack.ModPackResourcesUtil) [Fabric] Removed all internal packs, result: [vanilla, aspengrove, fabric-convention-tags-v2, fabric-gametest-api-v1]
[21:40:21] [Render thread/DEBUG] (net.fabricmc.fabric.impl.resource.pack.ModPackResourcesUtil) [Fabric] Final sorting result: [vanilla, aspengrove, fabric-convention-tags-v2, fabric-gametest-api-v1]
[21:40:21] [Server thread/DEBUG] (SynchronizeRegistriesTaskMixin) Synchronizing registries with common known packs: [vanilla:fabric-gametest-api-v1:4.0.32+3434d6d9a3, vanilla:aspengrove:2.2.0, vanilla:fabric-convention-tags-v2:4.10.2+5a4e5fc6a3, minecraft:core:26.3-rc-1]
[21:40:21] [Render thread/DEBUG] (FabricLoader/Mixin) Mixing RegistryDataCollectorContentsCollectorAccessor from fabric-registry-sync-v0.client.mixins.json into net.minecraft.client.multiplayer.RegistryDataCollector$ContentsCollector
[21:40:21] [Server thread/INFO] (net.minecraft.server.level.progress.LoggingLevelLoadListener) Loading 49 chunks for player spawn...
[21:40:21] [Server thread/INFO] (net.minecraft.server.level.progress.LoggingLevelLoadListener) Підготовка области відродження: 16%
[21:40:21] [Server thread/INFO] (net.minecraft.server.level.progress.LoggingLevelLoadListener) Підготовка области відродження: 16%
[21:40:21] [Server thread/INFO] (net.minecraft.server.level.progress.LoggingLevelLoadListener) Підготовка области відродження: 16%
[21:40:21] [Worker-Main-4/DEBUG] (FabricLoader/Mixin) Mixing SerializableChunkDataMixin from fabric-data-attachment-api-v1.mixins.json into net.minecraft.world.level.chunk.storage.SerializableChunkData
[21:40:21] [Worker-Main-4/DEBUG] (FabricLoader/Mixin) Renaming @Unique field LOGGERLorg/slf4j/Logger; to fd17564f$fabric-data-attachment-api-v1$LOGGER$0 in fabric-data-attachment-api-v1.mixins.json:SerializableChunkDataMixin from mod fabric-data-attachment-api-v1
[21:40:21] [Worker-Main-4/DEBUG] (FabricLoader/Mixin) Mixing SerializableChunkDataMixin from fabric-registry-sync-v0.mixins.json into net.minecraft.world.level.chunk.storage.SerializableChunkData
[21:40:21] [Worker-Main-4/DEBUG] (FabricLoader/Mixin) fabric-data-attachment-api-v1.mixins.json:SerializableChunkDataMixin from mod fabric-data-attachment-api-v1->@Inject::storeAttachmentNbtData(Lnet/minecraft/world/level/LevelHeightAccessor;Lnet/minecraft/world/level/chunk/PalettedContainerFactory;Lnet/minecraft/nbt/CompoundTag;Lorg/spongepowered/asm/mixin/injection/callback/CallbackInfoReturnable;)V does use it's CallbackInfoReturnable
[21:40:21] [Worker-Main-4/DEBUG] (FabricLoader/Mixin) fabric-data-attachment-api-v1.mixins.json:SerializableChunkDataMixin from mod fabric-data-attachment-api-v1->@Inject::storeAttachmentNbtData(Lnet/minecraft/world/level/LevelHeightAccessor;Lnet/minecraft/world/level/chunk/PalettedContainerFactory;Lnet/minecraft/nbt/CompoundTag;Lorg/spongepowered/asm/mixin/injection/callback/CallbackInfoReturnable;)V does use it's CallbackInfoReturnable
[21:40:21] [Worker-Main-4/DEBUG] (FabricLoader/Mixin) fabric-data-attachment-api-v1.mixins.json:SerializableChunkDataMixin from mod fabric-data-attachment-api-v1->@Inject::setAttachmentDataInChunk(Lnet/minecraft/server/level/ServerLevel;Lnet/minecraft/world/entity/ai/village/poi/PoiManager;Lnet/minecraft/world/level/chunk/storage/RegionStorageInfo;Lnet/minecraft/world/level/ChunkPos;Lorg/spongepowered/asm/mixin/injection/callback/CallbackInfoReturnable;)V does use it's CallbackInfoReturnable
[21:40:21] [Worker-Main-4/DEBUG] (FabricLoader/Mixin) fabric-data-attachment-api-v1.mixins.json:SerializableChunkDataMixin from mod fabric-data-attachment-api-v1->@Inject::setAttachmentDataInChunk(Lnet/minecraft/server/level/ServerLevel;Lnet/minecraft/world/entity/ai/village/poi/PoiManager;Lnet/minecraft/world/level/chunk/storage/RegionStorageInfo;Lnet/minecraft/world/level/ChunkPos;Lorg/spongepowered/asm/mixin/injection/callback/CallbackInfoReturnable;)V does use it's CallbackInfoReturnable
[21:40:21] [Worker-Main-4/DEBUG] (FabricLoader/Mixin) fabric-data-attachment-api-v1.mixins.json:SerializableChunkDataMixin from mod fabric-data-attachment-api-v1->@Inject::storeAttachmentNbtData(Lnet/minecraft/server/level/ServerLevel;Lnet/minecraft/world/level/chunk/ChunkAccess;Lorg/spongepowered/asm/mixin/injection/callback/CallbackInfoReturnable;)V does use it's CallbackInfoReturnable
[21:40:21] [Worker-Main-4/DEBUG] (FabricLoader/Mixin) fabric-data-attachment-api-v1.mixins.json:SerializableChunkDataMixin from mod fabric-data-attachment-api-v1->@Inject::writeChunkAttachments(Lorg/spongepowered/asm/mixin/injection/callback/CallbackInfoReturnable;)V does use it's CallbackInfoReturnable
[21:40:21] [Worker-Main-4/DEBUG] (FabricLoader/Mixin) Mixing ImposterProtoChunkMixin from fabric-data-attachment-api-v1.mixins.json into net.minecraft.world.level.chunk.ImposterProtoChunk
[21:40:21] [Server thread/INFO] (net.minecraft.server.level.progress.LoggingLevelLoadListener) Підготовка области відродження: 16%
[21:40:21] [Worker-Main-4/DEBUG] (FabricLoader/Mixin) Mixing LevelChunkSectionMixin from fabric-block-api-v1.mixins.json into net.minecraft.world.level.chunk.LevelChunkSection
[21:40:21] [Worker-Main-6/DEBUG] (FabricLoader/Mixin) Mixing ChunkSectionBlockStateCounterMixin from fabric-block-api-v1.mixins.json into net.minecraft.world.level.chunk.LevelChunkSection$1BlockCounter
[21:40:22] [Server thread/DEBUG] (FabricLoader/Mixin) Mixing WalkNodeEvaluatorMixin from fabric-content-registries-v0.mixins.json into net.minecraft.world.level.pathfinder.WalkNodeEvaluator
[21:40:22] [Server thread/DEBUG] (FabricLoader/Mixin) fabric-content-registries-v0.mixins.json:WalkNodeEvaluatorMixin from mod fabric-content-registries-v0->@Inject::getCommonNodeType(Lnet/minecraft/world/level/BlockGetter;Lnet/minecraft/core/BlockPos;Lorg/spongepowered/asm/mixin/injection/callback/CallbackInfoReturnable;)V does use it's CallbackInfoReturnable
[21:40:22] [Server thread/INFO] (net.minecraft.server.level.progress.LoggingLevelLoadListener) Time elapsed: 2500 ms
[21:40:22] [Render thread/DEBUG] (FabricLoader/Mixin) Mixing sync.ClientRecipeContainerMixin from fabric-recipe-api-v1.client.mixins.json into net.minecraft.client.multiplayer.ClientRecipeContainer
[21:40:22] [Render thread/DEBUG] (FabricLoader/Mixin) Mixing advancement.ClientAdvancementsAccessor from fabric-rendering-v1.mixins.json into net.minecraft.client.multiplayer.ClientAdvancements
[21:40:22] [Render thread/DEBUG] (FabricLoader/Mixin) Mixing ClientSuggestionProviderMixin from fabric-command-api-v2.client.mixins.json into net.minecraft.client.multiplayer.ClientSuggestionProvider
[21:40:22] [Render thread/DEBUG] (FabricLoader/Mixin) Mixing ClientDebugSubscriberMixin from fabric-debug-api-v1.client.mixins.json into net.minecraft.client.multiplayer.ClientDebugSubscriber
[21:40:22] [Render thread/DEBUG] (FabricLoader/Mixin) fabric-debug-api-v1.client.mixins.json:ClientDebugSubscriberMixin from mod fabric-debug-api-v1->@Inject::addSubscribers(Lorg/spongepowered/asm/mixin/injection/callback/CallbackInfoReturnable;)V doesn't use it's CallbackInfoReturnable
[21:40:22] [Render thread/DEBUG] (FabricLoader/Mixin) fabric-debug-api-v1.client.mixins.json:ClientDebugSubscriberMixin from mod fabric-debug-api-v1->@Inject::addSubscribers(Lorg/spongepowered/asm/mixin/injection/callback/CallbackInfoReturnable;)V has 0 override(s) in child classes
[21:40:22] [Render thread/DEBUG] (FabricLoader/Mixin) fabric-debug-api-v1.client.mixins.json:ClientDebugSubscriberMixin from mod fabric-debug-api-v1->@Inject::addSubscribers(Lorg/spongepowered/asm/mixin/injection/callback/CallbackInfoReturnable;)V won't be passed a CallbackInfoReturnable as a result
[21:40:22] [Server thread/DEBUG] (FabricLoader/Mixin) Mixing accessor.EntityTrackerAccessor from fabric-networking-api-v1.mixins.json into net.minecraft.server.level.ChunkMap$TrackedEntity
[21:40:22] [Server thread/DEBUG] (FabricLoader/Mixin) Mixing ServerEntityMixin from fabric-networking-api-v1.mixins.json into net.minecraft.server.level.ServerEntity
[21:40:22] [Server thread/DEBUG] (FabricLoader/Mixin) fabric-networking-api-v1.mixins.json:ServerEntityMixin from mod fabric-networking-api-v1->@Inject::onStartTracking(Lnet/minecraft/server/level/ServerPlayer;Lorg/spongepowered/asm/mixin/injection/callback/CallbackInfo;)V doesn't use it's CallbackInfo
[21:40:22] [Server thread/DEBUG] (FabricLoader/Mixin) fabric-networking-api-v1.mixins.json:ServerEntityMixin from mod fabric-networking-api-v1->@Inject::onStartTracking(Lnet/minecraft/server/level/ServerPlayer;Lorg/spongepowered/asm/mixin/injection/callback/CallbackInfo;)V has 0 override(s) in child classes
[21:40:22] [Server thread/DEBUG] (FabricLoader/Mixin) fabric-networking-api-v1.mixins.json:ServerEntityMixin from mod fabric-networking-api-v1->@Inject::onStartTracking(Lnet/minecraft/server/level/ServerPlayer;Lorg/spongepowered/asm/mixin/injection/callback/CallbackInfo;)V won't be passed a CallbackInfo as a result
[21:40:22] [Server thread/DEBUG] (FabricLoader/Mixin) fabric-networking-api-v1.mixins.json:ServerEntityMixin from mod fabric-networking-api-v1->@Inject::onStopTracking(Lnet/minecraft/server/level/ServerPlayer;Lorg/spongepowered/asm/mixin/injection/callback/CallbackInfo;)V doesn't use it's CallbackInfo
[21:40:22] [Server thread/DEBUG] (FabricLoader/Mixin) fabric-networking-api-v1.mixins.json:ServerEntityMixin from mod fabric-networking-api-v1->@Inject::onStopTracking(Lnet/minecraft/server/level/ServerPlayer;Lorg/spongepowered/asm/mixin/injection/callback/CallbackInfo;)V has 0 override(s) in child classes
[21:40:22] [Server thread/DEBUG] (FabricLoader/Mixin) fabric-networking-api-v1.mixins.json:ServerEntityMixin from mod fabric-networking-api-v1->@Inject::onStopTracking(Lnet/minecraft/server/level/ServerPlayer;Lorg/spongepowered/asm/mixin/injection/callback/CallbackInfo;)V won't be passed a CallbackInfo as a result
[21:40:22] [Server thread/WARN] (net.minecraft.world.level.entity.PersistentEntitySectionManager) UUID of added entity already exists: Bee['Бджола'/9, l='ServerLevel[Новий світ]', x=-182.63, y=82.87, z=-810.32]
[21:40:22] [Server thread/DEBUG] (FabricLoader/Mixin) Mixing PlayerAdvancementsMixin from fabric-events-interaction-v0.mixins.json into net.minecraft.server.PlayerAdvancements
[21:40:22] [Server thread/DEBUG] (FabricLoader/Mixin) fabric-events-interaction-v0.mixins.json:PlayerAdvancementsMixin from mod fabric-events-interaction-v0->@Inject::preventOwnerOverride(Lnet/minecraft/server/level/ServerPlayer;Lorg/spongepowered/asm/mixin/injection/callback/CallbackInfo;)V does use it's CallbackInfo
[21:40:22] [Server thread/DEBUG] (FabricLoader/Mixin) fabric-events-interaction-v0.mixins.json:PlayerAdvancementsMixin from mod fabric-events-interaction-v0->@Inject::preventGrantCriterion(Lnet/minecraft/advancements/AdvancementHolder;Ljava/lang/String;Lorg/spongepowered/asm/mixin/injection/callback/CallbackInfoReturnable;)V does use it's CallbackInfoReturnable
[21:40:22] [Server thread/INFO] (net.minecraft.server.players.PlayerList) Player570[local:E:4ba6de97] logged in with entity id 16 at (-168.69999998807907, 82.0, -812.1257792599938)
[21:40:22] [Server thread/DEBUG] (FabricLoader/Mixin) Mixing ServerGamePacketListenerImplMixin from fabric-networking-api-v1.mixins.json into net.minecraft.server.network.ServerGamePacketListenerImpl
[21:40:22] [Server thread/DEBUG] (FabricLoader/Mixin) Mixing ServerGamePacketListenerImplMixin from fabric-events-interaction-v0.mixins.json into net.minecraft.server.network.ServerGamePacketListenerImpl
[21:40:22] [Server thread/DEBUG] (FabricLoader/Mixin) fabric-networking-api-v1.mixins.json:ServerGamePacketListenerImplMixin from mod fabric-networking-api-v1->@Inject::initAddon(Lorg/spongepowered/asm/mixin/injection/callback/CallbackInfo;)V doesn't use it's CallbackInfo
[21:40:22] [Server thread/DEBUG] (FabricLoader/Mixin) fabric-networking-api-v1.mixins.json:ServerGamePacketListenerImplMixin from mod fabric-networking-api-v1->@Inject::initAddon(Lorg/spongepowered/asm/mixin/injection/callback/CallbackInfo;)V has 0 override(s) in child classes
[21:40:22] [Server thread/DEBUG] (FabricLoader/Mixin) fabric-networking-api-v1.mixins.json:ServerGamePacketListenerImplMixin from mod fabric-networking-api-v1->@Inject::initAddon(Lorg/spongepowered/asm/mixin/injection/callback/CallbackInfo;)V won't be passed a CallbackInfo as a result
[21:40:22] [Server thread/DEBUG] (FabricLoader/Mixin) fabric-networking-api-v1.mixins.json:ServerGamePacketListenerImplMixin from mod fabric-networking-api-v1->@Inject::handleCustomPayloadReceivedAsync(Lnet/minecraft/network/protocol/common/ServerboundCustomPayloadPacket;Lorg/spongepowered/asm/mixin/injection/callback/CallbackInfo;)V does use it's CallbackInfo
[21:40:22] [Server thread/DEBUG] (FabricLoader/Mixin) fabric-events-interaction-v0.mixins.json:ServerGamePacketListenerImplMixin from mod fabric-events-interaction-v0->@Inject::handleInteract(Lnet/minecraft/network/protocol/game/ServerboundInteractPacket;Lorg/spongepowered/asm/mixin/injection/callback/CallbackInfo;)V does use it's CallbackInfo
[21:40:22] [Server thread/DEBUG] (FabricLoader/Mixin) Mixing PlayerChunkSenderMixin from fabric-data-attachment-api-v1.mixins.json into net.minecraft.server.network.PlayerChunkSender
[21:40:22] [Server thread/INFO] (net.minecraft.server.MinecraftServer) System chat: Player570 приєднався до гри
[21:40:22] [Render thread/DEBUG] (FabricLoader/Mixin) Mixing MultiPlayerGameModeMixin from fabric-item-api-v1.client.mixins.json into net.minecraft.client.multiplayer.MultiPlayerGameMode
[21:40:22] [Render thread/DEBUG] (FabricLoader/Mixin) Mixing MultiPlayerGameModeMixin from fabric-events-interaction-v0.client.mixins.json into net.minecraft.client.multiplayer.MultiPlayerGameMode
[21:40:22] [Render thread/DEBUG] (FabricLoader/Mixin) Renaming synthetic method lambda$interactItem$0(Lnet/minecraft/world/InteractionHand;Lnet/minecraft/world/entity/player/Player;I)Lnet/minecraft/network/protocol/Packet; to md17564f$fabric-events-interaction-v0$lambda$interactItem$0$0 in fabric-events-interaction-v0.client.mixins.json:MultiPlayerGameModeMixin from mod fabric-events-interaction-v0
[21:40:22] [Render thread/DEBUG] (FabricLoader/Mixin) Renaming synthetic method lambda$interactBlock$0(Lnet/minecraft/world/InteractionHand;Lnet/minecraft/world/phys/BlockHitResult;I)Lnet/minecraft/network/protocol/Packet; to md17564f$fabric-events-interaction-v0$lambda$interactBlock$0$1 in fabric-events-interaction-v0.client.mixins.json:MultiPlayerGameModeMixin from mod fabric-events-interaction-v0
[21:40:22] [Render thread/DEBUG] (FabricLoader/Mixin) Renaming synthetic method lambda$fabric_fireAttackBlockCallback$0(Lnet/minecraft/core/BlockPos;Lnet/minecraft/core/Direction;I)Lnet/minecraft/network/protocol/Packet; to md17564f$fabric-events-interaction-v0$lambda$fabric_fireAttackBlockCallback$0$2 in fabric-events-interaction-v0.client.mixins.json:MultiPlayerGameModeMixin from mod fabric-events-interaction-v0
[21:40:22] [Render thread/DEBUG] (FabricLoader/Mixin) fabric-events-interaction-v0.client.mixins.json:MultiPlayerGameModeMixin from mod fabric-events-interaction-v0->@Inject::attackBlock(Lnet/minecraft/core/BlockPos;Lnet/minecraft/core/Direction;Lorg/spongepowered/asm/mixin/injection/callback/CallbackInfoReturnable;)V does use it's CallbackInfoReturnable
[21:40:22] [Render thread/DEBUG] (FabricLoader/Mixin) fabric-events-interaction-v0.client.mixins.json:MultiPlayerGameModeMixin from mod fabric-events-interaction-v0->@Inject::method_2902(Lnet/minecraft/core/BlockPos;Lnet/minecraft/core/Direction;Lorg/spongepowered/asm/mixin/injection/callback/CallbackInfoReturnable;)V does use it's CallbackInfoReturnable
[21:40:22] [Render thread/DEBUG] (FabricLoader/Mixin) fabric-events-interaction-v0.client.mixins.json:MultiPlayerGameModeMixin from mod fabric-events-interaction-v0->@Inject::fabric$onBlockBroken(Lnet/minecraft/core/BlockPos;Lorg/spongepowered/asm/mixin/injection/callback/CallbackInfoReturnable;)V doesn't use it's CallbackInfoReturnable
[21:40:22] [Render thread/DEBUG] (FabricLoader/Mixin) fabric-events-interaction-v0.client.mixins.json:MultiPlayerGameModeMixin from mod fabric-events-interaction-v0->@Inject::fabric$onBlockBroken(Lnet/minecraft/core/BlockPos;Lorg/spongepowered/asm/mixin/injection/callback/CallbackInfoReturnable;)V has 0 override(s) in child classes
[21:40:22] [Render thread/DEBUG] (FabricLoader/Mixin) fabric-events-interaction-v0.client.mixins.json:MultiPlayerGameModeMixin from mod fabric-events-interaction-v0->@Inject::fabric$onBlockBroken(Lnet/minecraft/core/BlockPos;Lorg/spongepowered/asm/mixin/injection/callback/CallbackInfoReturnable;)V won't be passed a CallbackInfoReturnable as a result
[21:40:22] [Render thread/DEBUG] (FabricLoader/Mixin) fabric-events-interaction-v0.client.mixins.json:MultiPlayerGameModeMixin from mod fabric-events-interaction-v0->@Inject::interactBlock(Lnet/minecraft/client/player/LocalPlayer;Lnet/minecraft/world/InteractionHand;Lnet/minecraft/world/phys/BlockHitResult;Lorg/spongepowered/asm/mixin/injection/callback/CallbackInfoReturnable;)V does use it's CallbackInfoReturnable
[21:40:22] [Render thread/DEBUG] (FabricLoader/Mixin) fabric-events-interaction-v0.client.mixins.json:MultiPlayerGameModeMixin from mod fabric-events-interaction-v0->@Inject::interactItem(Lnet/minecraft/world/entity/player/Player;Lnet/minecraft/world/InteractionHand;Lorg/spongepowered/asm/mixin/injection/callback/CallbackInfoReturnable;)V does use it's CallbackInfoReturnable
[21:40:22] [Render thread/DEBUG] (FabricLoader/Mixin) fabric-events-interaction-v0.client.mixins.json:MultiPlayerGameModeMixin from mod fabric-events-interaction-v0->@Inject::attackEntity(Lnet/minecraft/world/entity/player/Player;Lnet/minecraft/world/entity/Entity;Lorg/spongepowered/asm/mixin/injection/callback/CallbackInfo;)V does use it's CallbackInfo
[21:40:22] [Render thread/DEBUG] (FabricLoader/Mixin) Mixing ClientChunkCacheMixin from fabric-lifecycle-events-v1.client.mixins.json into net.minecraft.client.multiplayer.ClientChunkCache
[21:40:22] [Render thread/DEBUG] (FabricLoader/Mixin) fabric-lifecycle-events-v1.client.mixins.json:ClientChunkCacheMixin from mod fabric-lifecycle-events-v1->@Inject::onChunkLoad(IILnet/minecraft/network/protocol/game/ClientboundLevelChunkPacketData;Lorg/spongepowered/asm/mixin/injection/callback/CallbackInfoReturnable;)V does use it's CallbackInfoReturnable
[21:40:22] [Render thread/DEBUG] (FabricLoader/Mixin) fabric-lifecycle-events-v1.client.mixins.json:ClientChunkCacheMixin from mod fabric-lifecycle-events-v1->@Inject::onChunkUnload(IILnet/minecraft/network/protocol/game/ClientboundLevelChunkPacketData;Lorg/spongepowered/asm/mixin/injection/callback/CallbackInfoReturnable;)V doesn't use it's CallbackInfoReturnable
[21:40:22] [Render thread/DEBUG] (FabricLoader/Mixin) fabric-lifecycle-events-v1.client.mixins.json:ClientChunkCacheMixin from mod fabric-lifecycle-events-v1->@Inject::onChunkUnload(IILnet/minecraft/network/protocol/game/ClientboundLevelChunkPacketData;Lorg/spongepowered/asm/mixin/injection/callback/CallbackInfoReturnable;)V has 0 override(s) in child classes
[21:40:22] [Render thread/DEBUG] (FabricLoader/Mixin) fabric-lifecycle-events-v1.client.mixins.json:ClientChunkCacheMixin from mod fabric-lifecycle-events-v1->@Inject::onChunkUnload(IILnet/minecraft/network/protocol/game/ClientboundLevelChunkPacketData;Lorg/spongepowered/asm/mixin/injection/callback/CallbackInfoReturnable;)V won't be passed a CallbackInfoReturnable as a result
[21:40:22] [Render thread/DEBUG] (FabricLoader/Mixin) fabric-lifecycle-events-v1.client.mixins.json:ClientChunkCacheMixin from mod fabric-lifecycle-events-v1->@Inject::onChunkUnload(Lnet/minecraft/world/level/ChunkPos;Lorg/spongepowered/asm/mixin/injection/callback/CallbackInfo;)V doesn't use it's CallbackInfo
[21:40:22] [Render thread/DEBUG] (FabricLoader/Mixin) fabric-lifecycle-events-v1.client.mixins.json:ClientChunkCacheMixin from mod fabric-lifecycle-events-v1->@Inject::onChunkUnload(Lnet/minecraft/world/level/ChunkPos;Lorg/spongepowered/asm/mixin/injection/callback/CallbackInfo;)V has 0 override(s) in child classes
[21:40:22] [Render thread/DEBUG] (FabricLoader/Mixin) fabric-lifecycle-events-v1.client.mixins.json:ClientChunkCacheMixin from mod fabric-lifecycle-events-v1->@Inject::onChunkUnload(Lnet/minecraft/world/level/ChunkPos;Lorg/spongepowered/asm/mixin/injection/callback/CallbackInfo;)V won't be passed a CallbackInfo as a result
[21:40:22] [Render thread/DEBUG] (FabricLoader/Mixin) fabric-lifecycle-events-v1.client.mixins.json:ClientChunkCacheMixin from mod fabric-lifecycle-events-v1->@Inject::onUpdateLoadDistance(ILorg/spongepowered/asm/mixin/injection/callback/CallbackInfo;)V doesn't use it's CallbackInfo
[21:40:22] [Render thread/DEBUG] (FabricLoader/Mixin) fabric-lifecycle-events-v1.client.mixins.json:ClientChunkCacheMixin from mod fabric-lifecycle-events-v1->@Inject::onUpdateLoadDistance(ILorg/spongepowered/asm/mixin/injection/callback/CallbackInfo;)V has 0 override(s) in child classes
[21:40:22] [Render thread/DEBUG] (FabricLoader/Mixin) fabric-lifecycle-events-v1.client.mixins.json:ClientChunkCacheMixin from mod fabric-lifecycle-events-v1->@Inject::onUpdateLoadDistance(ILorg/spongepowered/asm/mixin/injection/callback/CallbackInfo;)V won't be passed a CallbackInfo as a result
[21:40:22] [Render thread/DEBUG] (FabricLoader/Mixin) Mixing ClientLevelEntityCallbacksMixin from fabric-lifecycle-events-v1.client.mixins.json into net.minecraft.client.multiplayer.ClientLevel$EntityCallbacks
[21:40:22] [Render thread/DEBUG] (FabricLoader/Mixin) fabric-lifecycle-events-v1.client.mixins.json:ClientLevelEntityCallbacksMixin from mod fabric-lifecycle-events-v1->@Inject::invokeLoadEntity(Lnet/minecraft/world/entity/Entity;Lorg/spongepowered/asm/mixin/injection/callback/CallbackInfo;)V doesn't use it's CallbackInfo
[21:40:22] [Render thread/DEBUG] (FabricLoader/Mixin) fabric-lifecycle-events-v1.client.mixins.json:ClientLevelEntityCallbacksMixin from mod fabric-lifecycle-events-v1->@Inject::invokeUnloadEntity(Lnet/minecraft/world/entity/Entity;Lorg/spongepowered/asm/mixin/injection/callback/CallbackInfo;)V doesn't use it's CallbackInfo
[21:40:22] [Render thread/DEBUG] (FabricLoader/Mixin) Mixing HangingSignEditScreenMixin from fabric-object-builder-v1.client.mixins.json into net.minecraft.client.gui.screens.inventory.HangingSignEditScreen
[21:40:22] [Render thread/DEBUG] (FabricLoader/Mixin) Renaming synthetic method lambda$init$0(Ljava/lang/String;)Ljava/lang/String; to md17564f$fabric-object-builder-api-v1$lambda$init$0$0 in fabric-object-builder-v1.client.mixins.json:HangingSignEditScreenMixin from mod fabric-object-builder-api-v1
[21:40:22] [Render thread/DEBUG] (FabricLoader/Mixin) Mixing SignEditScreenMixin from fabric-object-builder-v1.client.mixins.json into net.minecraft.client.gui.screens.inventory.SignEditScreen
[21:40:22] [Render thread/DEBUG] (FabricLoader/Mixin) Renaming synthetic method lambda$init$0(Ljava/lang/String;)Ljava/lang/String; to md17564f$fabric-object-builder-api-v1$lambda$init$0$0 in fabric-object-builder-v1.client.mixins.json:SignEditScreenMixin from mod fabric-object-builder-api-v1
[21:40:22] [Render thread/DEBUG] (FabricLoader/Mixin) Mixing FirstPersonHandsAndItemsMixin from fabric-item-api-v1.client.mixins.json into net.minecraft.client.player.FirstPersonHandsAndItems
[21:40:22] [Render thread/DEBUG] (FabricLoader/Mixin) fabric-item-api-v1.client.mixins.json:FirstPersonHandsAndItemsMixin from mod fabric-item-api-v1->@Inject::modifyProgressAnimation(Lnet/minecraft/client/player/LocalPlayer;Lorg/spongepowered/asm/mixin/injection/callback/CallbackInfo;)V doesn't use it's CallbackInfo
[21:40:22] [Render thread/DEBUG] (FabricLoader/Mixin) fabric-item-api-v1.client.mixins.json:FirstPersonHandsAndItemsMixin from mod fabric-item-api-v1->@Inject::modifyProgressAnimation(Lnet/minecraft/client/player/LocalPlayer;Lorg/spongepowered/asm/mixin/injection/callback/CallbackInfo;)V has 0 override(s) in child classes
[21:40:22] [Render thread/DEBUG] (FabricLoader/Mixin) fabric-item-api-v1.client.mixins.json:FirstPersonHandsAndItemsMixin from mod fabric-item-api-v1->@Inject::modifyProgressAnimation(Lnet/minecraft/client/player/LocalPlayer;Lorg/spongepowered/asm/mixin/injection/callback/CallbackInfo;)V won't be passed a CallbackInfo as a result
[21:40:22] [Server thread/DEBUG] (FabricLoader/Mixin) Mixing EnchantmentHelperMixin from fabric-item-api-v1.mixins.json into net.minecraft.world.item.enchantment.EnchantmentHelper
[21:40:22] [Download-1/DEBUG] (com.mojang.authlib.minecraft.client.MinecraftClient) Connecting to https://api.minecraftservices.com/player/certificates
[21:40:22] [Netty Local IO #2/DEBUG] (ServerPlayNetworkAddon for literal{Player570}[style={clickEvent=SuggestCommand[command=/tell Player570 ],hoverEvent=ShowEntity[entity=net.minecraft.network.chat.HoverEvent$EntityTooltipInfo@8a613795],insertion=Player570}]) Handling inbound packet from channel with name "minecraft:register"
[21:40:22] [Server thread/DEBUG] (FabricLoader/Mixin) Mixing TagValueOutputMixin from fabric-serialization-api-v1.mixins.json into net.minecraft.world.level.storage.TagValueOutput
[21:40:22] [Render thread/INFO] (net.minecraft.advancements.AdvancementTree) Loaded 14 advancements
[21:40:22] [Server thread/INFO] (net.minecraft.client.server.IntegratedServer) Changing view distance to 7, from 10
[21:40:22] [Server thread/INFO] (net.minecraft.client.server.IntegratedServer) Changing simulation distance to 5, from 0
[21:40:22] [Render thread/DEBUG] (FabricLoader/Mixin) Mixing block.render.SectionCompilerMixin from fabric-renderer-api-v1.mixins.json into net.minecraft.client.renderer.chunk.SectionCompiler
[21:40:22] [Render thread/DEBUG] (FabricLoader/Mixin) Renaming synthetic method lambda$beforeLoopCompile$0(Ljava/util/Map;Lnet/minecraft/client/renderer/SectionBufferBuilderPack;Lnet/fabricmc/fabric/api/client/renderer/v1/mesh/MutableQuadView;)V to md17564f$fabric-renderer-api-v1$lambda$beforeLoopCompile$0$0 in fabric-renderer-api-v1.mixins.json:block.render.SectionCompilerMixin from mod fabric-renderer-api-v1
[21:40:22] [Render thread/DEBUG] (FabricLoader/Mixin) fabric-renderer-api-v1.mixins.json:block.render.SectionCompilerMixin from mod fabric-renderer-api-v1->@Inject::beforeLoopCompile(Lnet/minecraft/core/SectionPos;Lnet/minecraft/client/renderer/chunk/RenderSectionRegion;Lcom/mojang/blaze3d/vertex/VertexSorting;Lnet/minecraft/client/renderer/SectionBufferBuilderPack;Lorg/spongepowered/asm/mixin/injection/callback/CallbackInfoReturnable;)V doesn't use it's CallbackInfoReturnable
[21:40:22] [Render thread/DEBUG] (FabricLoader/Mixin) fabric-renderer-api-v1.mixins.json:block.render.SectionCompilerMixin from mod fabric-renderer-api-v1->@Inject::beforeLoopCompile(Lnet/minecraft/core/SectionPos;Lnet/minecraft/client/renderer/chunk/RenderSectionRegion;Lcom/mojang/blaze3d/vertex/VertexSorting;Lnet/minecraft/client/renderer/SectionBufferBuilderPack;Lorg/spongepowered/asm/mixin/injection/callback/CallbackInfoReturnable;)V has 0 override(s) in child classes
[21:40:22] [Render thread/DEBUG] (FabricLoader/Mixin) fabric-renderer-api-v1.mixins.json:block.render.SectionCompilerMixin from mod fabric-renderer-api-v1->@Inject::beforeLoopCompile(Lnet/minecraft/core/SectionPos;Lnet/minecraft/client/renderer/chunk/RenderSectionRegion;Lcom/mojang/blaze3d/vertex/VertexSorting;Lnet/minecraft/client/renderer/SectionBufferBuilderPack;Lorg/spongepowered/asm/mixin/injection/callback/CallbackInfoReturnable;)V won't be passed a CallbackInfoReturnable as a result
[21:40:22] [Server thread/DEBUG] (FabricLoader/Mixin) Mixing PathfindingContextMixin from fabric-content-registries-v0.mixins.json into net.minecraft.world.level.pathfinder.PathfindingContext
[21:40:22] [Server thread/DEBUG] (FabricLoader/Mixin) fabric-content-registries-v0.mixins.json:PathfindingContextMixin from mod fabric-content-registries-v0->@Inject::onGetNodeType(IIILorg/spongepowered/asm/mixin/injection/callback/CallbackInfoReturnable;)V does use it's CallbackInfoReturnable
[21:40:22] [Render thread/DEBUG] (FabricLoader/Mixin) Mixing RenderRegionCacheMixin from fabric-block-getter-api-v2.client.mixins.json into net.minecraft.client.renderer.chunk.RenderRegionCache
[21:40:22] [Render thread/DEBUG] (FabricLoader/Mixin) fabric-block-getter-api-v2.client.mixins.json:RenderRegionCacheMixin from mod fabric-block-getter-api-v2->@Inject::copyDataForChunk(Lnet/minecraft/client/multiplayer/ClientLevel;JLorg/spongepowered/asm/mixin/injection/callback/CallbackInfoReturnable;)V doesn't use it's CallbackInfoReturnable
[21:40:22] [Render thread/DEBUG] (FabricLoader/Mixin) fabric-block-getter-api-v2.client.mixins.json:RenderRegionCacheMixin from mod fabric-block-getter-api-v2->@Inject::copyDataForChunk(Lnet/minecraft/client/multiplayer/ClientLevel;JLorg/spongepowered/asm/mixin/injection/callback/CallbackInfoReturnable;)V has 0 override(s) in child classes
[21:40:22] [Render thread/DEBUG] (FabricLoader/Mixin) fabric-block-getter-api-v2.client.mixins.json:RenderRegionCacheMixin from mod fabric-block-getter-api-v2->@Inject::copyDataForChunk(Lnet/minecraft/client/multiplayer/ClientLevel;JLorg/spongepowered/asm/mixin/injection/callback/CallbackInfoReturnable;)V won't be passed a CallbackInfoReturnable as a result
[21:40:22] [Render thread/DEBUG] (FabricLoader/Mixin) fabric-block-getter-api-v2.client.mixins.json:RenderRegionCacheMixin from mod fabric-block-getter-api-v2->@Inject::createDataMap(Lnet/minecraft/client/multiplayer/ClientLevel;JLorg/spongepowered/asm/mixin/injection/callback/CallbackInfoReturnable;)V does use it's CallbackInfoReturnable
[21:40:22] [Render thread/WARN] (net.minecraft.client.renderer.ShaderManager) Requested post effect does not exist: minecraft:end_of_frame
[21:40:22] [Render thread/DEBUG] (FabricLoader/Mixin) Mixing renderstate.RenderStateMixin from fabric-rendering-v1.mixins.json into net.minecraft.client.renderer.state.level.BlockOutlineRenderState
[21:40:22] [Render thread/DEBUG] (FabricLoader/Mixin) Mixing SubmitNodeCollectionMixin from fabric-rendering-v1.mixins.json into net.minecraft.client.renderer.SubmitNodeCollection
[21:40:22] [Render thread/DEBUG] (FabricLoader/Mixin) Mixing submit.SubmitNodeCollectionMixin from fabric-renderer-api-v1.mixins.json into net.minecraft.client.renderer.SubmitNodeCollection
[21:40:22] [Render thread/DEBUG] (FabricLoader/Mixin) Renaming synthetic method lambda$submitBreakingBlockModel$0(Lnet/minecraft/client/renderer/rendertype/RenderType;Lnet/minecraft/client/renderer/chunk/ChunkSectionLayer;)Lnet/minecraft/client/renderer/rendertype/RenderType; to md17564f$fabric-renderer-api-v1$lambda$submitBreakingBlockModel$0$0 in fabric-renderer-api-v1.mixins.json:submit.SubmitNodeCollectionMixin from mod fabric-renderer-api-v1
[21:40:22] [Render thread/DEBUG] (FabricLoader/Mixin) Renaming synthetic method lambda$submitBlockModel$1(Ljava/util/function/Function;Lnet/minecraft/client/renderer/chunk/ChunkSectionLayer;)Lnet/minecraft/client/renderer/rendertype/RenderType; to md17564f$fabric-renderer-api-v1$lambda$submitBlockModel$1$1 in fabric-renderer-api-v1.mixins.json:submit.SubmitNodeCollectionMixin from mod fabric-renderer-api-v1
[21:40:22] [Render thread/DEBUG] (FabricLoader/Mixin) Renaming synthetic method lambda$submitBlockModel$0(Ljava/util/function/Function;Lnet/minecraft/client/renderer/chunk/ChunkSectionLayer;)Lnet/minecraft/client/renderer/rendertype/RenderType; to md17564f$fabric-renderer-api-v1$lambda$submitBlockModel$0$2 in fabric-renderer-api-v1.mixins.json:submit.SubmitNodeCollectionMixin from mod fabric-renderer-api-v1
[21:40:23] [Render thread/INFO] (net.minecraft.client.renderer.DynamicGpuDataStorageMapped) Resizing Dynamic Transforms UBO, capacity limit of 2 reached during a single frame. New capacity will be 4.
[21:40:23] [Render thread/INFO] (net.minecraft.client.renderer.DynamicGpuDataStorageMapped) Resizing Dynamic Transforms UBO, capacity limit of 4 reached during a single frame. New capacity will be 8.
[21:40:23] [Render thread/DEBUG] (com.mojang.blaze3d.systems.RenderSystem) Growing IndexBuffer: Old limit 14688, new limit 106824.
[21:40:23] [Server thread/WARN] (net.minecraft.world.level.entity.PersistentEntitySectionManager) UUID of added entity already exists: Bee['Бджола'/35, l='ServerLevel[Новий світ]', x=-205.57, y=70.17, z=-880.03]
[21:40:23] [Render thread/DEBUG] (FabricLoader/Mixin) Mixing ParticleUtilsMixin from fabric-particles-v1.mixins.json into net.minecraft.util.ParticleUtils
[21:40:23] [Render thread/DEBUG] (FabricLoader/Mixin) Mixing RenderSectionRegionMixin from fabric-block-getter-api-v2.client.mixins.json into net.minecraft.client.renderer.chunk.RenderSectionRegion
[21:40:23] [Render thread/INFO] (net.minecraft.client.renderer.DynamicGpuDataStorageMapped) Resizing Dynamic Transforms UBO, capacity limit of 8 reached during a single frame. New capacity will be 16.
[21:40:23] [Worker-Main-1/DEBUG] (FabricLoader/Mixin) Mixing BlockModelLighterAccessor from fabric-renderer-indigo.mixins.json into net.minecraft.client.renderer.block.BlockModelLighter
[21:40:23] [Worker-Main-1/DEBUG] (FabricLoader/Mixin) Renaming @Accessor method fabric_getCACHE()Ljava/lang/ThreadLocal; to fabric_getCACHE$fabric-renderer-indigo_$md$17564f$0 in fabric-renderer-indigo.mixins.json:BlockModelLighterAccessor from mod fabric-renderer-indigo
[21:40:23] [Worker-Main-1/DEBUG] (FabricLoader/Mixin) Mixing ModelBlockRendererMixin from fabric-rendering-v1.mixins.json into net.minecraft.client.renderer.block.ModelBlockRenderer
[21:40:23] [Worker-Main-1/DEBUG] (FabricLoader/Mixin) fabric-rendering-v1.mixins.json:ModelBlockRendererMixin from mod fabric-rendering-v1->@Inject::injectFactoryTintCacheLoading(Lnet/minecraft/client/renderer/block/BlockAndTintGetter;Lnet/minecraft/world/level/block/state/BlockState;Lnet/minecraft/core/BlockPos;ILorg/spongepowered/asm/mixin/injection/callback/CallbackInfoReturnable;)V doesn't use it's CallbackInfoReturnable
[21:40:23] [Worker-Main-1/DEBUG] (FabricLoader/Mixin) fabric-rendering-v1.mixins.json:ModelBlockRendererMixin from mod fabric-rendering-v1->@Inject::injectFactoryTintCacheLoading(Lnet/minecraft/client/renderer/block/BlockAndTintGetter;Lnet/minecraft/world/level/block/state/BlockState;Lnet/minecraft/core/BlockPos;ILorg/spongepowered/asm/mixin/injection/callback/CallbackInfoReturnable;)V has 0 override(s) in child classes
[21:40:23] [Worker-Main-1/DEBUG] (FabricLoader/Mixin) fabric-rendering-v1.mixins.json:ModelBlockRendererMixin from mod fabric-rendering-v1->@Inject::injectFactoryTintCacheLoading(Lnet/minecraft/client/renderer/block/BlockAndTintGetter;Lnet/minecraft/world/level/block/state/BlockState;Lnet/minecraft/core/BlockPos;ILorg/spongepowered/asm/mixin/injection/callback/CallbackInfoReturnable;)V won't be passed a CallbackInfoReturnable as a result
[21:40:23] [Worker-Main-1/DEBUG] (FabricLoader/Mixin) Mixing FluidRendererMixin from fabric-rendering-fluids-v1.mixins.json into net.minecraft.client.renderer.block.FluidRenderer
[21:40:23] [Worker-Main-1/DEBUG] (FabricLoader/Mixin) fabric-rendering-fluids-v1.mixins.json:FluidRendererMixin from mod fabric-rendering-fluids-v1->@Inject::onHeadRender(Lnet/minecraft/client/renderer/block/BlockAndTintGetter;Lnet/minecraft/core/BlockPos;Lnet/minecraft/client/renderer/block/FluidRenderer$Output;Lnet/minecraft/world/level/block/state/BlockState;Lnet/minecraft/world/level/material/FluidState;Lorg/spongepowered/asm/mixin/injection/callback/CallbackInfo;)V does use it's CallbackInfo
[21:40:24] [Render thread/INFO] (net.minecraft.client.renderer.DynamicGpuDataStorageMapped) Resizing Chunk Sections Command Buffer, capacity limit of 2 reached during a single frame. New capacity will be 8.
[21:40:24] [Render thread/INFO] (net.minecraft.client.renderer.DynamicGpuDataStorageNonMapped) Resizing Chunk Sections Instanced, capacity limit of 2 reached during a single frame. New capacity will be 8.
[21:40:24] [Render thread/INFO] (net.minecraft.client.renderer.DynamicGpuDataStorageMapped) Resizing Chunk Sections Command Buffer, capacity limit of 8 reached during a single frame. New capacity will be 32.
[21:40:24] [Render thread/INFO] (net.minecraft.client.renderer.DynamicGpuDataStorageNonMapped) Resizing Chunk Sections Instanced, capacity limit of 8 reached during a single frame. New capacity will be 32.
[21:40:24] [Server thread/WARN] (net.minecraft.world.level.entity.PersistentEntitySectionManager) UUID of added entity already exists: Bee['Бджола'/69, l='ServerLevel[Новий світ]', x=-195.38, y=85.95, z=-897.54]
[21:40:24] [Render thread/INFO] (net.minecraft.client.renderer.DynamicGpuDataStorageMapped) Resizing Chunk Sections Command Buffer, capacity limit of 32 reached during a single frame. New capacity will be 64.
[21:40:24] [Server thread/INFO] (net.minecraft.client.server.IntegratedServer) Saving and pausing game...
[21:40:24] [Render thread/INFO] (net.minecraft.client.renderer.DynamicGpuDataStorageMapped) Resizing Chunk Sections Command Buffer, capacity limit of 64 reached during a single frame. New capacity will be 128.
[21:40:24] [Render thread/INFO] (net.minecraft.client.renderer.DynamicGpuDataStorageNonMapped) Resizing Chunk Sections Instanced, capacity limit of 32 reached during a single frame. New capacity will be 64.
[21:40:24] [Server thread/INFO] (net.minecraft.server.MinecraftServer) Saving chunks for level 'ServerLevel[Новий світ]'/minecraft:overworld
[21:40:24] [Server thread/INFO] (net.minecraft.server.MinecraftServer) Saving chunks for level 'ServerLevel[Новий світ]'/minecraft:the_nether
[21:40:24] [Server thread/INFO] (net.minecraft.server.MinecraftServer) Saving chunks for level 'ServerLevel[Новий світ]'/minecraft:the_end
[21:40:24] [Render thread/INFO] (net.minecraft.client.renderer.DynamicGpuDataStorageMapped) Resizing Chunk Sections Command Buffer, capacity limit of 128 reached during a single frame. New capacity will be 256.
[21:40:24] [Render thread/INFO] (net.minecraft.client.renderer.DynamicGpuDataStorageNonMapped) Resizing Chunk Sections Instanced, capacity limit of 64 reached during a single frame. New capacity will be 128.
[21:42:10] [Render thread/DEBUG] (com.mojang.blaze3d.systems.RenderSystem) Growing IndexBuffer: Old limit 0, new limit 144.
[21:42:10] [Render thread/INFO] (net.minecraft.client.renderer.DynamicGpuDataStorageMapped) Resizing Chunk Sections Command Buffer, capacity limit of 256 reached during a single frame. New capacity will be 512.
[21:42:10] [Render thread/INFO] (net.minecraft.client.renderer.DynamicGpuDataStorageNonMapped) Resizing Chunk Sections Instanced, capacity limit of 128 reached during a single frame. New capacity will be 256.
[21:42:11] [Server thread/INFO] (net.minecraft.client.server.IntegratedServer) Saving and pausing game...
[21:42:11] [Server thread/INFO] (net.minecraft.server.MinecraftServer) Saving chunks for level 'ServerLevel[Новий світ]'/minecraft:overworld
[21:42:11] [Server thread/INFO] (net.minecraft.server.MinecraftServer) Saving chunks for level 'ServerLevel[Новий світ]'/minecraft:the_nether
[21:42:11] [Server thread/INFO] (net.minecraft.server.MinecraftServer) Saving chunks for level 'ServerLevel[Новий світ]'/minecraft:the_end
[21:42:12] [Server thread/INFO] (net.minecraft.server.network.ServerGamePacketListenerImpl) Player570 lost connection: Від’єднано
[21:42:12] [Server thread/INFO] (net.minecraft.server.MinecraftServer) System chat: Player570 покинув гру
[21:42:12] [Server thread/INFO] (net.minecraft.server.network.ServerCommonPacketListenerImpl) Stopping singleplayer server as player logged out
[21:42:12] [Server thread/INFO] (net.minecraft.server.MinecraftServer) Stopping server
[21:42:12] [Server thread/INFO] (net.minecraft.server.MinecraftServer) Saving players
[21:42:12] [Server thread/INFO] (net.minecraft.server.MinecraftServer) Saving worlds
[21:42:12] [Server thread/INFO] (net.minecraft.server.MinecraftServer) Saving chunks for level 'ServerLevel[Новий світ]'/minecraft:overworld
[21:42:12] [Server thread/INFO] (net.minecraft.server.MinecraftServer) Saving chunks for level 'ServerLevel[Новий світ]'/minecraft:the_nether
[21:42:12] [Server thread/INFO] (net.minecraft.server.MinecraftServer) Saving chunks for level 'ServerLevel[Новий світ]'/minecraft:the_end
[21:42:14] [Render thread/INFO] (net.minecraft.client.Minecraft) Stopping!
